sku_id,product_name,category,week_start,units_sold,weekly_revenue,order_count
SKU-001,Pro Active Noise-Cancelling Headphones,Consumer Electronics,2023-01-02,87,24359.13,4
SKU-001,Pro Active Noise-Cancelling Headphones,Consumer Electronics,2023-01-09,77,21559.23,3
SKU-001,Pro Active Noise-Cancelling Headphones,Consumer Electronics,2023-01-16,102,28558.98,3
SKU-001,Pro Active Noise-Cancelling Headphones,Consumer Electronics,2023-01-23,91,25479.09,4
SKU-001,Pro Active Noise-Cancelling Headphones,Consumer Electronics,2023-01-30,103,28838.97,5
SKU-001,Pro Active Noise-Cancelling Headphones,Consumer Electronics,2023-02-06,91,25479.09,5
SKU-001,Pro Active Noise-Cancelling Headphones,Consumer Electronics,2023-02-13,101,28278.99,5
SKU-001,Pro Active Noise-Cancelling Headphones,Consumer Electronics,2023-02-20,82,22959.18,4
SKU-001,Pro Active Noise-Cancelling Headphones,Consumer Electronics,2023-02-27,112,31358.88,4
SKU-001,Pro Active Noise-Cancelling Headphones,Consumer Electronics,2023-03-06,97,27159.03,4
SKU-001,Pro Active Noise-Cancelling Headphones,Consumer Electronics,2023-03-13,84,23519.16,5
SKU-001,Pro Active Noise-Cancelling Headphones,Consumer Electronics,2023-03-20,112,31358.88,3
SKU-001,Pro Active Noise-Cancelling Headphones,Consumer Electronics,2023-03-27,101,28278.989999999998,3
SKU-001,Pro Active Noise-Cancelling Headphones,Consumer Electronics,2023-04-03,99,27719.01,3
SKU-001,Pro Active Noise-Cancelling Headphones,Consumer Electronics,2023-04-10,97,27159.03,4
SKU-001,Pro Active Noise-Cancelling Headphones,Consumer Electronics,2023-04-17,80,22399.2,4
SKU-001,Pro Active Noise-Cancelling Headphones,Consumer Electronics,2023-04-24,94,26319.06,4
SKU-001,Pro Active Noise-Cancelling Headphones,Consumer Electronics,2023-05-01,103,28838.97,4
SKU-001,Pro Active Noise-Cancelling Headphones,Consumer Electronics,2023-05-08,126,35278.74,5
SKU-001,Pro Active Noise-Cancelling Headphones,Consumer Electronics,2023-05-15,93,26039.07,3
SKU-001,Pro Active Noise-Cancelling Headphones,Consumer Electronics,2023-05-22,119,33318.81,5
SKU-001,Pro Active Noise-Cancelling Headphones,Consumer Electronics,2023-05-29,95,26599.050000000003,3
SKU-001,Pro Active Noise-Cancelling Headphones,Consumer Electronics,2023-06-05,98,27439.02,5
SKU-001,Pro Active Noise-Cancelling Headphones,Consumer Electronics,2023-06-12,99,27719.010000000002,5
SKU-001,Pro Active Noise-Cancelling Headphones,Consumer Electronics,2023-06-19,98,27439.02,3
SKU-001,Pro Active Noise-Cancelling Headphones,Consumer Electronics,2023-06-26,79,22119.21,5
SKU-001,Pro Active Noise-Cancelling Headphones,Consumer Electronics,2023-07-03,91,25479.09,5
SKU-001,Pro Active Noise-Cancelling Headphones,Consumer Electronics,2023-07-10,86,24079.14,5
SKU-001,Pro Active Noise-Cancelling Headphones,Consumer Electronics,2023-07-17,86,24079.14,4
SKU-001,Pro Active Noise-Cancelling Headphones,Consumer Electronics,2023-07-24,89,24919.11,3
SKU-001,Pro Active Noise-Cancelling Headphones,Consumer Electronics,2023-07-31,97,27159.03,3
SKU-001,Pro Active Noise-Cancelling Headphones,Consumer Electronics,2023-08-07,101,28278.99,3
SKU-001,Pro Active Noise-Cancelling Headphones,Consumer Electronics,2023-08-14,108,30238.920000000002,5
SKU-001,Pro Active Noise-Cancelling Headphones,Consumer Electronics,2023-08-21,109,30518.91,3
SKU-001,Pro Active Noise-Cancelling Headphones,Consumer Electronics,2023-08-28,100,27999.0,3
SKU-001,Pro Active Noise-Cancelling Headphones,Consumer Electronics,2023-09-04,126,35278.74,3
SKU-001,Pro Active Noise-Cancelling Headphones,Consumer Electronics,2023-09-11,116,32478.840000000004,3
SKU-001,Pro Active Noise-Cancelling Headphones,Consumer Electronics,2023-09-18,89,24919.11,4
SKU-001,Pro Active Noise-Cancelling Headphones,Consumer Electronics,2023-09-25,99,27719.010000000002,4
SKU-001,Pro Active Noise-Cancelling Headphones,Consumer Electronics,2023-10-02,98,27439.02,4
SKU-001,Pro Active Noise-Cancelling Headphones,Consumer Electronics,2023-10-09,119,33318.81,4
SKU-001,Pro Active Noise-Cancelling Headphones,Consumer Electronics,2023-10-16,110,30798.9,3
SKU-001,Pro Active Noise-Cancelling Headphones,Consumer Electronics,2023-10-23,99,27719.01,3
SKU-001,Pro Active Noise-Cancelling Headphones,Consumer Electronics,2023-10-30,128,35838.72,4
SKU-001,Pro Active Noise-Cancelling Headphones,Consumer Electronics,2023-11-06,179,50118.21,4
SKU-001,Pro Active Noise-Cancelling Headphones,Consumer Electronics,2023-11-13,197,55158.03,5
SKU-001,Pro Active Noise-Cancelling Headphones,Consumer Electronics,2023-11-20,190,53198.1,5
SKU-001,Pro Active Noise-Cancelling Headphones,Consumer Electronics,2023-11-27,184,51518.16,5
SKU-001,Pro Active Noise-Cancelling Headphones,Consumer Electronics,2023-12-04,197,55158.03,3
SKU-001,Pro Active Noise-Cancelling Headphones,Consumer Electronics,2023-12-11,188,52638.12,5
SKU-001,Pro Active Noise-Cancelling Headphones,Consumer Electronics,2023-12-18,160,44798.4,5
SKU-001,Pro Active Noise-Cancelling Headphones,Consumer Electronics,2023-12-25,175,48998.25,3
SKU-001,Pro Active Noise-Cancelling Headphones,Consumer Electronics,2024-01-01,105,29398.95,5
SKU-001,Pro Active Noise-Cancelling Headphones,Consumer Electronics,2024-01-08,112,31358.879999999997,5
SKU-001,Pro Active Noise-Cancelling Headphones,Consumer Electronics,2024-01-15,103,28838.97,5
SKU-001,Pro Active Noise-Cancelling Headphones,Consumer Electronics,2024-01-22,92,25759.08,3
SKU-001,Pro Active Noise-Cancelling Headphones,Consumer Electronics,2024-01-29,90,25199.1,3
SKU-001,Pro Active Noise-Cancelling Headphones,Consumer Electronics,2024-02-05,102,28558.98,4
SKU-001,Pro Active Noise-Cancelling Headphones,Consumer Electronics,2024-02-12,113,31638.870000000003,4
SKU-001,Pro Active Noise-Cancelling Headphones,Consumer Electronics,2024-02-19,87,24359.13,3
SKU-001,Pro Active Noise-Cancelling Headphones,Consumer Electronics,2024-02-26,94,26319.06,3
SKU-001,Pro Active Noise-Cancelling Headphones,Consumer Electronics,2024-03-04,113,31638.87,4
SKU-001,Pro Active Noise-Cancelling Headphones,Consumer Electronics,2024-03-11,137,38358.63,4
SKU-001,Pro Active Noise-Cancelling Headphones,Consumer Electronics,2024-03-18,98,27439.02,4
SKU-001,Pro Active Noise-Cancelling Headphones,Consumer Electronics,2024-03-25,118,33038.82,4
SKU-001,Pro Active Noise-Cancelling Headphones,Consumer Electronics,2024-04-01,81,22679.190000000002,4
SKU-001,Pro Active Noise-Cancelling Headphones,Consumer Electronics,2024-04-08,98,27439.02,5
SKU-001,Pro Active Noise-Cancelling Headphones,Consumer Electronics,2024-04-15,96,26879.04,5
SKU-001,Pro Active Noise-Cancelling Headphones,Consumer Electronics,2024-04-22,111,31078.89,4
SKU-001,Pro Active Noise-Cancelling Headphones,Consumer Electronics,2024-04-29,113,31638.870000000003,5
SKU-001,Pro Active Noise-Cancelling Headphones,Consumer Electronics,2024-05-06,100,27999.0,5
SKU-001,Pro Active Noise-Cancelling Headphones,Consumer Electronics,2024-05-13,117,32758.83,3
SKU-001,Pro Active Noise-Cancelling Headphones,Consumer Electronics,2024-05-20,71,19879.29,5
SKU-001,Pro Active Noise-Cancelling Headphones,Consumer Electronics,2024-05-27,127,35558.729999999996,5
SKU-001,Pro Active Noise-Cancelling Headphones,Consumer Electronics,2024-06-03,89,24919.11,5
SKU-001,Pro Active Noise-Cancelling Headphones,Consumer Electronics,2024-06-10,111,31078.89,3
SKU-001,Pro Active Noise-Cancelling Headphones,Consumer Electronics,2024-06-17,130,36398.7,3
SKU-001,Pro Active Noise-Cancelling Headphones,Consumer Electronics,2024-06-24,115,32198.850000000002,4
SKU-001,Pro Active Noise-Cancelling Headphones,Consumer Electronics,2024-07-01,109,30518.91,3
SKU-001,Pro Active Noise-Cancelling Headphones,Consumer Electronics,2024-07-08,119,33318.81,5
SKU-001,Pro Active Noise-Cancelling Headphones,Consumer Electronics,2024-07-15,109,30518.91,3
SKU-001,Pro Active Noise-Cancelling Headphones,Consumer Electronics,2024-07-22,115,32198.850000000002,5
SKU-001,Pro Active Noise-Cancelling Headphones,Consumer Electronics,2024-07-29,117,32758.83,5
SKU-001,Pro Active Noise-Cancelling Headphones,Consumer Electronics,2024-08-05,111,31078.89,5
SKU-001,Pro Active Noise-Cancelling Headphones,Consumer Electronics,2024-08-12,97,27159.030000000002,3
SKU-001,Pro Active Noise-Cancelling Headphones,Consumer Electronics,2024-08-19,108,30238.92,3
SKU-001,Pro Active Noise-Cancelling Headphones,Consumer Electronics,2024-08-26,114,31918.86,5
SKU-001,Pro Active Noise-Cancelling Headphones,Consumer Electronics,2024-09-02,115,32198.85,4
SKU-001,Pro Active Noise-Cancelling Headphones,Consumer Electronics,2024-09-09,139,38918.61,5
SKU-001,Pro Active Noise-Cancelling Headphones,Consumer Electronics,2024-09-16,103,28838.97,5
SKU-001,Pro Active Noise-Cancelling Headphones,Consumer Electronics,2024-09-23,116,32478.839999999997,3
SKU-001,Pro Active Noise-Cancelling Headphones,Consumer Electronics,2024-09-30,113,31638.870000000003,4
SKU-001,Pro Active Noise-Cancelling Headphones,Consumer Electronics,2024-10-07,104,29118.96,4
SKU-001,Pro Active Noise-Cancelling Headphones,Consumer Electronics,2024-10-14,120,33598.8,5
SKU-001,Pro Active Noise-Cancelling Headphones,Consumer Electronics,2024-10-21,108,30238.920000000002,5
SKU-001,Pro Active Noise-Cancelling Headphones,Consumer Electronics,2024-10-28,132,36958.68,4
SKU-001,Pro Active Noise-Cancelling Headphones,Consumer Electronics,2024-11-04,189,52918.11,5
SKU-001,Pro Active Noise-Cancelling Headphones,Consumer Electronics,2024-11-11,228,63837.72,3
SKU-001,Pro Active Noise-Cancelling Headphones,Consumer Electronics,2024-11-18,194,54318.06,3
SKU-001,Pro Active Noise-Cancelling Headphones,Consumer Electronics,2024-11-25,202,56557.98,4
SKU-001,Pro Active Noise-Cancelling Headphones,Consumer Electronics,2024-12-02,198,55438.020000000004,3
SKU-001,Pro Active Noise-Cancelling Headphones,Consumer Electronics,2024-12-09,202,56557.98,4
SKU-001,Pro Active Noise-Cancelling Headphones,Consumer Electronics,2024-12-16,174,48718.26,4
SKU-001,Pro Active Noise-Cancelling Headphones,Consumer Electronics,2024-12-23,189,52918.11,5
SKU-002,Smart Fitness GPS Watch Ultra,Consumer Electronics,2023-01-02,116,40598.84,5
SKU-002,Smart Fitness GPS Watch Ultra,Consumer Electronics,2023-01-09,133,46548.67,5
SKU-002,Smart Fitness GPS Watch Ultra,Consumer Electronics,2023-01-16,84,29399.16,5
SKU-002,Smart Fitness GPS Watch Ultra,Consumer Electronics,2023-01-23,123,43048.770000000004,3
SKU-002,Smart Fitness GPS Watch Ultra,Consumer Electronics,2023-01-30,131,45848.69,5
SKU-002,Smart Fitness GPS Watch Ultra,Consumer Electronics,2023-02-06,140,48998.6,5
SKU-002,Smart Fitness GPS Watch Ultra,Consumer Electronics,2023-02-13,147,51448.53,3
SKU-002,Smart Fitness GPS Watch Ultra,Consumer Electronics,2023-02-20,131,45848.69,4
SKU-002,Smart Fitness GPS Watch Ultra,Consumer Electronics,2023-02-27,113,39548.869999999995,3
SKU-002,Smart Fitness GPS Watch Ultra,Consumer Electronics,2023-03-06,61,21349.39,5
SKU-002,Smart Fitness GPS Watch Ultra,Consumer Electronics,2023-03-13,82,28699.18,3
SKU-002,Smart Fitness GPS Watch Ultra,Consumer Electronics,2023-03-20,51,17849.489999999998,4
SKU-002,Smart Fitness GPS Watch Ultra,Consumer Electronics,2023-03-27,69,24149.309999999998,3
SKU-002,Smart Fitness GPS Watch Ultra,Consumer Electronics,2023-04-03,67,23449.33,3
SKU-002,Smart Fitness GPS Watch Ultra,Consumer Electronics,2023-04-10,84,29399.16,3
SKU-002,Smart Fitness GPS Watch Ultra,Consumer Electronics,2023-04-17,74,25899.26,5
SKU-002,Smart Fitness GPS Watch Ultra,Consumer Electronics,2023-04-24,86,30099.14,5
SKU-002,Smart Fitness GPS Watch Ultra,Consumer Electronics,2023-05-01,69,24149.309999999998,3
SKU-002,Smart Fitness GPS Watch Ultra,Consumer Electronics,2023-05-08,70,24499.3,4
SKU-002,Smart Fitness GPS Watch Ultra,Consumer Electronics,2023-05-15,82,28699.18,4
SKU-002,Smart Fitness GPS Watch Ultra,Consumer Electronics,2023-05-22,60,20999.4,4
SKU-002,Smart Fitness GPS Watch Ultra,Consumer Electronics,2023-05-29,74,25899.260000000002,5
SKU-002,Smart Fitness GPS Watch Ultra,Consumer Electronics,2023-06-05,67,23449.329999999998,4
SKU-002,Smart Fitness GPS Watch Ultra,Consumer Electronics,2023-06-12,75,26249.25,5
SKU-002,Smart Fitness GPS Watch Ultra,Consumer Electronics,2023-06-19,62,21699.38,5
SKU-002,Smart Fitness GPS Watch Ultra,Consumer Electronics,2023-06-26,85,29749.15,5
SKU-002,Smart Fitness GPS Watch Ultra,Consumer Electronics,2023-07-03,86,30099.14,4
SKU-002,Smart Fitness GPS Watch Ultra,Consumer Electronics,2023-07-10,73,25549.27,4
SKU-002,Smart Fitness GPS Watch Ultra,Consumer Electronics,2023-07-17,55,19249.45,3
SKU-002,Smart Fitness GPS Watch Ultra,Consumer Electronics,2023-07-24,92,32199.08,5
SKU-002,Smart Fitness GPS Watch Ultra,Consumer Electronics,2023-07-31,86,30099.14,5
SKU-002,Smart Fitness GPS Watch Ultra,Consumer Electronics,2023-08-07,83,29049.170000000002,5
SKU-002,Smart Fitness GPS Watch Ultra,Consumer Electronics,2023-08-14,71,24849.29,5
SKU-002,Smart Fitness GPS Watch Ultra,Consumer Electronics,2023-08-21,81,28349.19,4
SKU-002,Smart Fitness GPS Watch Ultra,Consumer Electronics,2023-08-28,104,36398.96,5
SKU-002,Smart Fitness GPS Watch Ultra,Consumer Electronics,2023-09-04,72,25199.28,3
SKU-002,Smart Fitness GPS Watch Ultra,Consumer Electronics,2023-09-11,78,27299.22,3
SKU-002,Smart Fitness GPS Watch Ultra,Consumer Electronics,2023-09-18,82,28699.18,3
SKU-002,Smart Fitness GPS Watch Ultra,Consumer Electronics,2023-09-25,75,26249.25,3
SKU-002,Smart Fitness GPS Watch Ultra,Consumer Electronics,2023-10-02,79,27649.21,3
SKU-002,Smart Fitness GPS Watch Ultra,Consumer Electronics,2023-10-09,89,31149.11,4
SKU-002,Smart Fitness GPS Watch Ultra,Consumer Electronics,2023-10-16,56,19599.440000000002,3
SKU-002,Smart Fitness GPS Watch Ultra,Consumer Electronics,2023-10-23,69,24149.309999999998,4
SKU-002,Smart Fitness GPS Watch Ultra,Consumer Electronics,2023-10-30,81,28349.19,5
SKU-002,Smart Fitness GPS Watch Ultra,Consumer Electronics,2023-11-06,112,39198.88,3
SKU-002,Smart Fitness GPS Watch Ultra,Consumer Electronics,2023-11-13,113,39548.87,3
SKU-002,Smart Fitness GPS Watch Ultra,Consumer Electronics,2023-11-20,96,33599.04,5
SKU-002,Smart Fitness GPS Watch Ultra,Consumer Electronics,2023-11-27,120,41998.799999999996,3
SKU-002,Smart Fitness GPS Watch Ultra,Consumer Electronics,2023-12-04,128,44798.72,5
SKU-002,Smart Fitness GPS Watch Ultra,Consumer Electronics,2023-12-11,117,40948.83,3
SKU-002,Smart Fitness GPS Watch Ultra,Consumer Electronics,2023-12-18,115,40248.85,4
SKU-002,Smart Fitness GPS Watch Ultra,Consumer Electronics,2023-12-25,117,40948.83,4
SKU-002,Smart Fitness GPS Watch Ultra,Consumer Electronics,2024-01-01,157,54948.43,4
SKU-002,Smart Fitness GPS Watch Ultra,Consumer Electronics,2024-01-08,131,45848.69,3
SKU-002,Smart Fitness GPS Watch Ultra,Consumer Electronics,2024-01-15,127,44448.73,5
SKU-002,Smart Fitness GPS Watch Ultra,Consumer Electronics,2024-01-22,124,43398.76,3
SKU-002,Smart Fitness GPS Watch Ultra,Consumer Electronics,2024-01-29,136,47598.64,5
SKU-002,Smart Fitness GPS Watch Ultra,Consumer Electronics,2024-02-05,138,48298.619999999995,3
SKU-002,Smart Fitness GPS Watch Ultra,Consumer Electronics,2024-02-12,117,40948.83,3
SKU-002,Smart Fitness GPS Watch Ultra,Consumer Electronics,2024-02-19,116,40598.84,4
SKU-002,Smart Fitness GPS Watch Ultra,Consumer Electronics,2024-02-26,134,46898.66,3
SKU-002,Smart Fitness GPS Watch Ultra,Consumer Electronics,2024-03-04,71,24849.29,3
SKU-002,Smart Fitness GPS Watch Ultra,Consumer Electronics,2024-03-11,81,28349.190000000002,5
SKU-002,Smart Fitness GPS Watch Ultra,Consumer Electronics,2024-03-18,88,30799.12,5
SKU-002,Smart Fitness GPS Watch Ultra,Consumer Electronics,2024-03-25,81,28349.190000000002,4
SKU-002,Smart Fitness GPS Watch Ultra,Consumer Electronics,2024-04-01,86,30099.14,5
SKU-002,Smart Fitness GPS Watch Ultra,Consumer Electronics,2024-04-08,77,26949.23,3
SKU-002,Smart Fitness GPS Watch Ultra,Consumer Electronics,2024-04-15,96,33599.04,5
SKU-002,Smart Fitness GPS Watch Ultra,Consumer Electronics,2024-04-22,83,29049.170000000002,3
SKU-002,Smart Fitness GPS Watch Ultra,Consumer Electronics,2024-04-29,90,31499.1,3
SKU-002,Smart Fitness GPS Watch Ultra,Consumer Electronics,2024-05-06,69,24149.31,5
SKU-002,Smart Fitness GPS Watch Ultra,Consumer Electronics,2024-05-13,78,27299.22,4
SKU-002,Smart Fitness GPS Watch Ultra,Consumer Electronics,2024-05-20,92,32199.08,5
SKU-002,Smart Fitness GPS Watch Ultra,Consumer Electronics,2024-05-27,84,29399.16,3
SKU-002,Smart Fitness GPS Watch Ultra,Consumer Electronics,2024-06-03,78,27299.22,3
SKU-002,Smart Fitness GPS Watch Ultra,Consumer Electronics,2024-06-10,88,30799.12,4
SKU-002,Smart Fitness GPS Watch Ultra,Consumer Electronics,2024-06-17,73,25549.27,5
SKU-002,Smart Fitness GPS Watch Ultra,Consumer Electronics,2024-06-24,77,26949.23,3
SKU-002,Smart Fitness GPS Watch Ultra,Consumer Electronics,2024-07-01,86,30099.14,3
SKU-002,Smart Fitness GPS Watch Ultra,Consumer Electronics,2024-07-08,84,29399.16,3
SKU-002,Smart Fitness GPS Watch Ultra,Consumer Electronics,2024-07-15,73,25549.27,5
SKU-002,Smart Fitness GPS Watch Ultra,Consumer Electronics,2024-07-22,91,31849.09,4
SKU-002,Smart Fitness GPS Watch Ultra,Consumer Electronics,2024-07-29,64,22399.36,3
SKU-002,Smart Fitness GPS Watch Ultra,Consumer Electronics,2024-08-05,89,31149.11,5
SKU-002,Smart Fitness GPS Watch Ultra,Consumer Electronics,2024-08-12,81,28349.190000000002,3
SKU-002,Smart Fitness GPS Watch Ultra,Consumer Electronics,2024-08-19,84,29399.16,3
SKU-002,Smart Fitness GPS Watch Ultra,Consumer Electronics,2024-08-26,74,25899.26,4
SKU-002,Smart Fitness GPS Watch Ultra,Consumer Electronics,2024-09-02,86,30099.14,4
SKU-002,Smart Fitness GPS Watch Ultra,Consumer Electronics,2024-09-09,81,28349.190000000002,4
SKU-002,Smart Fitness GPS Watch Ultra,Consumer Electronics,2024-09-16,72,25199.28,4
SKU-002,Smart Fitness GPS Watch Ultra,Consumer Electronics,2024-09-23,78,27299.22,3
SKU-002,Smart Fitness GPS Watch Ultra,Consumer Electronics,2024-09-30,85,29749.15,3
SKU-002,Smart Fitness GPS Watch Ultra,Consumer Electronics,2024-10-07,102,35698.979999999996,5
SKU-002,Smart Fitness GPS Watch Ultra,Consumer Electronics,2024-10-14,94,32899.06,3
SKU-002,Smart Fitness GPS Watch Ultra,Consumer Electronics,2024-10-21,97,33949.03,5
SKU-002,Smart Fitness GPS Watch Ultra,Consumer Electronics,2024-10-28,89,31149.11,4
SKU-002,Smart Fitness GPS Watch Ultra,Consumer Electronics,2024-11-04,122,42698.78,4
SKU-002,Smart Fitness GPS Watch Ultra,Consumer Electronics,2024-11-11,123,43048.770000000004,3
SKU-002,Smart Fitness GPS Watch Ultra,Consumer Electronics,2024-11-18,131,45848.69,5
SKU-002,Smart Fitness GPS Watch Ultra,Consumer Electronics,2024-11-25,136,47598.64,4
SKU-002,Smart Fitness GPS Watch Ultra,Consumer Electronics,2024-12-02,103,36048.97,3
SKU-002,Smart Fitness GPS Watch Ultra,Consumer Electronics,2024-12-09,90,31499.1,4
SKU-002,Smart Fitness GPS Watch Ultra,Consumer Electronics,2024-12-16,112,39198.88,3
SKU-002,Smart Fitness GPS Watch Ultra,Consumer Electronics,2024-12-23,143,50048.57,4
SKU-003,Executive Ergonomic High-Back Chair,Office & Productivity,2023-01-02,75,29175,3
SKU-003,Executive Ergonomic High-Back Chair,Office & Productivity,2023-01-09,76,29564,4
SKU-003,Executive Ergonomic High-Back Chair,Office & Productivity,2023-01-16,84,32676,5
SKU-003,Executive Ergonomic High-Back Chair,Office & Productivity,2023-01-23,86,33454,4
SKU-003,Executive Ergonomic High-Back Chair,Office & Productivity,2023-01-30,84,32676,5
SKU-003,Executive Ergonomic High-Back Chair,Office & Productivity,2023-02-06,71,27619,3
SKU-003,Executive Ergonomic High-Back Chair,Office & Productivity,2023-02-13,60,23340,5
SKU-003,Executive Ergonomic High-Back Chair,Office & Productivity,2023-02-20,81,31509,5
SKU-003,Executive Ergonomic High-Back Chair,Office & Productivity,2023-02-27,66,25674,4
SKU-003,Executive Ergonomic High-Back Chair,Office & Productivity,2023-03-06,52,20228,4
SKU-003,Executive Ergonomic High-Back Chair,Office & Productivity,2023-03-13,55,21395,4
SKU-003,Executive Ergonomic High-Back Chair,Office & Productivity,2023-03-20,65,25285,5
SKU-003,Executive Ergonomic High-Back Chair,Office & Productivity,2023-03-27,46,17894,3
SKU-003,Executive Ergonomic High-Back Chair,Office & Productivity,2023-04-03,64,24896,4
SKU-003,Executive Ergonomic High-Back Chair,Office & Productivity,2023-04-10,67,26063,3
SKU-003,Executive Ergonomic High-Back Chair,Office & Productivity,2023-04-17,60,23340,3
SKU-003,Executive Ergonomic High-Back Chair,Office & Productivity,2023-04-24,67,26063,4
SKU-003,Executive Ergonomic High-Back Chair,Office & Productivity,2023-05-01,78,30342,3
SKU-003,Executive Ergonomic High-Back Chair,Office & Productivity,2023-05-08,56,21784,3
SKU-003,Executive Ergonomic High-Back Chair,Office & Productivity,2023-05-15,55,21395,4
SKU-003,Executive Ergonomic High-Back Chair,Office & Productivity,2023-05-22,61,23729,5
SKU-003,Executive Ergonomic High-Back Chair,Office & Productivity,2023-05-29,84,32676,3
SKU-003,Executive Ergonomic High-Back Chair,Office & Productivity,2023-06-05,71,27619,3
SKU-003,Executive Ergonomic High-Back Chair,Office & Productivity,2023-06-12,76,29564,4
SKU-003,Executive Ergonomic High-Back Chair,Office & Productivity,2023-06-19,57,22173,5
SKU-003,Executive Ergonomic High-Back Chair,Office & Productivity,2023-06-26,65,25285,5
SKU-003,Executive Ergonomic High-Back Chair,Office & Productivity,2023-07-03,71,27619,3
SKU-003,Executive Ergonomic High-Back Chair,Office & Productivity,2023-07-10,71,27619,3
SKU-003,Executive Ergonomic High-Back Chair,Office & Productivity,2023-07-17,79,30731,3
SKU-003,Executive Ergonomic High-Back Chair,Office & Productivity,2023-07-24,58,22562,4
SKU-003,Executive Ergonomic High-Back Chair,Office & Productivity,2023-07-31,78,30342,4
SKU-003,Executive Ergonomic High-Back Chair,Office & Productivity,2023-08-07,70,27230,4
SKU-003,Executive Ergonomic High-Back Chair,Office & Productivity,2023-08-14,80,31120,3
SKU-003,Executive Ergonomic High-Back Chair,Office & Productivity,2023-08-21,92,35788,5
SKU-003,Executive Ergonomic High-Back Chair,Office & Productivity,2023-08-28,107,41623,4
SKU-003,Executive Ergonomic High-Back Chair,Office & Productivity,2023-09-04,87,33843,3
SKU-003,Executive Ergonomic High-Back Chair,Office & Productivity,2023-09-11,116,45124,5
SKU-003,Executive Ergonomic High-Back Chair,Office & Productivity,2023-09-18,96,37344,4
SKU-003,Executive Ergonomic High-Back Chair,Office & Productivity,2023-09-25,101,39289,3
SKU-003,Executive Ergonomic High-Back Chair,Office & Productivity,2023-10-02,49,19061,5
SKU-003,Executive Ergonomic High-Back Chair,Office & Productivity,2023-10-09,76,29564,5
SKU-003,Executive Ergonomic High-Back Chair,Office & Productivity,2023-10-16,65,25285,4
SKU-003,Executive Ergonomic High-Back Chair,Office & Productivity,2023-10-23,67,26063,4
SKU-003,Executive Ergonomic High-Back Chair,Office & Productivity,2023-10-30,71,27619,4
SKU-003,Executive Ergonomic High-Back Chair,Office & Productivity,2023-11-06,58,22562,5
SKU-003,Executive Ergonomic High-Back Chair,Office & Productivity,2023-11-13,62,24118,3
SKU-003,Executive Ergonomic High-Back Chair,Office & Productivity,2023-11-20,65,25285,4
SKU-003,Executive Ergonomic High-Back Chair,Office & Productivity,2023-11-27,47,18283,3
SKU-003,Executive Ergonomic High-Back Chair,Office & Productivity,2023-12-04,62,24118,5
SKU-003,Executive Ergonomic High-Back Chair,Office & Productivity,2023-12-11,64,24896,4
SKU-003,Executive Ergonomic High-Back Chair,Office & Productivity,2023-12-18,67,26063,5
SKU-003,Executive Ergonomic High-Back Chair,Office & Productivity,2023-12-25,72,28008,5
SKU-003,Executive Ergonomic High-Back Chair,Office & Productivity,2024-01-01,99,38511,5
SKU-003,Executive Ergonomic High-Back Chair,Office & Productivity,2024-01-08,115,44735,5
SKU-003,Executive Ergonomic High-Back Chair,Office & Productivity,2024-01-15,95,36955,3
SKU-003,Executive Ergonomic High-Back Chair,Office & Productivity,2024-01-22,103,40067,5
SKU-003,Executive Ergonomic High-Back Chair,Office & Productivity,2024-01-29,91,35399,3
SKU-003,Executive Ergonomic High-Back Chair,Office & Productivity,2024-02-05,53,20617,4
SKU-003,Executive Ergonomic High-Back Chair,Office & Productivity,2024-02-12,81,31509,4
SKU-003,Executive Ergonomic High-Back Chair,Office & Productivity,2024-02-19,61,23729,3
SKU-003,Executive Ergonomic High-Back Chair,Office & Productivity,2024-02-26,56,21784,3
SKU-003,Executive Ergonomic High-Back Chair,Office & Productivity,2024-03-04,79,30731,3
SKU-003,Executive Ergonomic High-Back Chair,Office & Productivity,2024-03-11,54,21006,5
SKU-003,Executive Ergonomic High-Back Chair,Office & Productivity,2024-03-18,62,24118,3
SKU-003,Executive Ergonomic High-Back Chair,Office & Productivity,2024-03-25,63,24507,3
SKU-003,Executive Ergonomic High-Back Chair,Office & Productivity,2024-04-01,58,22562,4
SKU-003,Executive Ergonomic High-Back Chair,Office & Productivity,2024-04-08,64,24896,3
SKU-003,Executive Ergonomic High-Back Chair,Office & Productivity,2024-04-15,71,27619,5
SKU-003,Executive Ergonomic High-Back Chair,Office & Productivity,2024-04-22,78,30342,3
SKU-003,Executive Ergonomic High-Back Chair,Office & Productivity,2024-04-29,79,30731,3
SKU-003,Executive Ergonomic High-Back Chair,Office & Productivity,2024-05-06,74,28786,3
SKU-003,Executive Ergonomic High-Back Chair,Office & Productivity,2024-05-13,68,26452,5
SKU-003,Executive Ergonomic High-Back Chair,Office & Productivity,2024-05-20,73,28397,4
SKU-003,Executive Ergonomic High-Back Chair,Office & Productivity,2024-05-27,74,28786,5
SKU-003,Executive Ergonomic High-Back Chair,Office & Productivity,2024-06-03,50,19450,3
SKU-003,Executive Ergonomic High-Back Chair,Office & Productivity,2024-06-10,63,24507,3
SKU-003,Executive Ergonomic High-Back Chair,Office & Productivity,2024-06-17,55,21395,5
SKU-003,Executive Ergonomic High-Back Chair,Office & Productivity,2024-06-24,56,21784,5
SKU-003,Executive Ergonomic High-Back Chair,Office & Productivity,2024-07-01,60,23340,5
SKU-003,Executive Ergonomic High-Back Chair,Office & Productivity,2024-07-08,67,26063,5
SKU-003,Executive Ergonomic High-Back Chair,Office & Productivity,2024-07-15,70,27230,4
SKU-003,Executive Ergonomic High-Back Chair,Office & Productivity,2024-07-22,74,28786,5
SKU-003,Executive Ergonomic High-Back Chair,Office & Productivity,2024-07-29,56,21784,3
SKU-003,Executive Ergonomic High-Back Chair,Office & Productivity,2024-08-05,71,27619,5
SKU-003,Executive Ergonomic High-Back Chair,Office & Productivity,2024-08-12,84,32676,5
SKU-003,Executive Ergonomic High-Back Chair,Office & Productivity,2024-08-19,100,38900,5
SKU-003,Executive Ergonomic High-Back Chair,Office & Productivity,2024-08-26,110,42790,3
SKU-003,Executive Ergonomic High-Back Chair,Office & Productivity,2024-09-02,104,40456,5
SKU-003,Executive Ergonomic High-Back Chair,Office & Productivity,2024-09-09,90,35010,5
SKU-003,Executive Ergonomic High-Back Chair,Office & Productivity,2024-09-16,90,35010,3
SKU-003,Executive Ergonomic High-Back Chair,Office & Productivity,2024-09-23,87,33843,4
SKU-003,Executive Ergonomic High-Back Chair,Office & Productivity,2024-09-30,94,36566,5
SKU-003,Executive Ergonomic High-Back Chair,Office & Productivity,2024-10-07,70,27230,5
SKU-003,Executive Ergonomic High-Back Chair,Office & Productivity,2024-10-14,89,34621,4
SKU-003,Executive Ergonomic High-Back Chair,Office & Productivity,2024-10-21,72,28008,3
SKU-003,Executive Ergonomic High-Back Chair,Office & Productivity,2024-10-28,59,22951,5
SKU-003,Executive Ergonomic High-Back Chair,Office & Productivity,2024-11-04,72,28008,3
SKU-003,Executive Ergonomic High-Back Chair,Office & Productivity,2024-11-11,85,33065,3
SKU-003,Executive Ergonomic High-Back Chair,Office & Productivity,2024-11-18,74,28786,5
SKU-003,Executive Ergonomic High-Back Chair,Office & Productivity,2024-11-25,63,24507,3
SKU-003,Executive Ergonomic High-Back Chair,Office & Productivity,2024-12-02,56,21784,4
SKU-003,Executive Ergonomic High-Back Chair,Office & Productivity,2024-12-09,73,28397,3
SKU-003,Executive Ergonomic High-Back Chair,Office & Productivity,2024-12-16,79,30731,5
SKU-003,Executive Ergonomic High-Back Chair,Office & Productivity,2024-12-23,79,30731,3
SKU-004,Dual-Motor Electric Standing Desk 60in,Office & Productivity,2023-01-02,64,31936,3
SKU-004,Dual-Motor Electric Standing Desk 60in,Office & Productivity,2023-01-09,69,34431,5
SKU-004,Dual-Motor Electric Standing Desk 60in,Office & Productivity,2023-01-16,64,31936,5
SKU-004,Dual-Motor Electric Standing Desk 60in,Office & Productivity,2023-01-23,76,37924,3
SKU-004,Dual-Motor Electric Standing Desk 60in,Office & Productivity,2023-01-30,71,35429,5
SKU-004,Dual-Motor Electric Standing Desk 60in,Office & Productivity,2023-02-06,49,24451,3
SKU-004,Dual-Motor Electric Standing Desk 60in,Office & Productivity,2023-02-13,56,27944,4
SKU-004,Dual-Motor Electric Standing Desk 60in,Office & Productivity,2023-02-20,48,23952,5
SKU-004,Dual-Motor Electric Standing Desk 60in,Office & Productivity,2023-02-27,36,17964,4
SKU-004,Dual-Motor Electric Standing Desk 60in,Office & Productivity,2023-03-06,50,24950,5
SKU-004,Dual-Motor Electric Standing Desk 60in,Office & Productivity,2023-03-13,43,21457,5
SKU-004,Dual-Motor Electric Standing Desk 60in,Office & Productivity,2023-03-20,41,20459,3
SKU-004,Dual-Motor Electric Standing Desk 60in,Office & Productivity,2023-03-27,44,21956,3
SKU-004,Dual-Motor Electric Standing Desk 60in,Office & Productivity,2023-04-03,58,28942,3
SKU-004,Dual-Motor Electric Standing Desk 60in,Office & Productivity,2023-04-10,66,32934,4
SKU-004,Dual-Motor Electric Standing Desk 60in,Office & Productivity,2023-04-17,44,21956,4
SKU-004,Dual-Motor Electric Standing Desk 60in,Office & Productivity,2023-04-24,53,26447,3
SKU-004,Dual-Motor Electric Standing Desk 60in,Office & Productivity,2023-05-01,42,20958,5
SKU-004,Dual-Motor Electric Standing Desk 60in,Office & Productivity,2023-05-08,62,30938,3
SKU-004,Dual-Motor Electric Standing Desk 60in,Office & Productivity,2023-05-15,58,28942,4
SKU-004,Dual-Motor Electric Standing Desk 60in,Office & Productivity,2023-05-22,37,18463,5
SKU-004,Dual-Motor Electric Standing Desk 60in,Office & Productivity,2023-05-29,63,31437,4
SKU-004,Dual-Motor Electric Standing Desk 60in,Office & Productivity,2023-06-05,53,26447,4
SKU-004,Dual-Motor Electric Standing Desk 60in,Office & Productivity,2023-06-12,61,30439,3
SKU-004,Dual-Motor Electric Standing Desk 60in,Office & Productivity,2023-06-19,58,28942,5
SKU-004,Dual-Motor Electric Standing Desk 60in,Office & Productivity,2023-06-26,48,23952,5
SKU-004,Dual-Motor Electric Standing Desk 60in,Office & Productivity,2023-07-03,56,27944,5
SKU-004,Dual-Motor Electric Standing Desk 60in,Office & Productivity,2023-07-10,35,17465,3
SKU-004,Dual-Motor Electric Standing Desk 60in,Office & Productivity,2023-07-17,59,29441,4
SKU-004,Dual-Motor Electric Standing Desk 60in,Office & Productivity,2023-07-24,61,30439,4
SKU-004,Dual-Motor Electric Standing Desk 60in,Office & Productivity,2023-07-31,52,25948,3
SKU-004,Dual-Motor Electric Standing Desk 60in,Office & Productivity,2023-08-07,50,24950,3
SKU-004,Dual-Motor Electric Standing Desk 60in,Office & Productivity,2023-08-14,61,30439,3
SKU-004,Dual-Motor Electric Standing Desk 60in,Office & Productivity,2023-08-21,54,26946,5
SKU-004,Dual-Motor Electric Standing Desk 60in,Office & Productivity,2023-08-28,82,40918,4
SKU-004,Dual-Motor Electric Standing Desk 60in,Office & Productivity,2023-09-04,65,32435,4
SKU-004,Dual-Motor Electric Standing Desk 60in,Office & Productivity,2023-09-11,72,35928,3
SKU-004,Dual-Motor Electric Standing Desk 60in,Office & Productivity,2023-09-18,65,32435,4
SKU-004,Dual-Motor Electric Standing Desk 60in,Office & Productivity,2023-09-25,91,45409,5
SKU-004,Dual-Motor Electric Standing Desk 60in,Office & Productivity,2023-10-02,34,16966,3
SKU-004,Dual-Motor Electric Standing Desk 60in,Office & Productivity,2023-10-09,60,29940,4
SKU-004,Dual-Motor Electric Standing Desk 60in,Office & Productivity,2023-10-16,46,22954,4
SKU-004,Dual-Motor Electric Standing Desk 60in,Office & Productivity,2023-10-23,45,22455,5
SKU-004,Dual-Motor Electric Standing Desk 60in,Office & Productivity,2023-10-30,60,29940,4
SKU-004,Dual-Motor Electric Standing Desk 60in,Office & Productivity,2023-11-06,51,25449,5
SKU-004,Dual-Motor Electric Standing Desk 60in,Office & Productivity,2023-11-13,50,24950,5
SKU-004,Dual-Motor Electric Standing Desk 60in,Office & Productivity,2023-11-20,41,20459,5
SKU-004,Dual-Motor Electric Standing Desk 60in,Office & Productivity,2023-11-27,55,27445,4
SKU-004,Dual-Motor Electric Standing Desk 60in,Office & Productivity,2023-12-04,52,25948,5
SKU-004,Dual-Motor Electric Standing Desk 60in,Office & Productivity,2023-12-11,40,19960,3
SKU-004,Dual-Motor Electric Standing Desk 60in,Office & Productivity,2023-12-18,54,26946,3
SKU-004,Dual-Motor Electric Standing Desk 60in,Office & Productivity,2023-12-25,66,32934,5
SKU-004,Dual-Motor Electric Standing Desk 60in,Office & Productivity,2024-01-01,58,28942,5
SKU-004,Dual-Motor Electric Standing Desk 60in,Office & Productivity,2024-01-08,73,36427,5
SKU-004,Dual-Motor Electric Standing Desk 60in,Office & Productivity,2024-01-15,75,37425,4
SKU-004,Dual-Motor Electric Standing Desk 60in,Office & Productivity,2024-01-22,83,41417,4
SKU-004,Dual-Motor Electric Standing Desk 60in,Office & Productivity,2024-01-29,65,32435,5
SKU-004,Dual-Motor Electric Standing Desk 60in,Office & Productivity,2024-02-05,57,28443,5
SKU-004,Dual-Motor Electric Standing Desk 60in,Office & Productivity,2024-02-12,67,33433,3
SKU-004,Dual-Motor Electric Standing Desk 60in,Office & Productivity,2024-02-19,51,25449,3
SKU-004,Dual-Motor Electric Standing Desk 60in,Office & Productivity,2024-02-26,55,27445,4
SKU-004,Dual-Motor Electric Standing Desk 60in,Office & Productivity,2024-03-04,69,34431,5
SKU-004,Dual-Motor Electric Standing Desk 60in,Office & Productivity,2024-03-11,47,23453,5
SKU-004,Dual-Motor Electric Standing Desk 60in,Office & Productivity,2024-03-18,71,35429,4
SKU-004,Dual-Motor Electric Standing Desk 60in,Office & Productivity,2024-03-25,57,28443,4
SKU-004,Dual-Motor Electric Standing Desk 60in,Office & Productivity,2024-04-01,64,31936,3
SKU-004,Dual-Motor Electric Standing Desk 60in,Office & Productivity,2024-04-08,66,32934,5
SKU-004,Dual-Motor Electric Standing Desk 60in,Office & Productivity,2024-04-15,64,31936,4
SKU-004,Dual-Motor Electric Standing Desk 60in,Office & Productivity,2024-04-22,55,27445,4
SKU-004,Dual-Motor Electric Standing Desk 60in,Office & Productivity,2024-04-29,61,30439,5
SKU-004,Dual-Motor Electric Standing Desk 60in,Office & Productivity,2024-05-06,55,27445,5
SKU-004,Dual-Motor Electric Standing Desk 60in,Office & Productivity,2024-05-13,44,21956,4
SKU-004,Dual-Motor Electric Standing Desk 60in,Office & Productivity,2024-05-20,51,25449,5
SKU-004,Dual-Motor Electric Standing Desk 60in,Office & Productivity,2024-05-27,41,20459,4
SKU-004,Dual-Motor Electric Standing Desk 60in,Office & Productivity,2024-06-03,53,26447,5
SKU-004,Dual-Motor Electric Standing Desk 60in,Office & Productivity,2024-06-10,43,21457,3
SKU-004,Dual-Motor Electric Standing Desk 60in,Office & Productivity,2024-06-17,51,25449,3
SKU-004,Dual-Motor Electric Standing Desk 60in,Office & Productivity,2024-06-24,43,21457,3
SKU-004,Dual-Motor Electric Standing Desk 60in,Office & Productivity,2024-07-01,56,27944,5
SKU-004,Dual-Motor Electric Standing Desk 60in,Office & Productivity,2024-07-08,50,24950,3
SKU-004,Dual-Motor Electric Standing Desk 60in,Office & Productivity,2024-07-15,56,27944,3
SKU-004,Dual-Motor Electric Standing Desk 60in,Office & Productivity,2024-07-22,54,26946,3
SKU-004,Dual-Motor Electric Standing Desk 60in,Office & Productivity,2024-07-29,46,22954,4
SKU-004,Dual-Motor Electric Standing Desk 60in,Office & Productivity,2024-08-05,84,41916,3
SKU-004,Dual-Motor Electric Standing Desk 60in,Office & Productivity,2024-08-12,69,34431,4
SKU-004,Dual-Motor Electric Standing Desk 60in,Office & Productivity,2024-08-19,61,30439,5
SKU-004,Dual-Motor Electric Standing Desk 60in,Office & Productivity,2024-08-26,89,44411,4
SKU-004,Dual-Motor Electric Standing Desk 60in,Office & Productivity,2024-09-02,59,29441,5
SKU-004,Dual-Motor Electric Standing Desk 60in,Office & Productivity,2024-09-09,86,42914,4
SKU-004,Dual-Motor Electric Standing Desk 60in,Office & Productivity,2024-09-16,78,38922,4
SKU-004,Dual-Motor Electric Standing Desk 60in,Office & Productivity,2024-09-23,70,34930,3
SKU-004,Dual-Motor Electric Standing Desk 60in,Office & Productivity,2024-09-30,81,40419,5
SKU-004,Dual-Motor Electric Standing Desk 60in,Office & Productivity,2024-10-07,46,22954,3
SKU-004,Dual-Motor Electric Standing Desk 60in,Office & Productivity,2024-10-14,66,32934,5
SKU-004,Dual-Motor Electric Standing Desk 60in,Office & Productivity,2024-10-21,59,29441,5
SKU-004,Dual-Motor Electric Standing Desk 60in,Office & Productivity,2024-10-28,57,28443,3
SKU-004,Dual-Motor Electric Standing Desk 60in,Office & Productivity,2024-11-04,59,29441,4
SKU-004,Dual-Motor Electric Standing Desk 60in,Office & Productivity,2024-11-11,62,30938,3
SKU-004,Dual-Motor Electric Standing Desk 60in,Office & Productivity,2024-11-18,54,26946,3
SKU-004,Dual-Motor Electric Standing Desk 60in,Office & Productivity,2024-11-25,39,19461,5
SKU-004,Dual-Motor Electric Standing Desk 60in,Office & Productivity,2024-12-02,51,25449,4
SKU-004,Dual-Motor Electric Standing Desk 60in,Office & Productivity,2024-12-09,49,24451,4
SKU-004,Dual-Motor Electric Standing Desk 60in,Office & Productivity,2024-12-16,48,23952,3
SKU-004,Dual-Motor Electric Standing Desk 60in,Office & Productivity,2024-12-23,62,30938,5
SKU-005,Precision Barista Espresso Machine,Home & Kitchen,2023-01-02,57,25621.5,5
SKU-005,Precision Barista Espresso Machine,Home & Kitchen,2023-01-09,52,23374.0,5
SKU-005,Precision Barista Espresso Machine,Home & Kitchen,2023-01-16,34,15283.0,3
SKU-005,Precision Barista Espresso Machine,Home & Kitchen,2023-01-23,62,27869.0,5
SKU-005,Precision Barista Espresso Machine,Home & Kitchen,2023-01-30,39,17530.5,5
SKU-005,Precision Barista Espresso Machine,Home & Kitchen,2023-02-06,51,22924.5,3
SKU-005,Precision Barista Espresso Machine,Home & Kitchen,2023-02-13,51,22924.5,3
SKU-005,Precision Barista Espresso Machine,Home & Kitchen,2023-02-20,50,22475.0,3
SKU-005,Precision Barista Espresso Machine,Home & Kitchen,2023-02-27,48,21576.0,4
SKU-005,Precision Barista Espresso Machine,Home & Kitchen,2023-03-06,60,26970.0,4
SKU-005,Precision Barista Espresso Machine,Home & Kitchen,2023-03-13,52,23374.0,5
SKU-005,Precision Barista Espresso Machine,Home & Kitchen,2023-03-20,38,17081.0,5
SKU-005,Precision Barista Espresso Machine,Home & Kitchen,2023-03-27,63,28318.5,3
SKU-005,Precision Barista Espresso Machine,Home & Kitchen,2023-04-03,46,20677.0,4
SKU-005,Precision Barista Espresso Machine,Home & Kitchen,2023-04-10,57,25621.5,4
SKU-005,Precision Barista Espresso Machine,Home & Kitchen,2023-04-17,48,21576.0,5
SKU-005,Precision Barista Espresso Machine,Home & Kitchen,2023-04-24,49,22025.5,4
SKU-005,Precision Barista Espresso Machine,Home & Kitchen,2023-05-01,59,26520.5,4
SKU-005,Precision Barista Espresso Machine,Home & Kitchen,2023-05-08,53,23823.5,5
SKU-005,Precision Barista Espresso Machine,Home & Kitchen,2023-05-15,64,28768.0,5
SKU-005,Precision Barista Espresso Machine,Home & Kitchen,2023-05-22,42,18879,3
SKU-005,Precision Barista Espresso Machine,Home & Kitchen,2023-05-29,51,22924.5,3
SKU-005,Precision Barista Espresso Machine,Home & Kitchen,2023-06-05,50,22475,3
SKU-005,Precision Barista Espresso Machine,Home & Kitchen,2023-06-12,58,26071.0,5
SKU-005,Precision Barista Espresso Machine,Home & Kitchen,2023-06-19,60,26970.0,3
SKU-005,Precision Barista Espresso Machine,Home & Kitchen,2023-06-26,54,24273.0,3
SKU-005,Precision Barista Espresso Machine,Home & Kitchen,2023-07-03,65,29217.5,5
SKU-005,Precision Barista Espresso Machine,Home & Kitchen,2023-07-10,51,22924.5,3
SKU-005,Precision Barista Espresso Machine,Home & Kitchen,2023-07-17,44,19778,4
SKU-005,Precision Barista Espresso Machine,Home & Kitchen,2023-07-24,54,24273.0,5
SKU-005,Precision Barista Espresso Machine,Home & Kitchen,2023-07-31,48,21576.0,5
SKU-005,Precision Barista Espresso Machine,Home & Kitchen,2023-08-07,57,25621.5,3
SKU-005,Precision Barista Espresso Machine,Home & Kitchen,2023-08-14,38,17081.0,5
SKU-005,Precision Barista Espresso Machine,Home & Kitchen,2023-08-21,54,24273.0,3
SKU-005,Precision Barista Espresso Machine,Home & Kitchen,2023-08-28,58,26071.0,4
SKU-005,Precision Barista Espresso Machine,Home & Kitchen,2023-09-04,48,21576.0,5
SKU-005,Precision Barista Espresso Machine,Home & Kitchen,2023-09-11,53,23823.5,3
SKU-005,Precision Barista Espresso Machine,Home & Kitchen,2023-09-18,37,16631.5,4
SKU-005,Precision Barista Espresso Machine,Home & Kitchen,2023-09-25,36,16182.0,5
SKU-005,Precision Barista Espresso Machine,Home & Kitchen,2023-10-02,47,21126.5,4
SKU-005,Precision Barista Espresso Machine,Home & Kitchen,2023-10-09,59,26520.5,4
SKU-005,Precision Barista Espresso Machine,Home & Kitchen,2023-10-16,53,23823.5,4
SKU-005,Precision Barista Espresso Machine,Home & Kitchen,2023-10-23,56,25172.0,5
SKU-005,Precision Barista Espresso Machine,Home & Kitchen,2023-10-30,45,20227.5,5
SKU-005,Precision Barista Espresso Machine,Home & Kitchen,2023-11-06,76,34162.0,3
SKU-005,Precision Barista Espresso Machine,Home & Kitchen,2023-11-13,98,44051.0,3
SKU-005,Precision Barista Espresso Machine,Home & Kitchen,2023-11-20,82,36859.0,4
SKU-005,Precision Barista Espresso Machine,Home & Kitchen,2023-11-27,97,43601.5,5
SKU-005,Precision Barista Espresso Machine,Home & Kitchen,2023-12-04,95,42702.5,4
SKU-005,Precision Barista Espresso Machine,Home & Kitchen,2023-12-11,104,46748.0,5
SKU-005,Precision Barista Espresso Machine,Home & Kitchen,2023-12-18,98,44051.0,3
SKU-005,Precision Barista Espresso Machine,Home & Kitchen,2023-12-25,85,38207.5,4
SKU-005,Precision Barista Espresso Machine,Home & Kitchen,2024-01-01,53,23823.5,4
SKU-005,Precision Barista Espresso Machine,Home & Kitchen,2024-01-08,54,24273,3
SKU-005,Precision Barista Espresso Machine,Home & Kitchen,2024-01-15,47,21126.5,4
SKU-005,Precision Barista Espresso Machine,Home & Kitchen,2024-01-22,43,19328.5,3
SKU-005,Precision Barista Espresso Machine,Home & Kitchen,2024-01-29,28,12586.0,3
SKU-005,Precision Barista Espresso Machine,Home & Kitchen,2024-02-05,48,21576,4
SKU-005,Precision Barista Espresso Machine,Home & Kitchen,2024-02-12,54,24273.0,5
SKU-005,Precision Barista Espresso Machine,Home & Kitchen,2024-02-19,59,26520.5,3
SKU-005,Precision Barista Espresso Machine,Home & Kitchen,2024-02-26,54,24273,4
SKU-005,Precision Barista Espresso Machine,Home & Kitchen,2024-03-04,58,26071.0,3
SKU-005,Precision Barista Espresso Machine,Home & Kitchen,2024-03-11,69,31015.5,5
SKU-005,Precision Barista Espresso Machine,Home & Kitchen,2024-03-18,50,22475.0,4
SKU-005,Precision Barista Espresso Machine,Home & Kitchen,2024-03-25,53,23823.5,3
SKU-005,Precision Barista Espresso Machine,Home & Kitchen,2024-04-01,46,20677.0,5
SKU-005,Precision Barista Espresso Machine,Home & Kitchen,2024-04-08,60,26970.0,5
SKU-005,Precision Barista Espresso Machine,Home & Kitchen,2024-04-15,71,31914.5,4
SKU-005,Precision Barista Espresso Machine,Home & Kitchen,2024-04-22,38,17081.0,3
SKU-005,Precision Barista Espresso Machine,Home & Kitchen,2024-04-29,64,28768,3
SKU-005,Precision Barista Espresso Machine,Home & Kitchen,2024-05-06,49,22025.5,5
SKU-005,Precision Barista Espresso Machine,Home & Kitchen,2024-05-13,54,24273.0,4
SKU-005,Precision Barista Espresso Machine,Home & Kitchen,2024-05-20,50,22475.0,3
SKU-005,Precision Barista Espresso Machine,Home & Kitchen,2024-05-27,71,31914.5,5
SKU-005,Precision Barista Espresso Machine,Home & Kitchen,2024-06-03,63,28318.5,3
SKU-005,Precision Barista Espresso Machine,Home & Kitchen,2024-06-10,54,24273.0,5
SKU-005,Precision Barista Espresso Machine,Home & Kitchen,2024-06-17,58,26071.0,4
SKU-005,Precision Barista Espresso Machine,Home & Kitchen,2024-06-24,56,25172,4
SKU-005,Precision Barista Espresso Machine,Home & Kitchen,2024-07-01,79,35510.5,3
SKU-005,Precision Barista Espresso Machine,Home & Kitchen,2024-07-08,52,23374,3
SKU-005,Precision Barista Espresso Machine,Home & Kitchen,2024-07-15,60,26970.0,3
SKU-005,Precision Barista Espresso Machine,Home & Kitchen,2024-07-22,51,22924.5,4
SKU-005,Precision Barista Espresso Machine,Home & Kitchen,2024-07-29,58,26071.0,4
SKU-005,Precision Barista Espresso Machine,Home & Kitchen,2024-08-05,61,27419.5,3
SKU-005,Precision Barista Espresso Machine,Home & Kitchen,2024-08-12,56,25172.0,5
SKU-005,Precision Barista Espresso Machine,Home & Kitchen,2024-08-19,52,23374.0,5
SKU-005,Precision Barista Espresso Machine,Home & Kitchen,2024-08-26,63,28318.5,4
SKU-005,Precision Barista Espresso Machine,Home & Kitchen,2024-09-02,75,33712.5,3
SKU-005,Precision Barista Espresso Machine,Home & Kitchen,2024-09-09,61,27419.5,5
SKU-005,Precision Barista Espresso Machine,Home & Kitchen,2024-09-16,52,23374.0,3
SKU-005,Precision Barista Espresso Machine,Home & Kitchen,2024-09-23,66,29667.0,3
SKU-005,Precision Barista Espresso Machine,Home & Kitchen,2024-09-30,67,30116.5,4
SKU-005,Precision Barista Espresso Machine,Home & Kitchen,2024-10-07,45,20227.5,5
SKU-005,Precision Barista Espresso Machine,Home & Kitchen,2024-10-14,64,28768.0,3
SKU-005,Precision Barista Espresso Machine,Home & Kitchen,2024-10-21,63,28318.5,3
SKU-005,Precision Barista Espresso Machine,Home & Kitchen,2024-10-28,34,15283,3
SKU-005,Precision Barista Espresso Machine,Home & Kitchen,2024-11-04,78,35061.0,3
SKU-005,Precision Barista Espresso Machine,Home & Kitchen,2024-11-11,102,45849.0,4
SKU-005,Precision Barista Espresso Machine,Home & Kitchen,2024-11-18,118,53041.0,4
SKU-005,Precision Barista Espresso Machine,Home & Kitchen,2024-11-25,109,48995.5,3
SKU-005,Precision Barista Espresso Machine,Home & Kitchen,2024-12-02,97,43601.5,3
SKU-005,Precision Barista Espresso Machine,Home & Kitchen,2024-12-09,119,53490.5,3
SKU-005,Precision Barista Espresso Machine,Home & Kitchen,2024-12-16,110,49445,3
SKU-005,Precision Barista Espresso Machine,Home & Kitchen,2024-12-23,81,36409.5,5
SKU-006,Smart Auto-Empty Robotic Vacuum,Home & Kitchen,2023-01-02,54,21599.46,5
SKU-006,Smart Auto-Empty Robotic Vacuum,Home & Kitchen,2023-01-09,55,21999.45,4
SKU-006,Smart Auto-Empty Robotic Vacuum,Home & Kitchen,2023-01-16,42,16799.58,3
SKU-006,Smart Auto-Empty Robotic Vacuum,Home & Kitchen,2023-01-23,44,17599.56,4
SKU-006,Smart Auto-Empty Robotic Vacuum,Home & Kitchen,2023-01-30,50,19999.5,3
SKU-006,Smart Auto-Empty Robotic Vacuum,Home & Kitchen,2023-02-06,62,24799.38,5
SKU-006,Smart Auto-Empty Robotic Vacuum,Home & Kitchen,2023-02-13,60,23999.4,3
SKU-006,Smart Auto-Empty Robotic Vacuum,Home & Kitchen,2023-02-20,66,26399.34,3
SKU-006,Smart Auto-Empty Robotic Vacuum,Home & Kitchen,2023-02-27,68,27199.32,4
SKU-006,Smart Auto-Empty Robotic Vacuum,Home & Kitchen,2023-03-06,64,25599.36,4
SKU-006,Smart Auto-Empty Robotic Vacuum,Home & Kitchen,2023-03-13,66,26399.34,4
SKU-006,Smart Auto-Empty Robotic Vacuum,Home & Kitchen,2023-03-20,57,22799.43,4
SKU-006,Smart Auto-Empty Robotic Vacuum,Home & Kitchen,2023-03-27,71,28399.29,4
SKU-006,Smart Auto-Empty Robotic Vacuum,Home & Kitchen,2023-04-03,66,26399.34,3
SKU-006,Smart Auto-Empty Robotic Vacuum,Home & Kitchen,2023-04-10,65,25999.350000000002,4
SKU-006,Smart Auto-Empty Robotic Vacuum,Home & Kitchen,2023-04-17,55,21999.45,4
SKU-006,Smart Auto-Empty Robotic Vacuum,Home & Kitchen,2023-04-24,45,17999.55,4
SKU-006,Smart Auto-Empty Robotic Vacuum,Home & Kitchen,2023-05-01,64,25599.36,5
SKU-006,Smart Auto-Empty Robotic Vacuum,Home & Kitchen,2023-05-08,58,23199.42,4
SKU-006,Smart Auto-Empty Robotic Vacuum,Home & Kitchen,2023-05-15,41,16399.59,5
SKU-006,Smart Auto-Empty Robotic Vacuum,Home & Kitchen,2023-05-22,60,23999.4,5
SKU-006,Smart Auto-Empty Robotic Vacuum,Home & Kitchen,2023-05-29,66,26399.34,5
SKU-006,Smart Auto-Empty Robotic Vacuum,Home & Kitchen,2023-06-05,67,26799.33,5
SKU-006,Smart Auto-Empty Robotic Vacuum,Home & Kitchen,2023-06-12,63,25199.370000000003,4
SKU-006,Smart Auto-Empty Robotic Vacuum,Home & Kitchen,2023-06-19,66,26399.34,5
SKU-006,Smart Auto-Empty Robotic Vacuum,Home & Kitchen,2023-06-26,60,23999.4,3
SKU-006,Smart Auto-Empty Robotic Vacuum,Home & Kitchen,2023-07-03,65,25999.350000000002,3
SKU-006,Smart Auto-Empty Robotic Vacuum,Home & Kitchen,2023-07-10,60,23999.4,3
SKU-006,Smart Auto-Empty Robotic Vacuum,Home & Kitchen,2023-07-17,51,20399.49,4
SKU-006,Smart Auto-Empty Robotic Vacuum,Home & Kitchen,2023-07-24,44,17599.56,3
SKU-006,Smart Auto-Empty Robotic Vacuum,Home & Kitchen,2023-07-31,59,23599.41,4
SKU-006,Smart Auto-Empty Robotic Vacuum,Home & Kitchen,2023-08-07,54,21599.46,3
SKU-006,Smart Auto-Empty Robotic Vacuum,Home & Kitchen,2023-08-14,72,28799.28,4
SKU-006,Smart Auto-Empty Robotic Vacuum,Home & Kitchen,2023-08-21,57,22799.43,3
SKU-006,Smart Auto-Empty Robotic Vacuum,Home & Kitchen,2023-08-28,52,20799.48,5
SKU-006,Smart Auto-Empty Robotic Vacuum,Home & Kitchen,2023-09-04,55,21999.45,3
SKU-006,Smart Auto-Empty Robotic Vacuum,Home & Kitchen,2023-09-11,55,21999.45,5
SKU-006,Smart Auto-Empty Robotic Vacuum,Home & Kitchen,2023-09-18,57,22799.43,5
SKU-006,Smart Auto-Empty Robotic Vacuum,Home & Kitchen,2023-09-25,68,27199.32,5
SKU-006,Smart Auto-Empty Robotic Vacuum,Home & Kitchen,2023-10-02,64,25599.36,3
SKU-006,Smart Auto-Empty Robotic Vacuum,Home & Kitchen,2023-10-09,69,27599.31,5
SKU-006,Smart Auto-Empty Robotic Vacuum,Home & Kitchen,2023-10-16,49,19599.51,5
SKU-006,Smart Auto-Empty Robotic Vacuum,Home & Kitchen,2023-10-23,41,16399.59,4
SKU-006,Smart Auto-Empty Robotic Vacuum,Home & Kitchen,2023-10-30,61,24399.39,4
SKU-006,Smart Auto-Empty Robotic Vacuum,Home & Kitchen,2023-11-06,109,43598.91,4
SKU-006,Smart Auto-Empty Robotic Vacuum,Home & Kitchen,2023-11-13,124,49598.76,4
SKU-006,Smart Auto-Empty Robotic Vacuum,Home & Kitchen,2023-11-20,127,50798.73,4
SKU-006,Smart Auto-Empty Robotic Vacuum,Home & Kitchen,2023-11-27,108,43198.92,3
SKU-006,Smart Auto-Empty Robotic Vacuum,Home & Kitchen,2023-12-04,103,41198.97,4
SKU-006,Smart Auto-Empty Robotic Vacuum,Home & Kitchen,2023-12-11,106,42398.94,4
SKU-006,Smart Auto-Empty Robotic Vacuum,Home & Kitchen,2023-12-18,87,34799.130000000005,4
SKU-006,Smart Auto-Empty Robotic Vacuum,Home & Kitchen,2023-12-25,99,39599.01,3
SKU-006,Smart Auto-Empty Robotic Vacuum,Home & Kitchen,2024-01-01,66,26399.34,4
SKU-006,Smart Auto-Empty Robotic Vacuum,Home & Kitchen,2024-01-08,70,27999.3,4
SKU-006,Smart Auto-Empty Robotic Vacuum,Home & Kitchen,2024-01-15,65,25999.350000000002,5
SKU-006,Smart Auto-Empty Robotic Vacuum,Home & Kitchen,2024-01-22,65,25999.35,4
SKU-006,Smart Auto-Empty Robotic Vacuum,Home & Kitchen,2024-01-29,59,23599.41,4
SKU-006,Smart Auto-Empty Robotic Vacuum,Home & Kitchen,2024-02-05,68,27199.32,4
SKU-006,Smart Auto-Empty Robotic Vacuum,Home & Kitchen,2024-02-12,74,29599.260000000002,4
SKU-006,Smart Auto-Empty Robotic Vacuum,Home & Kitchen,2024-02-19,55,21999.45,4
SKU-006,Smart Auto-Empty Robotic Vacuum,Home & Kitchen,2024-02-26,66,26399.34,4
SKU-006,Smart Auto-Empty Robotic Vacuum,Home & Kitchen,2024-03-04,69,27599.309999999998,3
SKU-006,Smart Auto-Empty Robotic Vacuum,Home & Kitchen,2024-03-11,52,20799.48,4
SKU-006,Smart Auto-Empty Robotic Vacuum,Home & Kitchen,2024-03-18,68,27199.32,4
SKU-006,Smart Auto-Empty Robotic Vacuum,Home & Kitchen,2024-03-25,65,25999.35,5
SKU-006,Smart Auto-Empty Robotic Vacuum,Home & Kitchen,2024-04-01,41,16399.59,4
SKU-006,Smart Auto-Empty Robotic Vacuum,Home & Kitchen,2024-04-08,58,23199.420000000002,5
SKU-006,Smart Auto-Empty Robotic Vacuum,Home & Kitchen,2024-04-15,62,24799.38,4
SKU-006,Smart Auto-Empty Robotic Vacuum,Home & Kitchen,2024-04-22,54,21599.46,5
SKU-006,Smart Auto-Empty Robotic Vacuum,Home & Kitchen,2024-04-29,82,32799.18,3
SKU-006,Smart Auto-Empty Robotic Vacuum,Home & Kitchen,2024-05-06,70,27999.3,4
SKU-006,Smart Auto-Empty Robotic Vacuum,Home & Kitchen,2024-05-13,59,23599.41,5
SKU-006,Smart Auto-Empty Robotic Vacuum,Home & Kitchen,2024-05-20,59,23599.41,3
SKU-006,Smart Auto-Empty Robotic Vacuum,Home & Kitchen,2024-05-27,62,24799.38,4
SKU-006,Smart Auto-Empty Robotic Vacuum,Home & Kitchen,2024-06-03,64,25599.36,5
SKU-006,Smart Auto-Empty Robotic Vacuum,Home & Kitchen,2024-06-10,63,25199.370000000003,3
SKU-006,Smart Auto-Empty Robotic Vacuum,Home & Kitchen,2024-06-17,64,25599.36,3
SKU-006,Smart Auto-Empty Robotic Vacuum,Home & Kitchen,2024-06-24,72,28799.280000000002,4
SKU-006,Smart Auto-Empty Robotic Vacuum,Home & Kitchen,2024-07-01,80,31999.2,5
SKU-006,Smart Auto-Empty Robotic Vacuum,Home & Kitchen,2024-07-08,74,29599.260000000002,5
SKU-006,Smart Auto-Empty Robotic Vacuum,Home & Kitchen,2024-07-15,54,21599.46,4
SKU-006,Smart Auto-Empty Robotic Vacuum,Home & Kitchen,2024-07-22,64,25599.36,3
SKU-006,Smart Auto-Empty Robotic Vacuum,Home & Kitchen,2024-07-29,78,31199.22,4
SKU-006,Smart Auto-Empty Robotic Vacuum,Home & Kitchen,2024-08-05,66,26399.34,3
SKU-006,Smart Auto-Empty Robotic Vacuum,Home & Kitchen,2024-08-12,82,32799.18,3
SKU-006,Smart Auto-Empty Robotic Vacuum,Home & Kitchen,2024-08-19,60,23999.4,5
SKU-006,Smart Auto-Empty Robotic Vacuum,Home & Kitchen,2024-08-26,72,28799.280000000002,4
SKU-006,Smart Auto-Empty Robotic Vacuum,Home & Kitchen,2024-09-02,56,22399.440000000002,4
SKU-006,Smart Auto-Empty Robotic Vacuum,Home & Kitchen,2024-09-09,69,27599.31,4
SKU-006,Smart Auto-Empty Robotic Vacuum,Home & Kitchen,2024-09-16,57,22799.43,5
SKU-006,Smart Auto-Empty Robotic Vacuum,Home & Kitchen,2024-09-23,67,26799.33,5
SKU-006,Smart Auto-Empty Robotic Vacuum,Home & Kitchen,2024-09-30,70,27999.300000000003,4
SKU-006,Smart Auto-Empty Robotic Vacuum,Home & Kitchen,2024-10-07,62,24799.38,5
SKU-006,Smart Auto-Empty Robotic Vacuum,Home & Kitchen,2024-10-14,54,21599.46,5
SKU-006,Smart Auto-Empty Robotic Vacuum,Home & Kitchen,2024-10-21,66,26399.34,5
SKU-006,Smart Auto-Empty Robotic Vacuum,Home & Kitchen,2024-10-28,65,25999.350000000002,5
SKU-006,Smart Auto-Empty Robotic Vacuum,Home & Kitchen,2024-11-04,122,48798.78,3
SKU-006,Smart Auto-Empty Robotic Vacuum,Home & Kitchen,2024-11-11,121,48398.79,5
SKU-006,Smart Auto-Empty Robotic Vacuum,Home & Kitchen,2024-11-18,106,42398.94,3
SKU-006,Smart Auto-Empty Robotic Vacuum,Home & Kitchen,2024-11-25,135,53998.65,5
SKU-006,Smart Auto-Empty Robotic Vacuum,Home & Kitchen,2024-12-02,114,45598.86,4
SKU-006,Smart Auto-Empty Robotic Vacuum,Home & Kitchen,2024-12-09,101,40398.99,3
SKU-006,Smart Auto-Empty Robotic Vacuum,Home & Kitchen,2024-12-16,97,38799.03,3
SKU-006,Smart Auto-Empty Robotic Vacuum,Home & Kitchen,2024-12-23,82,32799.18,5
SKU-007,Ultra Lightweight 4-Season Backpacking Tent,Outdoor & Sports,2023-01-02,58,16762,3
SKU-007,Ultra Lightweight 4-Season Backpacking Tent,Outdoor & Sports,2023-01-09,51,14739,3
SKU-007,Ultra Lightweight 4-Season Backpacking Tent,Outdoor & Sports,2023-01-16,66,19074,4
SKU-007,Ultra Lightweight 4-Season Backpacking Tent,Outdoor & Sports,2023-01-23,66,19074,3
SKU-007,Ultra Lightweight 4-Season Backpacking Tent,Outdoor & Sports,2023-01-30,56,16184,5
SKU-007,Ultra Lightweight 4-Season Backpacking Tent,Outdoor & Sports,2023-02-06,49,14161,4
SKU-007,Ultra Lightweight 4-Season Backpacking Tent,Outdoor & Sports,2023-02-13,59,17051,5
SKU-007,Ultra Lightweight 4-Season Backpacking Tent,Outdoor & Sports,2023-02-20,57,16473,5
SKU-007,Ultra Lightweight 4-Season Backpacking Tent,Outdoor & Sports,2023-02-27,58,16762,5
SKU-007,Ultra Lightweight 4-Season Backpacking Tent,Outdoor & Sports,2023-03-06,68,19652,3
SKU-007,Ultra Lightweight 4-Season Backpacking Tent,Outdoor & Sports,2023-03-13,74,21386,4
SKU-007,Ultra Lightweight 4-Season Backpacking Tent,Outdoor & Sports,2023-03-20,50,14450,4
SKU-007,Ultra Lightweight 4-Season Backpacking Tent,Outdoor & Sports,2023-03-27,65,18785,5
SKU-007,Ultra Lightweight 4-Season Backpacking Tent,Outdoor & Sports,2023-04-03,70,20230,5
SKU-007,Ultra Lightweight 4-Season Backpacking Tent,Outdoor & Sports,2023-04-10,53,15317,3
SKU-007,Ultra Lightweight 4-Season Backpacking Tent,Outdoor & Sports,2023-04-17,65,18785,4
SKU-007,Ultra Lightweight 4-Season Backpacking Tent,Outdoor & Sports,2023-04-24,57,16473,5
SKU-007,Ultra Lightweight 4-Season Backpacking Tent,Outdoor & Sports,2023-05-01,126,36414,3
SKU-007,Ultra Lightweight 4-Season Backpacking Tent,Outdoor & Sports,2023-05-08,109,31501,4
SKU-007,Ultra Lightweight 4-Season Backpacking Tent,Outdoor & Sports,2023-05-15,100,28900,5
SKU-007,Ultra Lightweight 4-Season Backpacking Tent,Outdoor & Sports,2023-05-22,105,30345,3
SKU-007,Ultra Lightweight 4-Season Backpacking Tent,Outdoor & Sports,2023-05-29,126,36414,4
SKU-007,Ultra Lightweight 4-Season Backpacking Tent,Outdoor & Sports,2023-06-05,126,36414,5
SKU-007,Ultra Lightweight 4-Season Backpacking Tent,Outdoor & Sports,2023-06-12,115,33235,3
SKU-007,Ultra Lightweight 4-Season Backpacking Tent,Outdoor & Sports,2023-06-19,125,36125,3
SKU-007,Ultra Lightweight 4-Season Backpacking Tent,Outdoor & Sports,2023-06-26,133,38437,3
SKU-007,Ultra Lightweight 4-Season Backpacking Tent,Outdoor & Sports,2023-07-03,115,33235,5
SKU-007,Ultra Lightweight 4-Season Backpacking Tent,Outdoor & Sports,2023-07-10,136,39304,4
SKU-007,Ultra Lightweight 4-Season Backpacking Tent,Outdoor & Sports,2023-07-17,132,38148,5
SKU-007,Ultra Lightweight 4-Season Backpacking Tent,Outdoor & Sports,2023-07-24,119,34391,4
SKU-007,Ultra Lightweight 4-Season Backpacking Tent,Outdoor & Sports,2023-07-31,101,29189,3
SKU-007,Ultra Lightweight 4-Season Backpacking Tent,Outdoor & Sports,2023-08-07,111,32079,5
SKU-007,Ultra Lightweight 4-Season Backpacking Tent,Outdoor & Sports,2023-08-14,120,34680,5
SKU-007,Ultra Lightweight 4-Season Backpacking Tent,Outdoor & Sports,2023-08-21,123,35547,3
SKU-007,Ultra Lightweight 4-Season Backpacking Tent,Outdoor & Sports,2023-08-28,127,36703,3
SKU-007,Ultra Lightweight 4-Season Backpacking Tent,Outdoor & Sports,2023-09-04,64,18496,4
SKU-007,Ultra Lightweight 4-Season Backpacking Tent,Outdoor & Sports,2023-09-11,61,17629,4
SKU-007,Ultra Lightweight 4-Season Backpacking Tent,Outdoor & Sports,2023-09-18,49,14161,4
SKU-007,Ultra Lightweight 4-Season Backpacking Tent,Outdoor & Sports,2023-09-25,58,16762,4
SKU-007,Ultra Lightweight 4-Season Backpacking Tent,Outdoor & Sports,2023-10-02,60,17340,3
SKU-007,Ultra Lightweight 4-Season Backpacking Tent,Outdoor & Sports,2023-10-09,54,15606,3
SKU-007,Ultra Lightweight 4-Season Backpacking Tent,Outdoor & Sports,2023-10-16,59,17051,4
SKU-007,Ultra Lightweight 4-Season Backpacking Tent,Outdoor & Sports,2023-10-23,48,13872,3
SKU-007,Ultra Lightweight 4-Season Backpacking Tent,Outdoor & Sports,2023-10-30,64,18496,3
SKU-007,Ultra Lightweight 4-Season Backpacking Tent,Outdoor & Sports,2023-11-06,55,15895,5
SKU-007,Ultra Lightweight 4-Season Backpacking Tent,Outdoor & Sports,2023-11-13,53,15317,4
SKU-007,Ultra Lightweight 4-Season Backpacking Tent,Outdoor & Sports,2023-11-20,48,13872,5
SKU-007,Ultra Lightweight 4-Season Backpacking Tent,Outdoor & Sports,2023-11-27,74,21386,5
SKU-007,Ultra Lightweight 4-Season Backpacking Tent,Outdoor & Sports,2023-12-04,53,15317,4
SKU-007,Ultra Lightweight 4-Season Backpacking Tent,Outdoor & Sports,2023-12-11,63,18207,3
SKU-007,Ultra Lightweight 4-Season Backpacking Tent,Outdoor & Sports,2023-12-18,62,17918,5
SKU-007,Ultra Lightweight 4-Season Backpacking Tent,Outdoor & Sports,2023-12-25,61,17629,5
SKU-007,Ultra Lightweight 4-Season Backpacking Tent,Outdoor & Sports,2024-01-01,48,13872,5
SKU-007,Ultra Lightweight 4-Season Backpacking Tent,Outdoor & Sports,2024-01-08,71,20519,3
SKU-007,Ultra Lightweight 4-Season Backpacking Tent,Outdoor & Sports,2024-01-15,71,20519,4
SKU-007,Ultra Lightweight 4-Season Backpacking Tent,Outdoor & Sports,2024-01-22,63,18207,5
SKU-007,Ultra Lightweight 4-Season Backpacking Tent,Outdoor & Sports,2024-01-29,75,21675,3
SKU-007,Ultra Lightweight 4-Season Backpacking Tent,Outdoor & Sports,2024-02-05,56,16184,4
SKU-007,Ultra Lightweight 4-Season Backpacking Tent,Outdoor & Sports,2024-02-12,66,19074,4
SKU-007,Ultra Lightweight 4-Season Backpacking Tent,Outdoor & Sports,2024-02-19,63,18207,5
SKU-007,Ultra Lightweight 4-Season Backpacking Tent,Outdoor & Sports,2024-02-26,68,19652,3
SKU-007,Ultra Lightweight 4-Season Backpacking Tent,Outdoor & Sports,2024-03-04,65,18785,4
SKU-007,Ultra Lightweight 4-Season Backpacking Tent,Outdoor & Sports,2024-03-11,52,15028,5
SKU-007,Ultra Lightweight 4-Season Backpacking Tent,Outdoor & Sports,2024-03-18,63,18207,5
SKU-007,Ultra Lightweight 4-Season Backpacking Tent,Outdoor & Sports,2024-03-25,74,21386,3
SKU-007,Ultra Lightweight 4-Season Backpacking Tent,Outdoor & Sports,2024-04-01,51,14739,5
SKU-007,Ultra Lightweight 4-Season Backpacking Tent,Outdoor & Sports,2024-04-08,60,17340,5
SKU-007,Ultra Lightweight 4-Season Backpacking Tent,Outdoor & Sports,2024-04-15,61,17629,3
SKU-007,Ultra Lightweight 4-Season Backpacking Tent,Outdoor & Sports,2024-04-22,78,22542,3
SKU-007,Ultra Lightweight 4-Season Backpacking Tent,Outdoor & Sports,2024-04-29,55,15895,5
SKU-007,Ultra Lightweight 4-Season Backpacking Tent,Outdoor & Sports,2024-05-06,104,30056,4
SKU-007,Ultra Lightweight 4-Season Backpacking Tent,Outdoor & Sports,2024-05-13,110,31790,5
SKU-007,Ultra Lightweight 4-Season Backpacking Tent,Outdoor & Sports,2024-05-20,114,32946,5
SKU-007,Ultra Lightweight 4-Season Backpacking Tent,Outdoor & Sports,2024-05-27,123,35547,3
SKU-007,Ultra Lightweight 4-Season Backpacking Tent,Outdoor & Sports,2024-06-03,104,30056,5
SKU-007,Ultra Lightweight 4-Season Backpacking Tent,Outdoor & Sports,2024-06-10,131,37859,5
SKU-007,Ultra Lightweight 4-Season Backpacking Tent,Outdoor & Sports,2024-06-17,126,36414,3
SKU-007,Ultra Lightweight 4-Season Backpacking Tent,Outdoor & Sports,2024-06-24,154,44506,5
SKU-007,Ultra Lightweight 4-Season Backpacking Tent,Outdoor & Sports,2024-07-01,120,34680,4
SKU-007,Ultra Lightweight 4-Season Backpacking Tent,Outdoor & Sports,2024-07-08,83,23987,5
SKU-007,Ultra Lightweight 4-Season Backpacking Tent,Outdoor & Sports,2024-07-15,118,34102,3
SKU-007,Ultra Lightweight 4-Season Backpacking Tent,Outdoor & Sports,2024-07-22,125,36125,5
SKU-007,Ultra Lightweight 4-Season Backpacking Tent,Outdoor & Sports,2024-07-29,100,28900,3
SKU-007,Ultra Lightweight 4-Season Backpacking Tent,Outdoor & Sports,2024-08-05,81,23409,3
SKU-007,Ultra Lightweight 4-Season Backpacking Tent,Outdoor & Sports,2024-08-12,116,33524,3
SKU-007,Ultra Lightweight 4-Season Backpacking Tent,Outdoor & Sports,2024-08-19,114,32946,5
SKU-007,Ultra Lightweight 4-Season Backpacking Tent,Outdoor & Sports,2024-08-26,87,25143,3
SKU-007,Ultra Lightweight 4-Season Backpacking Tent,Outdoor & Sports,2024-09-02,47,13583,4
SKU-007,Ultra Lightweight 4-Season Backpacking Tent,Outdoor & Sports,2024-09-09,62,17918,5
SKU-007,Ultra Lightweight 4-Season Backpacking Tent,Outdoor & Sports,2024-09-16,53,15317,3
SKU-007,Ultra Lightweight 4-Season Backpacking Tent,Outdoor & Sports,2024-09-23,48,13872,4
SKU-007,Ultra Lightweight 4-Season Backpacking Tent,Outdoor & Sports,2024-09-30,61,17629,3
SKU-007,Ultra Lightweight 4-Season Backpacking Tent,Outdoor & Sports,2024-10-07,58,16762,4
SKU-007,Ultra Lightweight 4-Season Backpacking Tent,Outdoor & Sports,2024-10-14,53,15317,4
SKU-007,Ultra Lightweight 4-Season Backpacking Tent,Outdoor & Sports,2024-10-21,79,22831,5
SKU-007,Ultra Lightweight 4-Season Backpacking Tent,Outdoor & Sports,2024-10-28,60,17340,3
SKU-007,Ultra Lightweight 4-Season Backpacking Tent,Outdoor & Sports,2024-11-04,71,20519,5
SKU-007,Ultra Lightweight 4-Season Backpacking Tent,Outdoor & Sports,2024-11-11,50,14450,5
SKU-007,Ultra Lightweight 4-Season Backpacking Tent,Outdoor & Sports,2024-11-18,62,17918,4
SKU-007,Ultra Lightweight 4-Season Backpacking Tent,Outdoor & Sports,2024-11-25,70,20230,3
SKU-007,Ultra Lightweight 4-Season Backpacking Tent,Outdoor & Sports,2024-12-02,73,21097,5
SKU-007,Ultra Lightweight 4-Season Backpacking Tent,Outdoor & Sports,2024-12-09,66,19074,5
SKU-007,Ultra Lightweight 4-Season Backpacking Tent,Outdoor & Sports,2024-12-16,60,17340,5
SKU-007,Ultra Lightweight 4-Season Backpacking Tent,Outdoor & Sports,2024-12-23,70,20230,4
SKU-008,Carbon Fiber Road Cycling Helmet,Outdoor & Sports,2023-01-02,63,11938.5,3
SKU-008,Carbon Fiber Road Cycling Helmet,Outdoor & Sports,2023-01-09,66,12507.0,4
SKU-008,Carbon Fiber Road Cycling Helmet,Outdoor & Sports,2023-01-16,64,12128.0,4
SKU-008,Carbon Fiber Road Cycling Helmet,Outdoor & Sports,2023-01-23,72,13644.0,4
SKU-008,Carbon Fiber Road Cycling Helmet,Outdoor & Sports,2023-01-30,72,13644.0,4
SKU-008,Carbon Fiber Road Cycling Helmet,Outdoor & Sports,2023-02-06,81,15349.5,5
SKU-008,Carbon Fiber Road Cycling Helmet,Outdoor & Sports,2023-02-13,81,15349.5,4
SKU-008,Carbon Fiber Road Cycling Helmet,Outdoor & Sports,2023-02-20,64,12128.0,3
SKU-008,Carbon Fiber Road Cycling Helmet,Outdoor & Sports,2023-02-27,73,13833.5,4
SKU-008,Carbon Fiber Road Cycling Helmet,Outdoor & Sports,2023-03-06,46,8717.0,5
SKU-008,Carbon Fiber Road Cycling Helmet,Outdoor & Sports,2023-03-13,69,13075.5,3
SKU-008,Carbon Fiber Road Cycling Helmet,Outdoor & Sports,2023-03-20,95,18002.5,3
SKU-008,Carbon Fiber Road Cycling Helmet,Outdoor & Sports,2023-03-27,63,11938.5,4
SKU-008,Carbon Fiber Road Cycling Helmet,Outdoor & Sports,2023-04-03,73,13833.5,3
SKU-008,Carbon Fiber Road Cycling Helmet,Outdoor & Sports,2023-04-10,57,10801.5,4
SKU-008,Carbon Fiber Road Cycling Helmet,Outdoor & Sports,2023-04-17,77,14591.5,4
SKU-008,Carbon Fiber Road Cycling Helmet,Outdoor & Sports,2023-04-24,58,10991.0,3
SKU-008,Carbon Fiber Road Cycling Helmet,Outdoor & Sports,2023-05-01,111,21034.5,4
SKU-008,Carbon Fiber Road Cycling Helmet,Outdoor & Sports,2023-05-08,123,23308.5,5
SKU-008,Carbon Fiber Road Cycling Helmet,Outdoor & Sports,2023-05-15,113,21413.5,5
SKU-008,Carbon Fiber Road Cycling Helmet,Outdoor & Sports,2023-05-22,121,22929.5,3
SKU-008,Carbon Fiber Road Cycling Helmet,Outdoor & Sports,2023-05-29,121,22929.5,3
SKU-008,Carbon Fiber Road Cycling Helmet,Outdoor & Sports,2023-06-05,132,25014.0,5
SKU-008,Carbon Fiber Road Cycling Helmet,Outdoor & Sports,2023-06-12,132,25014.0,5
SKU-008,Carbon Fiber Road Cycling Helmet,Outdoor & Sports,2023-06-19,143,27098.5,5
SKU-008,Carbon Fiber Road Cycling Helmet,Outdoor & Sports,2023-06-26,149,28235.5,5
SKU-008,Carbon Fiber Road Cycling Helmet,Outdoor & Sports,2023-07-03,136,25772.0,4
SKU-008,Carbon Fiber Road Cycling Helmet,Outdoor & Sports,2023-07-10,144,27288,4
SKU-008,Carbon Fiber Road Cycling Helmet,Outdoor & Sports,2023-07-17,142,26909,4
SKU-008,Carbon Fiber Road Cycling Helmet,Outdoor & Sports,2023-07-24,129,24445.5,5
SKU-008,Carbon Fiber Road Cycling Helmet,Outdoor & Sports,2023-07-31,131,24824.5,4
SKU-008,Carbon Fiber Road Cycling Helmet,Outdoor & Sports,2023-08-07,95,18002.5,3
SKU-008,Carbon Fiber Road Cycling Helmet,Outdoor & Sports,2023-08-14,124,23498.0,5
SKU-008,Carbon Fiber Road Cycling Helmet,Outdoor & Sports,2023-08-21,114,21603.0,5
SKU-008,Carbon Fiber Road Cycling Helmet,Outdoor & Sports,2023-08-28,112,21224,3
SKU-008,Carbon Fiber Road Cycling Helmet,Outdoor & Sports,2023-09-04,69,13075.5,5
SKU-008,Carbon Fiber Road Cycling Helmet,Outdoor & Sports,2023-09-11,61,11559.5,3
SKU-008,Carbon Fiber Road Cycling Helmet,Outdoor & Sports,2023-09-18,58,10991,4
SKU-008,Carbon Fiber Road Cycling Helmet,Outdoor & Sports,2023-09-25,86,16297,4
SKU-008,Carbon Fiber Road Cycling Helmet,Outdoor & Sports,2023-10-02,77,14591.5,3
SKU-008,Carbon Fiber Road Cycling Helmet,Outdoor & Sports,2023-10-09,42,7959.0,3
SKU-008,Carbon Fiber Road Cycling Helmet,Outdoor & Sports,2023-10-16,76,14402.0,5
SKU-008,Carbon Fiber Road Cycling Helmet,Outdoor & Sports,2023-10-23,63,11938.5,5
SKU-008,Carbon Fiber Road Cycling Helmet,Outdoor & Sports,2023-10-30,68,12886.0,5
SKU-008,Carbon Fiber Road Cycling Helmet,Outdoor & Sports,2023-11-06,64,12128.0,4
SKU-008,Carbon Fiber Road Cycling Helmet,Outdoor & Sports,2023-11-13,50,9475,3
SKU-008,Carbon Fiber Road Cycling Helmet,Outdoor & Sports,2023-11-20,66,12507.0,5
SKU-008,Carbon Fiber Road Cycling Helmet,Outdoor & Sports,2023-11-27,82,15539,3
SKU-008,Carbon Fiber Road Cycling Helmet,Outdoor & Sports,2023-12-04,69,13075.5,3
SKU-008,Carbon Fiber Road Cycling Helmet,Outdoor & Sports,2023-12-11,60,11370.0,4
SKU-008,Carbon Fiber Road Cycling Helmet,Outdoor & Sports,2023-12-18,71,13454.5,5
SKU-008,Carbon Fiber Road Cycling Helmet,Outdoor & Sports,2023-12-25,76,14402.0,4
SKU-008,Carbon Fiber Road Cycling Helmet,Outdoor & Sports,2024-01-01,55,10422.5,5
SKU-008,Carbon Fiber Road Cycling Helmet,Outdoor & Sports,2024-01-08,54,10233.0,5
SKU-008,Carbon Fiber Road Cycling Helmet,Outdoor & Sports,2024-01-15,63,11938.5,3
SKU-008,Carbon Fiber Road Cycling Helmet,Outdoor & Sports,2024-01-22,84,15918.0,3
SKU-008,Carbon Fiber Road Cycling Helmet,Outdoor & Sports,2024-01-29,78,14781.0,4
SKU-008,Carbon Fiber Road Cycling Helmet,Outdoor & Sports,2024-02-05,61,11559.5,4
SKU-008,Carbon Fiber Road Cycling Helmet,Outdoor & Sports,2024-02-12,66,12507.0,3
SKU-008,Carbon Fiber Road Cycling Helmet,Outdoor & Sports,2024-02-19,57,10801.5,3
SKU-008,Carbon Fiber Road Cycling Helmet,Outdoor & Sports,2024-02-26,66,12507,4
SKU-008,Carbon Fiber Road Cycling Helmet,Outdoor & Sports,2024-03-04,89,16865.5,4
SKU-008,Carbon Fiber Road Cycling Helmet,Outdoor & Sports,2024-03-11,70,13265.0,5
SKU-008,Carbon Fiber Road Cycling Helmet,Outdoor & Sports,2024-03-18,77,14591.5,5
SKU-008,Carbon Fiber Road Cycling Helmet,Outdoor & Sports,2024-03-25,86,16297.0,5
SKU-008,Carbon Fiber Road Cycling Helmet,Outdoor & Sports,2024-04-01,88,16676.0,3
SKU-008,Carbon Fiber Road Cycling Helmet,Outdoor & Sports,2024-04-08,74,14023.0,5
SKU-008,Carbon Fiber Road Cycling Helmet,Outdoor & Sports,2024-04-15,67,12696.5,3
SKU-008,Carbon Fiber Road Cycling Helmet,Outdoor & Sports,2024-04-22,72,13644.0,4
SKU-008,Carbon Fiber Road Cycling Helmet,Outdoor & Sports,2024-04-29,93,17623.5,3
SKU-008,Carbon Fiber Road Cycling Helmet,Outdoor & Sports,2024-05-06,116,21982.0,4
SKU-008,Carbon Fiber Road Cycling Helmet,Outdoor & Sports,2024-05-13,132,25014.0,5
SKU-008,Carbon Fiber Road Cycling Helmet,Outdoor & Sports,2024-05-20,142,26909,3
SKU-008,Carbon Fiber Road Cycling Helmet,Outdoor & Sports,2024-05-27,134,25393.0,4
SKU-008,Carbon Fiber Road Cycling Helmet,Outdoor & Sports,2024-06-03,136,25772.0,4
SKU-008,Carbon Fiber Road Cycling Helmet,Outdoor & Sports,2024-06-10,132,25014.0,4
SKU-008,Carbon Fiber Road Cycling Helmet,Outdoor & Sports,2024-06-17,137,25961.5,3
SKU-008,Carbon Fiber Road Cycling Helmet,Outdoor & Sports,2024-06-24,137,25961.5,4
SKU-008,Carbon Fiber Road Cycling Helmet,Outdoor & Sports,2024-07-01,159,30130.5,4
SKU-008,Carbon Fiber Road Cycling Helmet,Outdoor & Sports,2024-07-08,151,28614.5,3
SKU-008,Carbon Fiber Road Cycling Helmet,Outdoor & Sports,2024-07-15,130,24635.0,5
SKU-008,Carbon Fiber Road Cycling Helmet,Outdoor & Sports,2024-07-22,136,25772.0,5
SKU-008,Carbon Fiber Road Cycling Helmet,Outdoor & Sports,2024-07-29,111,21034.5,3
SKU-008,Carbon Fiber Road Cycling Helmet,Outdoor & Sports,2024-08-05,148,28046.0,3
SKU-008,Carbon Fiber Road Cycling Helmet,Outdoor & Sports,2024-08-12,118,22361.0,4
SKU-008,Carbon Fiber Road Cycling Helmet,Outdoor & Sports,2024-08-19,108,20466.0,5
SKU-008,Carbon Fiber Road Cycling Helmet,Outdoor & Sports,2024-08-26,127,24066.5,5
SKU-008,Carbon Fiber Road Cycling Helmet,Outdoor & Sports,2024-09-02,70,13265,4
SKU-008,Carbon Fiber Road Cycling Helmet,Outdoor & Sports,2024-09-09,77,14591.5,3
SKU-008,Carbon Fiber Road Cycling Helmet,Outdoor & Sports,2024-09-16,72,13644.0,3
SKU-008,Carbon Fiber Road Cycling Helmet,Outdoor & Sports,2024-09-23,82,15539,4
SKU-008,Carbon Fiber Road Cycling Helmet,Outdoor & Sports,2024-09-30,74,14023.0,3
SKU-008,Carbon Fiber Road Cycling Helmet,Outdoor & Sports,2024-10-07,68,12886.0,5
SKU-008,Carbon Fiber Road Cycling Helmet,Outdoor & Sports,2024-10-14,71,13454.5,5
SKU-008,Carbon Fiber Road Cycling Helmet,Outdoor & Sports,2024-10-21,91,17244.5,4
SKU-008,Carbon Fiber Road Cycling Helmet,Outdoor & Sports,2024-10-28,76,14402.0,3
SKU-008,Carbon Fiber Road Cycling Helmet,Outdoor & Sports,2024-11-04,86,16297.0,3
SKU-008,Carbon Fiber Road Cycling Helmet,Outdoor & Sports,2024-11-11,64,12128.0,5
SKU-008,Carbon Fiber Road Cycling Helmet,Outdoor & Sports,2024-11-18,70,13265.0,5
SKU-008,Carbon Fiber Road Cycling Helmet,Outdoor & Sports,2024-11-25,80,15160.0,3
SKU-008,Carbon Fiber Road Cycling Helmet,Outdoor & Sports,2024-12-02,73,13833.5,4
SKU-008,Carbon Fiber Road Cycling Helmet,Outdoor & Sports,2024-12-09,85,16107.5,5
SKU-008,Carbon Fiber Road Cycling Helmet,Outdoor & Sports,2024-12-16,65,12317.5,5
SKU-008,Carbon Fiber Road Cycling Helmet,Outdoor & Sports,2024-12-23,66,12507.0,5
SKU-009,Men's Waterproof Trail Running Shoe,Apparel & Footwear,2023-01-02,109,16895,5
SKU-009,Men's Waterproof Trail Running Shoe,Apparel & Footwear,2023-01-09,106,16430,5
SKU-009,Men's Waterproof Trail Running Shoe,Apparel & Footwear,2023-01-16,104,16120,4
SKU-009,Men's Waterproof Trail Running Shoe,Apparel & Footwear,2023-01-23,97,15035,5
SKU-009,Men's Waterproof Trail Running Shoe,Apparel & Footwear,2023-01-30,114,17670,4
SKU-009,Men's Waterproof Trail Running Shoe,Apparel & Footwear,2023-02-06,108,16740,5
SKU-009,Men's Waterproof Trail Running Shoe,Apparel & Footwear,2023-02-13,102,15810,4
SKU-009,Men's Waterproof Trail Running Shoe,Apparel & Footwear,2023-02-20,127,19685,4
SKU-009,Men's Waterproof Trail Running Shoe,Apparel & Footwear,2023-02-27,103,15965,4
SKU-009,Men's Waterproof Trail Running Shoe,Apparel & Footwear,2023-03-06,140,21700,4
SKU-009,Men's Waterproof Trail Running Shoe,Apparel & Footwear,2023-03-13,164,25420,5
SKU-009,Men's Waterproof Trail Running Shoe,Apparel & Footwear,2023-03-20,181,28055,5
SKU-009,Men's Waterproof Trail Running Shoe,Apparel & Footwear,2023-03-27,126,19530,3
SKU-009,Men's Waterproof Trail Running Shoe,Apparel & Footwear,2023-04-03,163,25265,4
SKU-009,Men's Waterproof Trail Running Shoe,Apparel & Footwear,2023-04-10,179,27745,3
SKU-009,Men's Waterproof Trail Running Shoe,Apparel & Footwear,2023-04-17,166,25730,5
SKU-009,Men's Waterproof Trail Running Shoe,Apparel & Footwear,2023-04-24,170,26350,4
SKU-009,Men's Waterproof Trail Running Shoe,Apparel & Footwear,2023-05-01,141,21855,4
SKU-009,Men's Waterproof Trail Running Shoe,Apparel & Footwear,2023-05-08,157,24335,4
SKU-009,Men's Waterproof Trail Running Shoe,Apparel & Footwear,2023-05-15,162,25110,5
SKU-009,Men's Waterproof Trail Running Shoe,Apparel & Footwear,2023-05-22,190,29450,4
SKU-009,Men's Waterproof Trail Running Shoe,Apparel & Footwear,2023-05-29,175,27125,4
SKU-009,Men's Waterproof Trail Running Shoe,Apparel & Footwear,2023-06-05,173,26815,3
SKU-009,Men's Waterproof Trail Running Shoe,Apparel & Footwear,2023-06-12,167,25885,4
SKU-009,Men's Waterproof Trail Running Shoe,Apparel & Footwear,2023-06-19,156,24180,5
SKU-009,Men's Waterproof Trail Running Shoe,Apparel & Footwear,2023-06-26,142,22010,5
SKU-009,Men's Waterproof Trail Running Shoe,Apparel & Footwear,2023-07-03,141,21855,3
SKU-009,Men's Waterproof Trail Running Shoe,Apparel & Footwear,2023-07-10,184,28520,4
SKU-009,Men's Waterproof Trail Running Shoe,Apparel & Footwear,2023-07-17,144,22320,3
SKU-009,Men's Waterproof Trail Running Shoe,Apparel & Footwear,2023-07-24,184,28520,4
SKU-009,Men's Waterproof Trail Running Shoe,Apparel & Footwear,2023-07-31,166,25730,3
SKU-009,Men's Waterproof Trail Running Shoe,Apparel & Footwear,2023-08-07,164,25420,4
SKU-009,Men's Waterproof Trail Running Shoe,Apparel & Footwear,2023-08-14,158,24490,3
SKU-009,Men's Waterproof Trail Running Shoe,Apparel & Footwear,2023-08-21,182,28210,4
SKU-009,Men's Waterproof Trail Running Shoe,Apparel & Footwear,2023-08-28,156,24180,5
SKU-009,Men's Waterproof Trail Running Shoe,Apparel & Footwear,2023-09-04,105,16275,4
SKU-009,Men's Waterproof Trail Running Shoe,Apparel & Footwear,2023-09-11,110,17050,3
SKU-009,Men's Waterproof Trail Running Shoe,Apparel & Footwear,2023-09-18,111,17205,5
SKU-009,Men's Waterproof Trail Running Shoe,Apparel & Footwear,2023-09-25,131,20305,4
SKU-009,Men's Waterproof Trail Running Shoe,Apparel & Footwear,2023-10-02,109,16895,4
SKU-009,Men's Waterproof Trail Running Shoe,Apparel & Footwear,2023-10-09,104,16120,5
SKU-009,Men's Waterproof Trail Running Shoe,Apparel & Footwear,2023-10-16,98,15190,4
SKU-009,Men's Waterproof Trail Running Shoe,Apparel & Footwear,2023-10-23,120,18600,5
SKU-009,Men's Waterproof Trail Running Shoe,Apparel & Footwear,2023-10-30,90,13950,4
SKU-009,Men's Waterproof Trail Running Shoe,Apparel & Footwear,2023-11-06,130,20150,3
SKU-009,Men's Waterproof Trail Running Shoe,Apparel & Footwear,2023-11-13,122,18910,3
SKU-009,Men's Waterproof Trail Running Shoe,Apparel & Footwear,2023-11-20,98,15190,3
SKU-009,Men's Waterproof Trail Running Shoe,Apparel & Footwear,2023-11-27,123,19065,3
SKU-009,Men's Waterproof Trail Running Shoe,Apparel & Footwear,2023-12-04,131,20305,4
SKU-009,Men's Waterproof Trail Running Shoe,Apparel & Footwear,2023-12-11,105,16275,4
SKU-009,Men's Waterproof Trail Running Shoe,Apparel & Footwear,2023-12-18,106,16430,4
SKU-009,Men's Waterproof Trail Running Shoe,Apparel & Footwear,2023-12-25,112,17360,3
SKU-009,Men's Waterproof Trail Running Shoe,Apparel & Footwear,2024-01-01,109,16895,4
SKU-009,Men's Waterproof Trail Running Shoe,Apparel & Footwear,2024-01-08,116,17980,5
SKU-009,Men's Waterproof Trail Running Shoe,Apparel & Footwear,2024-01-15,101,15655,4
SKU-009,Men's Waterproof Trail Running Shoe,Apparel & Footwear,2024-01-22,128,19840,4
SKU-009,Men's Waterproof Trail Running Shoe,Apparel & Footwear,2024-01-29,99,15345,3
SKU-009,Men's Waterproof Trail Running Shoe,Apparel & Footwear,2024-02-05,121,18755,4
SKU-009,Men's Waterproof Trail Running Shoe,Apparel & Footwear,2024-02-12,119,18445,5
SKU-009,Men's Waterproof Trail Running Shoe,Apparel & Footwear,2024-02-19,106,16430,4
SKU-009,Men's Waterproof Trail Running Shoe,Apparel & Footwear,2024-02-26,132,20460,3
SKU-009,Men's Waterproof Trail Running Shoe,Apparel & Footwear,2024-03-04,159,24645,4
SKU-009,Men's Waterproof Trail Running Shoe,Apparel & Footwear,2024-03-11,158,24490,3
SKU-009,Men's Waterproof Trail Running Shoe,Apparel & Footwear,2024-03-18,167,25885,5
SKU-009,Men's Waterproof Trail Running Shoe,Apparel & Footwear,2024-03-25,194,30070,4
SKU-009,Men's Waterproof Trail Running Shoe,Apparel & Footwear,2024-04-01,189,29295,5
SKU-009,Men's Waterproof Trail Running Shoe,Apparel & Footwear,2024-04-08,164,25420,4
SKU-009,Men's Waterproof Trail Running Shoe,Apparel & Footwear,2024-04-15,193,29915,4
SKU-009,Men's Waterproof Trail Running Shoe,Apparel & Footwear,2024-04-22,179,27745,5
SKU-009,Men's Waterproof Trail Running Shoe,Apparel & Footwear,2024-04-29,188,29140,5
SKU-009,Men's Waterproof Trail Running Shoe,Apparel & Footwear,2024-05-06,172,26660,5
SKU-009,Men's Waterproof Trail Running Shoe,Apparel & Footwear,2024-05-13,166,25730,3
SKU-009,Men's Waterproof Trail Running Shoe,Apparel & Footwear,2024-05-20,167,25885,4
SKU-009,Men's Waterproof Trail Running Shoe,Apparel & Footwear,2024-05-27,187,28985,3
SKU-009,Men's Waterproof Trail Running Shoe,Apparel & Footwear,2024-06-03,152,23560,3
SKU-009,Men's Waterproof Trail Running Shoe,Apparel & Footwear,2024-06-10,164,25420,3
SKU-009,Men's Waterproof Trail Running Shoe,Apparel & Footwear,2024-06-17,153,23715,5
SKU-009,Men's Waterproof Trail Running Shoe,Apparel & Footwear,2024-06-24,161,24955,4
SKU-009,Men's Waterproof Trail Running Shoe,Apparel & Footwear,2024-07-01,169,26195,3
SKU-009,Men's Waterproof Trail Running Shoe,Apparel & Footwear,2024-07-08,172,26660,4
SKU-009,Men's Waterproof Trail Running Shoe,Apparel & Footwear,2024-07-15,172,26660,4
SKU-009,Men's Waterproof Trail Running Shoe,Apparel & Footwear,2024-07-22,190,29450,3
SKU-009,Men's Waterproof Trail Running Shoe,Apparel & Footwear,2024-07-29,159,24645,5
SKU-009,Men's Waterproof Trail Running Shoe,Apparel & Footwear,2024-08-05,183,28365,5
SKU-009,Men's Waterproof Trail Running Shoe,Apparel & Footwear,2024-08-12,173,26815,5
SKU-009,Men's Waterproof Trail Running Shoe,Apparel & Footwear,2024-08-19,186,28830,3
SKU-009,Men's Waterproof Trail Running Shoe,Apparel & Footwear,2024-08-26,199,30845,5
SKU-009,Men's Waterproof Trail Running Shoe,Apparel & Footwear,2024-09-02,136,21080,5
SKU-009,Men's Waterproof Trail Running Shoe,Apparel & Footwear,2024-09-09,114,17670,4
SKU-009,Men's Waterproof Trail Running Shoe,Apparel & Footwear,2024-09-16,104,16120,5
SKU-009,Men's Waterproof Trail Running Shoe,Apparel & Footwear,2024-09-23,140,21700,3
SKU-009,Men's Waterproof Trail Running Shoe,Apparel & Footwear,2024-09-30,113,17515,4
SKU-009,Men's Waterproof Trail Running Shoe,Apparel & Footwear,2024-10-07,129,19995,4
SKU-009,Men's Waterproof Trail Running Shoe,Apparel & Footwear,2024-10-14,113,17515,3
SKU-009,Men's Waterproof Trail Running Shoe,Apparel & Footwear,2024-10-21,124,19220,5
SKU-009,Men's Waterproof Trail Running Shoe,Apparel & Footwear,2024-10-28,119,18445,5
SKU-009,Men's Waterproof Trail Running Shoe,Apparel & Footwear,2024-11-04,95,14725,3
SKU-009,Men's Waterproof Trail Running Shoe,Apparel & Footwear,2024-11-11,119,18445,5
SKU-009,Men's Waterproof Trail Running Shoe,Apparel & Footwear,2024-11-18,109,16895,4
SKU-009,Men's Waterproof Trail Running Shoe,Apparel & Footwear,2024-11-25,143,22165,4
SKU-009,Men's Waterproof Trail Running Shoe,Apparel & Footwear,2024-12-02,118,18290,4
SKU-009,Men's Waterproof Trail Running Shoe,Apparel & Footwear,2024-12-09,103,15965,4
SKU-009,Men's Waterproof Trail Running Shoe,Apparel & Footwear,2024-12-16,128,19840,3
SKU-009,Men's Waterproof Trail Running Shoe,Apparel & Footwear,2024-12-23,120,18600,5
SKU-010,Women's Down Insulated Winter Parka,Apparel & Footwear,2023-01-02,138,34362,4
SKU-010,Women's Down Insulated Winter Parka,Apparel & Footwear,2023-01-09,147,36603,4
SKU-010,Women's Down Insulated Winter Parka,Apparel & Footwear,2023-01-16,126,31374,5
SKU-010,Women's Down Insulated Winter Parka,Apparel & Footwear,2023-01-23,161,40089,5
SKU-010,Women's Down Insulated Winter Parka,Apparel & Footwear,2023-01-30,138,34362,3
SKU-010,Women's Down Insulated Winter Parka,Apparel & Footwear,2023-02-06,131,32619,3
SKU-010,Women's Down Insulated Winter Parka,Apparel & Footwear,2023-02-13,128,31872,5
SKU-010,Women's Down Insulated Winter Parka,Apparel & Footwear,2023-02-20,126,31374,3
SKU-010,Women's Down Insulated Winter Parka,Apparel & Footwear,2023-02-27,122,30378,4
SKU-010,Women's Down Insulated Winter Parka,Apparel & Footwear,2023-03-06,79,19671,5
SKU-010,Women's Down Insulated Winter Parka,Apparel & Footwear,2023-03-13,85,21165,4
SKU-010,Women's Down Insulated Winter Parka,Apparel & Footwear,2023-03-20,91,22659,4
SKU-010,Women's Down Insulated Winter Parka,Apparel & Footwear,2023-03-27,84,20916,3
SKU-010,Women's Down Insulated Winter Parka,Apparel & Footwear,2023-04-03,72,17928,4
SKU-010,Women's Down Insulated Winter Parka,Apparel & Footwear,2023-04-10,84,20916,5
SKU-010,Women's Down Insulated Winter Parka,Apparel & Footwear,2023-04-17,99,24651,3
SKU-010,Women's Down Insulated Winter Parka,Apparel & Footwear,2023-04-24,84,20916,3
SKU-010,Women's Down Insulated Winter Parka,Apparel & Footwear,2023-05-01,59,14691,3
SKU-010,Women's Down Insulated Winter Parka,Apparel & Footwear,2023-05-08,78,19422,4
SKU-010,Women's Down Insulated Winter Parka,Apparel & Footwear,2023-05-15,87,21663,3
SKU-010,Women's Down Insulated Winter Parka,Apparel & Footwear,2023-05-22,97,24153,4
SKU-010,Women's Down Insulated Winter Parka,Apparel & Footwear,2023-05-29,110,27390,4
SKU-010,Women's Down Insulated Winter Parka,Apparel & Footwear,2023-06-05,55,13695,5
SKU-010,Women's Down Insulated Winter Parka,Apparel & Footwear,2023-06-12,62,15438,4
SKU-010,Women's Down Insulated Winter Parka,Apparel & Footwear,2023-06-19,42,10458,4
SKU-010,Women's Down Insulated Winter Parka,Apparel & Footwear,2023-06-26,54,13446,5
SKU-010,Women's Down Insulated Winter Parka,Apparel & Footwear,2023-07-03,66,16434,3
SKU-010,Women's Down Insulated Winter Parka,Apparel & Footwear,2023-07-10,57,14193,4
SKU-010,Women's Down Insulated Winter Parka,Apparel & Footwear,2023-07-17,41,10209,4
SKU-010,Women's Down Insulated Winter Parka,Apparel & Footwear,2023-07-24,62,15438,4
SKU-010,Women's Down Insulated Winter Parka,Apparel & Footwear,2023-07-31,45,11205,4
SKU-010,Women's Down Insulated Winter Parka,Apparel & Footwear,2023-08-07,59,14691,4
SKU-010,Women's Down Insulated Winter Parka,Apparel & Footwear,2023-08-14,46,11454,5
SKU-010,Women's Down Insulated Winter Parka,Apparel & Footwear,2023-08-21,65,16185,4
SKU-010,Women's Down Insulated Winter Parka,Apparel & Footwear,2023-08-28,52,12948,5
SKU-010,Women's Down Insulated Winter Parka,Apparel & Footwear,2023-09-04,86,21414,5
SKU-010,Women's Down Insulated Winter Parka,Apparel & Footwear,2023-09-11,100,24900,4
SKU-010,Women's Down Insulated Winter Parka,Apparel & Footwear,2023-09-18,90,22410,4
SKU-010,Women's Down Insulated Winter Parka,Apparel & Footwear,2023-09-25,95,23655,5
SKU-010,Women's Down Insulated Winter Parka,Apparel & Footwear,2023-10-02,84,20916,5
SKU-010,Women's Down Insulated Winter Parka,Apparel & Footwear,2023-10-09,65,16185,4
SKU-010,Women's Down Insulated Winter Parka,Apparel & Footwear,2023-10-16,81,20169,3
SKU-010,Women's Down Insulated Winter Parka,Apparel & Footwear,2023-10-23,78,19422,5
SKU-010,Women's Down Insulated Winter Parka,Apparel & Footwear,2023-10-30,91,22659,5
SKU-010,Women's Down Insulated Winter Parka,Apparel & Footwear,2023-11-06,161,40089,4
SKU-010,Women's Down Insulated Winter Parka,Apparel & Footwear,2023-11-13,133,33117,3
SKU-010,Women's Down Insulated Winter Parka,Apparel & Footwear,2023-11-20,144,35856,4
SKU-010,Women's Down Insulated Winter Parka,Apparel & Footwear,2023-11-27,148,36852,5
SKU-010,Women's Down Insulated Winter Parka,Apparel & Footwear,2023-12-04,139,34611,5
SKU-010,Women's Down Insulated Winter Parka,Apparel & Footwear,2023-12-11,123,30627,5
SKU-010,Women's Down Insulated Winter Parka,Apparel & Footwear,2023-12-18,150,37350,4
SKU-010,Women's Down Insulated Winter Parka,Apparel & Footwear,2023-12-25,144,35856,5
SKU-010,Women's Down Insulated Winter Parka,Apparel & Footwear,2024-01-01,151,37599,5
SKU-010,Women's Down Insulated Winter Parka,Apparel & Footwear,2024-01-08,140,34860,3
SKU-010,Women's Down Insulated Winter Parka,Apparel & Footwear,2024-01-15,160,39840,3
SKU-010,Women's Down Insulated Winter Parka,Apparel & Footwear,2024-01-22,162,40338,4
SKU-010,Women's Down Insulated Winter Parka,Apparel & Footwear,2024-01-29,137,34113,3
SKU-010,Women's Down Insulated Winter Parka,Apparel & Footwear,2024-02-05,145,36105,4
SKU-010,Women's Down Insulated Winter Parka,Apparel & Footwear,2024-02-12,141,35109,5
SKU-010,Women's Down Insulated Winter Parka,Apparel & Footwear,2024-02-19,138,34362,5
SKU-010,Women's Down Insulated Winter Parka,Apparel & Footwear,2024-02-26,115,28635,4
SKU-010,Women's Down Insulated Winter Parka,Apparel & Footwear,2024-03-04,99,24651,4
SKU-010,Women's Down Insulated Winter Parka,Apparel & Footwear,2024-03-11,96,23904,3
SKU-010,Women's Down Insulated Winter Parka,Apparel & Footwear,2024-03-18,70,17430,5
SKU-010,Women's Down Insulated Winter Parka,Apparel & Footwear,2024-03-25,93,23157,3
SKU-010,Women's Down Insulated Winter Parka,Apparel & Footwear,2024-04-01,74,18426,3
SKU-010,Women's Down Insulated Winter Parka,Apparel & Footwear,2024-04-08,69,17181,3
SKU-010,Women's Down Insulated Winter Parka,Apparel & Footwear,2024-04-15,109,27141,4
SKU-010,Women's Down Insulated Winter Parka,Apparel & Footwear,2024-04-22,77,19173,5
SKU-010,Women's Down Insulated Winter Parka,Apparel & Footwear,2024-04-29,81,20169,4
SKU-010,Women's Down Insulated Winter Parka,Apparel & Footwear,2024-05-06,92,22908,3
SKU-010,Women's Down Insulated Winter Parka,Apparel & Footwear,2024-05-13,68,16932,5
SKU-010,Women's Down Insulated Winter Parka,Apparel & Footwear,2024-05-20,86,21414,4
SKU-010,Women's Down Insulated Winter Parka,Apparel & Footwear,2024-05-27,80,19920,3
SKU-010,Women's Down Insulated Winter Parka,Apparel & Footwear,2024-06-03,51,12699,3
SKU-010,Women's Down Insulated Winter Parka,Apparel & Footwear,2024-06-10,50,12450,5
SKU-010,Women's Down Insulated Winter Parka,Apparel & Footwear,2024-06-17,75,18675,4
SKU-010,Women's Down Insulated Winter Parka,Apparel & Footwear,2024-06-24,51,12699,3
SKU-010,Women's Down Insulated Winter Parka,Apparel & Footwear,2024-07-01,52,12948,4
SKU-010,Women's Down Insulated Winter Parka,Apparel & Footwear,2024-07-08,60,14940,4
SKU-010,Women's Down Insulated Winter Parka,Apparel & Footwear,2024-07-15,58,14442,5
SKU-010,Women's Down Insulated Winter Parka,Apparel & Footwear,2024-07-22,56,13944,3
SKU-010,Women's Down Insulated Winter Parka,Apparel & Footwear,2024-07-29,68,16932,4
SKU-010,Women's Down Insulated Winter Parka,Apparel & Footwear,2024-08-05,64,15936,3
SKU-010,Women's Down Insulated Winter Parka,Apparel & Footwear,2024-08-12,56,13944,3
SKU-010,Women's Down Insulated Winter Parka,Apparel & Footwear,2024-08-19,69,17181,4
SKU-010,Women's Down Insulated Winter Parka,Apparel & Footwear,2024-08-26,50,12450,4
SKU-010,Women's Down Insulated Winter Parka,Apparel & Footwear,2024-09-02,87,21663,3
SKU-010,Women's Down Insulated Winter Parka,Apparel & Footwear,2024-09-09,67,16683,4
SKU-010,Women's Down Insulated Winter Parka,Apparel & Footwear,2024-09-16,86,21414,4
SKU-010,Women's Down Insulated Winter Parka,Apparel & Footwear,2024-09-23,84,20916,3
SKU-010,Women's Down Insulated Winter Parka,Apparel & Footwear,2024-09-30,68,16932,4
SKU-010,Women's Down Insulated Winter Parka,Apparel & Footwear,2024-10-07,72,17928,3
SKU-010,Women's Down Insulated Winter Parka,Apparel & Footwear,2024-10-14,89,22161,5
SKU-010,Women's Down Insulated Winter Parka,Apparel & Footwear,2024-10-21,65,16185,5
SKU-010,Women's Down Insulated Winter Parka,Apparel & Footwear,2024-10-28,81,20169,5
SKU-010,Women's Down Insulated Winter Parka,Apparel & Footwear,2024-11-04,141,35109,3
SKU-010,Women's Down Insulated Winter Parka,Apparel & Footwear,2024-11-11,148,36852,4
SKU-010,Women's Down Insulated Winter Parka,Apparel & Footwear,2024-11-18,140,34860,4
SKU-010,Women's Down Insulated Winter Parka,Apparel & Footwear,2024-11-25,113,28137,5
SKU-010,Women's Down Insulated Winter Parka,Apparel & Footwear,2024-12-02,161,40089,5
SKU-010,Women's Down Insulated Winter Parka,Apparel & Footwear,2024-12-09,116,28884,4
SKU-010,Women's Down Insulated Winter Parka,Apparel & Footwear,2024-12-16,140,34860,5
SKU-010,Women's Down Insulated Winter Parka,Apparel & Footwear,2024-12-23,158,39342,5
SKU-011,Custom Mechanical Gaming Keyboard RGB,Consumer Electronics,2023-01-02,76,12919.24,3
SKU-011,Custom Mechanical Gaming Keyboard RGB,Consumer Electronics,2023-01-09,83,14109.17,5
SKU-011,Custom Mechanical Gaming Keyboard RGB,Consumer Electronics,2023-01-16,108,18358.920000000002,5
SKU-011,Custom Mechanical Gaming Keyboard RGB,Consumer Electronics,2023-01-23,109,18528.91,5
SKU-011,Custom Mechanical Gaming Keyboard RGB,Consumer Electronics,2023-01-30,79,13429.210000000001,4
SKU-011,Custom Mechanical Gaming Keyboard RGB,Consumer Electronics,2023-02-06,111,18868.89,5
SKU-011,Custom Mechanical Gaming Keyboard RGB,Consumer Electronics,2023-02-13,104,17678.96,5
SKU-011,Custom Mechanical Gaming Keyboard RGB,Consumer Electronics,2023-02-20,100,16999.0,4
SKU-011,Custom Mechanical Gaming Keyboard RGB,Consumer Electronics,2023-02-27,106,18018.94,4
SKU-011,Custom Mechanical Gaming Keyboard RGB,Consumer Electronics,2023-03-06,109,18528.91,3
SKU-011,Custom Mechanical Gaming Keyboard RGB,Consumer Electronics,2023-03-13,111,18868.89,3
SKU-011,Custom Mechanical Gaming Keyboard RGB,Consumer Electronics,2023-03-20,100,16999.0,3
SKU-011,Custom Mechanical Gaming Keyboard RGB,Consumer Electronics,2023-03-27,88,14959.119999999999,3
SKU-011,Custom Mechanical Gaming Keyboard RGB,Consumer Electronics,2023-04-03,114,19378.86,4
SKU-011,Custom Mechanical Gaming Keyboard RGB,Consumer Electronics,2023-04-10,111,18868.89,5
SKU-011,Custom Mechanical Gaming Keyboard RGB,Consumer Electronics,2023-04-17,112,19038.88,5
SKU-011,Custom Mechanical Gaming Keyboard RGB,Consumer Electronics,2023-04-24,99,16829.010000000002,4
SKU-011,Custom Mechanical Gaming Keyboard RGB,Consumer Electronics,2023-05-01,111,18868.89,3
SKU-011,Custom Mechanical Gaming Keyboard RGB,Consumer Electronics,2023-05-08,107,18188.93,3
SKU-011,Custom Mechanical Gaming Keyboard RGB,Consumer Electronics,2023-05-15,86,14619.14,5
SKU-011,Custom Mechanical Gaming Keyboard RGB,Consumer Electronics,2023-05-22,104,17678.96,5
SKU-011,Custom Mechanical Gaming Keyboard RGB,Consumer Electronics,2023-05-29,106,18018.94,5
SKU-011,Custom Mechanical Gaming Keyboard RGB,Consumer Electronics,2023-06-05,100,16999.0,4
SKU-011,Custom Mechanical Gaming Keyboard RGB,Consumer Electronics,2023-06-12,107,18188.93,5
SKU-011,Custom Mechanical Gaming Keyboard RGB,Consumer Electronics,2023-06-19,98,16659.02,4
SKU-011,Custom Mechanical Gaming Keyboard RGB,Consumer Electronics,2023-06-26,109,18528.91,5
SKU-011,Custom Mechanical Gaming Keyboard RGB,Consumer Electronics,2023-07-03,103,17508.97,4
SKU-011,Custom Mechanical Gaming Keyboard RGB,Consumer Electronics,2023-07-10,107,18188.93,3
SKU-011,Custom Mechanical Gaming Keyboard RGB,Consumer Electronics,2023-07-17,120,20398.8,4
SKU-011,Custom Mechanical Gaming Keyboard RGB,Consumer Electronics,2023-07-24,102,17338.98,3
SKU-011,Custom Mechanical Gaming Keyboard RGB,Consumer Electronics,2023-07-31,115,19548.85,4
SKU-011,Custom Mechanical Gaming Keyboard RGB,Consumer Electronics,2023-08-07,92,15639.08,5
SKU-011,Custom Mechanical Gaming Keyboard RGB,Consumer Electronics,2023-08-14,108,18358.92,3
SKU-011,Custom Mechanical Gaming Keyboard RGB,Consumer Electronics,2023-08-21,94,15979.06,4
SKU-011,Custom Mechanical Gaming Keyboard RGB,Consumer Electronics,2023-08-28,120,20398.8,4
SKU-011,Custom Mechanical Gaming Keyboard RGB,Consumer Electronics,2023-09-04,101,17168.989999999998,5
SKU-011,Custom Mechanical Gaming Keyboard RGB,Consumer Electronics,2023-09-11,113,19208.87,3
SKU-011,Custom Mechanical Gaming Keyboard RGB,Consumer Electronics,2023-09-18,129,21928.71,3
SKU-011,Custom Mechanical Gaming Keyboard RGB,Consumer Electronics,2023-09-25,113,19208.87,5
SKU-011,Custom Mechanical Gaming Keyboard RGB,Consumer Electronics,2023-10-02,111,18868.89,5
SKU-011,Custom Mechanical Gaming Keyboard RGB,Consumer Electronics,2023-10-09,108,18358.920000000002,5
SKU-011,Custom Mechanical Gaming Keyboard RGB,Consumer Electronics,2023-10-16,108,18358.92,5
SKU-011,Custom Mechanical Gaming Keyboard RGB,Consumer Electronics,2023-10-23,115,19548.850000000002,5
SKU-011,Custom Mechanical Gaming Keyboard RGB,Consumer Electronics,2023-10-30,127,21588.73,3
SKU-011,Custom Mechanical Gaming Keyboard RGB,Consumer Electronics,2023-11-06,191,32468.089999999997,3
SKU-011,Custom Mechanical Gaming Keyboard RGB,Consumer Electronics,2023-11-13,187,31788.13,4
SKU-011,Custom Mechanical Gaming Keyboard RGB,Consumer Electronics,2023-11-20,192,32638.08,3
SKU-011,Custom Mechanical Gaming Keyboard RGB,Consumer Electronics,2023-11-27,211,35867.89,5
SKU-011,Custom Mechanical Gaming Keyboard RGB,Consumer Electronics,2023-12-04,207,35187.93,4
SKU-011,Custom Mechanical Gaming Keyboard RGB,Consumer Electronics,2023-12-11,183,31108.17,3
SKU-011,Custom Mechanical Gaming Keyboard RGB,Consumer Electronics,2023-12-18,197,33488.03,3
SKU-011,Custom Mechanical Gaming Keyboard RGB,Consumer Electronics,2023-12-25,168,28558.32,4
SKU-011,Custom Mechanical Gaming Keyboard RGB,Consumer Electronics,2024-01-01,106,18018.94,5
SKU-011,Custom Mechanical Gaming Keyboard RGB,Consumer Electronics,2024-01-08,118,20058.82,4
SKU-011,Custom Mechanical Gaming Keyboard RGB,Consumer Electronics,2024-01-15,92,15639.08,4
SKU-011,Custom Mechanical Gaming Keyboard RGB,Consumer Electronics,2024-01-22,102,17338.98,4
SKU-011,Custom Mechanical Gaming Keyboard RGB,Consumer Electronics,2024-01-29,113,19208.87,4
SKU-011,Custom Mechanical Gaming Keyboard RGB,Consumer Electronics,2024-02-05,96,16319.04,5
SKU-011,Custom Mechanical Gaming Keyboard RGB,Consumer Electronics,2024-02-12,119,20228.81,5
SKU-011,Custom Mechanical Gaming Keyboard RGB,Consumer Electronics,2024-02-19,91,15469.09,3
SKU-011,Custom Mechanical Gaming Keyboard RGB,Consumer Electronics,2024-02-26,89,15129.11,4
SKU-011,Custom Mechanical Gaming Keyboard RGB,Consumer Electronics,2024-03-04,103,17508.97,5
SKU-011,Custom Mechanical Gaming Keyboard RGB,Consumer Electronics,2024-03-11,114,19378.86,4
SKU-011,Custom Mechanical Gaming Keyboard RGB,Consumer Electronics,2024-03-18,91,15469.09,3
SKU-011,Custom Mechanical Gaming Keyboard RGB,Consumer Electronics,2024-03-25,115,19548.85,3
SKU-011,Custom Mechanical Gaming Keyboard RGB,Consumer Electronics,2024-04-01,130,22098.7,3
SKU-011,Custom Mechanical Gaming Keyboard RGB,Consumer Electronics,2024-04-08,110,18698.9,4
SKU-011,Custom Mechanical Gaming Keyboard RGB,Consumer Electronics,2024-04-15,101,17168.99,5
SKU-011,Custom Mechanical Gaming Keyboard RGB,Consumer Electronics,2024-04-22,124,21078.76,3
SKU-011,Custom Mechanical Gaming Keyboard RGB,Consumer Electronics,2024-04-29,107,18188.93,4
SKU-011,Custom Mechanical Gaming Keyboard RGB,Consumer Electronics,2024-05-06,126,21418.74,5
SKU-011,Custom Mechanical Gaming Keyboard RGB,Consumer Electronics,2024-05-13,104,17678.96,5
SKU-011,Custom Mechanical Gaming Keyboard RGB,Consumer Electronics,2024-05-20,81,13769.19,4
SKU-011,Custom Mechanical Gaming Keyboard RGB,Consumer Electronics,2024-05-27,121,20568.79,4
SKU-011,Custom Mechanical Gaming Keyboard RGB,Consumer Electronics,2024-06-03,111,18868.89,5
SKU-011,Custom Mechanical Gaming Keyboard RGB,Consumer Electronics,2024-06-10,107,18188.93,5
SKU-011,Custom Mechanical Gaming Keyboard RGB,Consumer Electronics,2024-06-17,97,16489.03,5
SKU-011,Custom Mechanical Gaming Keyboard RGB,Consumer Electronics,2024-06-24,124,21078.76,4
SKU-011,Custom Mechanical Gaming Keyboard RGB,Consumer Electronics,2024-07-01,102,17338.98,5
SKU-011,Custom Mechanical Gaming Keyboard RGB,Consumer Electronics,2024-07-08,124,21078.760000000002,5
SKU-011,Custom Mechanical Gaming Keyboard RGB,Consumer Electronics,2024-07-15,102,17338.98,4
SKU-011,Custom Mechanical Gaming Keyboard RGB,Consumer Electronics,2024-07-22,116,19718.84,3
SKU-011,Custom Mechanical Gaming Keyboard RGB,Consumer Electronics,2024-07-29,119,20228.81,5
SKU-011,Custom Mechanical Gaming Keyboard RGB,Consumer Electronics,2024-08-05,120,20398.8,3
SKU-011,Custom Mechanical Gaming Keyboard RGB,Consumer Electronics,2024-08-12,116,19718.84,5
SKU-011,Custom Mechanical Gaming Keyboard RGB,Consumer Electronics,2024-08-19,106,18018.94,5
SKU-011,Custom Mechanical Gaming Keyboard RGB,Consumer Electronics,2024-08-26,124,21078.760000000002,3
SKU-011,Custom Mechanical Gaming Keyboard RGB,Consumer Electronics,2024-09-02,133,22608.67,4
SKU-011,Custom Mechanical Gaming Keyboard RGB,Consumer Electronics,2024-09-09,125,21248.75,3
SKU-011,Custom Mechanical Gaming Keyboard RGB,Consumer Electronics,2024-09-16,108,18358.92,5
SKU-011,Custom Mechanical Gaming Keyboard RGB,Consumer Electronics,2024-09-23,102,17338.98,3
SKU-011,Custom Mechanical Gaming Keyboard RGB,Consumer Electronics,2024-09-30,106,18018.940000000002,4
SKU-011,Custom Mechanical Gaming Keyboard RGB,Consumer Electronics,2024-10-07,108,18358.92,5
SKU-011,Custom Mechanical Gaming Keyboard RGB,Consumer Electronics,2024-10-14,109,18528.91,3
SKU-011,Custom Mechanical Gaming Keyboard RGB,Consumer Electronics,2024-10-21,95,16149.050000000001,5
SKU-011,Custom Mechanical Gaming Keyboard RGB,Consumer Electronics,2024-10-28,108,18358.920000000002,5
SKU-011,Custom Mechanical Gaming Keyboard RGB,Consumer Electronics,2024-11-04,186,31618.14,4
SKU-011,Custom Mechanical Gaming Keyboard RGB,Consumer Electronics,2024-11-11,181,30768.190000000002,3
SKU-011,Custom Mechanical Gaming Keyboard RGB,Consumer Electronics,2024-11-18,241,40967.59,5
SKU-011,Custom Mechanical Gaming Keyboard RGB,Consumer Electronics,2024-11-25,232,39437.68,4
SKU-011,Custom Mechanical Gaming Keyboard RGB,Consumer Electronics,2024-12-02,255,43347.45,5
SKU-011,Custom Mechanical Gaming Keyboard RGB,Consumer Electronics,2024-12-09,223,37907.770000000004,4
SKU-011,Custom Mechanical Gaming Keyboard RGB,Consumer Electronics,2024-12-16,192,32638.08,5
SKU-011,Custom Mechanical Gaming Keyboard RGB,Consumer Electronics,2024-12-23,183,31108.17,5
SKU-012,4K Ultra-HD Streaming Conference Webcam,Consumer Electronics,2023-01-02,100,12999.0,3
SKU-012,4K Ultra-HD Streaming Conference Webcam,Consumer Electronics,2023-01-09,95,12349.05,4
SKU-012,4K Ultra-HD Streaming Conference Webcam,Consumer Electronics,2023-01-16,97,12609.029999999999,4
SKU-012,4K Ultra-HD Streaming Conference Webcam,Consumer Electronics,2023-01-23,111,14428.89,4
SKU-012,4K Ultra-HD Streaming Conference Webcam,Consumer Electronics,2023-01-30,148,19238.52,3
SKU-012,4K Ultra-HD Streaming Conference Webcam,Consumer Electronics,2023-02-06,85,11049.15,3
SKU-012,4K Ultra-HD Streaming Conference Webcam,Consumer Electronics,2023-02-13,114,14818.86,5
SKU-012,4K Ultra-HD Streaming Conference Webcam,Consumer Electronics,2023-02-20,116,15078.84,5
SKU-012,4K Ultra-HD Streaming Conference Webcam,Consumer Electronics,2023-02-27,124,16118.76,4
SKU-012,4K Ultra-HD Streaming Conference Webcam,Consumer Electronics,2023-03-06,129,16768.71,4
SKU-012,4K Ultra-HD Streaming Conference Webcam,Consumer Electronics,2023-03-13,133,17288.67,5
SKU-012,4K Ultra-HD Streaming Conference Webcam,Consumer Electronics,2023-03-20,89,11569.11,5
SKU-012,4K Ultra-HD Streaming Conference Webcam,Consumer Electronics,2023-03-27,109,14168.91,5
SKU-012,4K Ultra-HD Streaming Conference Webcam,Consumer Electronics,2023-04-03,106,13778.94,3
SKU-012,4K Ultra-HD Streaming Conference Webcam,Consumer Electronics,2023-04-10,136,17678.64,4
SKU-012,4K Ultra-HD Streaming Conference Webcam,Consumer Electronics,2023-04-17,112,14558.88,4
SKU-012,4K Ultra-HD Streaming Conference Webcam,Consumer Electronics,2023-04-24,138,17938.62,3
SKU-012,4K Ultra-HD Streaming Conference Webcam,Consumer Electronics,2023-05-01,117,15208.83,3
SKU-012,4K Ultra-HD Streaming Conference Webcam,Consumer Electronics,2023-05-08,110,14298.9,4
SKU-012,4K Ultra-HD Streaming Conference Webcam,Consumer Electronics,2023-05-15,127,16508.73,5
SKU-012,4K Ultra-HD Streaming Conference Webcam,Consumer Electronics,2023-05-22,118,15338.82,3
SKU-012,4K Ultra-HD Streaming Conference Webcam,Consumer Electronics,2023-05-29,109,14168.91,5
SKU-012,4K Ultra-HD Streaming Conference Webcam,Consumer Electronics,2023-06-05,96,12479.04,5
SKU-012,4K Ultra-HD Streaming Conference Webcam,Consumer Electronics,2023-06-12,125,16248.75,3
SKU-012,4K Ultra-HD Streaming Conference Webcam,Consumer Electronics,2023-06-19,124,16118.76,5
SKU-012,4K Ultra-HD Streaming Conference Webcam,Consumer Electronics,2023-06-26,106,13778.94,5
SKU-012,4K Ultra-HD Streaming Conference Webcam,Consumer Electronics,2023-07-03,123,15988.77,3
SKU-012,4K Ultra-HD Streaming Conference Webcam,Consumer Electronics,2023-07-10,102,13258.98,5
SKU-012,4K Ultra-HD Streaming Conference Webcam,Consumer Electronics,2023-07-17,107,13908.93,3
SKU-012,4K Ultra-HD Streaming Conference Webcam,Consumer Electronics,2023-07-24,101,13128.99,4
SKU-012,4K Ultra-HD Streaming Conference Webcam,Consumer Electronics,2023-07-31,132,17158.68,4
SKU-012,4K Ultra-HD Streaming Conference Webcam,Consumer Electronics,2023-08-07,120,15598.8,5
SKU-012,4K Ultra-HD Streaming Conference Webcam,Consumer Electronics,2023-08-14,110,14298.9,4
SKU-012,4K Ultra-HD Streaming Conference Webcam,Consumer Electronics,2023-08-21,118,15338.82,5
SKU-012,4K Ultra-HD Streaming Conference Webcam,Consumer Electronics,2023-08-28,109,14168.91,3
SKU-012,4K Ultra-HD Streaming Conference Webcam,Consumer Electronics,2023-09-04,125,16248.75,5
SKU-012,4K Ultra-HD Streaming Conference Webcam,Consumer Electronics,2023-09-11,95,12349.050000000001,4
SKU-012,4K Ultra-HD Streaming Conference Webcam,Consumer Electronics,2023-09-18,120,15598.8,5
SKU-012,4K Ultra-HD Streaming Conference Webcam,Consumer Electronics,2023-09-25,115,14948.85,3
SKU-012,4K Ultra-HD Streaming Conference Webcam,Consumer Electronics,2023-10-02,118,15338.82,5
SKU-012,4K Ultra-HD Streaming Conference Webcam,Consumer Electronics,2023-10-09,99,12869.01,5
SKU-012,4K Ultra-HD Streaming Conference Webcam,Consumer Electronics,2023-10-16,125,16248.75,3
SKU-012,4K Ultra-HD Streaming Conference Webcam,Consumer Electronics,2023-10-23,122,15858.779999999999,4
SKU-012,4K Ultra-HD Streaming Conference Webcam,Consumer Electronics,2023-10-30,96,12479.04,5
SKU-012,4K Ultra-HD Streaming Conference Webcam,Consumer Electronics,2023-11-06,120,15598.8,4
SKU-012,4K Ultra-HD Streaming Conference Webcam,Consumer Electronics,2023-11-13,114,14818.86,5
SKU-012,4K Ultra-HD Streaming Conference Webcam,Consumer Electronics,2023-11-20,120,15598.8,5
SKU-012,4K Ultra-HD Streaming Conference Webcam,Consumer Electronics,2023-11-27,122,15858.78,3
SKU-012,4K Ultra-HD Streaming Conference Webcam,Consumer Electronics,2023-12-04,118,15338.82,3
SKU-012,4K Ultra-HD Streaming Conference Webcam,Consumer Electronics,2023-12-11,120,15598.8,3
SKU-012,4K Ultra-HD Streaming Conference Webcam,Consumer Electronics,2023-12-18,126,16378.74,4
SKU-012,4K Ultra-HD Streaming Conference Webcam,Consumer Electronics,2023-12-25,144,18718.56,5
SKU-012,4K Ultra-HD Streaming Conference Webcam,Consumer Electronics,2024-01-01,134,17418.66,5
SKU-012,4K Ultra-HD Streaming Conference Webcam,Consumer Electronics,2024-01-08,128,16638.72,5
SKU-012,4K Ultra-HD Streaming Conference Webcam,Consumer Electronics,2024-01-15,107,13908.93,4
SKU-012,4K Ultra-HD Streaming Conference Webcam,Consumer Electronics,2024-01-22,127,16508.73,4
SKU-012,4K Ultra-HD Streaming Conference Webcam,Consumer Electronics,2024-01-29,150,19498.5,4
SKU-012,4K Ultra-HD Streaming Conference Webcam,Consumer Electronics,2024-02-05,131,17028.69,5
SKU-012,4K Ultra-HD Streaming Conference Webcam,Consumer Electronics,2024-02-12,136,17678.64,5
SKU-012,4K Ultra-HD Streaming Conference Webcam,Consumer Electronics,2024-02-19,129,16768.71,5
SKU-012,4K Ultra-HD Streaming Conference Webcam,Consumer Electronics,2024-02-26,140,18198.6,3
SKU-012,4K Ultra-HD Streaming Conference Webcam,Consumer Electronics,2024-03-04,115,14948.85,3
SKU-012,4K Ultra-HD Streaming Conference Webcam,Consumer Electronics,2024-03-11,121,15728.79,5
SKU-012,4K Ultra-HD Streaming Conference Webcam,Consumer Electronics,2024-03-18,136,17678.64,3
SKU-012,4K Ultra-HD Streaming Conference Webcam,Consumer Electronics,2024-03-25,117,15208.83,5
SKU-012,4K Ultra-HD Streaming Conference Webcam,Consumer Electronics,2024-04-01,108,14038.92,4
SKU-012,4K Ultra-HD Streaming Conference Webcam,Consumer Electronics,2024-04-08,133,17288.67,5
SKU-012,4K Ultra-HD Streaming Conference Webcam,Consumer Electronics,2024-04-15,144,18718.559999999998,3
SKU-012,4K Ultra-HD Streaming Conference Webcam,Consumer Electronics,2024-04-22,116,15078.84,4
SKU-012,4K Ultra-HD Streaming Conference Webcam,Consumer Electronics,2024-04-29,148,19238.52,3
SKU-012,4K Ultra-HD Streaming Conference Webcam,Consumer Electronics,2024-05-06,123,15988.77,5
SKU-012,4K Ultra-HD Streaming Conference Webcam,Consumer Electronics,2024-05-13,100,12999.0,5
SKU-012,4K Ultra-HD Streaming Conference Webcam,Consumer Electronics,2024-05-20,122,15858.78,5
SKU-012,4K Ultra-HD Streaming Conference Webcam,Consumer Electronics,2024-05-27,113,14688.869999999999,4
SKU-012,4K Ultra-HD Streaming Conference Webcam,Consumer Electronics,2024-06-03,104,13518.96,3
SKU-012,4K Ultra-HD Streaming Conference Webcam,Consumer Electronics,2024-06-10,124,16118.76,4
SKU-012,4K Ultra-HD Streaming Conference Webcam,Consumer Electronics,2024-06-17,132,17158.68,3
SKU-012,4K Ultra-HD Streaming Conference Webcam,Consumer Electronics,2024-06-24,121,15728.79,3
SKU-012,4K Ultra-HD Streaming Conference Webcam,Consumer Electronics,2024-07-01,113,14688.87,4
SKU-012,4K Ultra-HD Streaming Conference Webcam,Consumer Electronics,2024-07-08,117,15208.83,4
SKU-012,4K Ultra-HD Streaming Conference Webcam,Consumer Electronics,2024-07-15,109,14168.91,5
SKU-012,4K Ultra-HD Streaming Conference Webcam,Consumer Electronics,2024-07-22,92,11959.08,4
SKU-012,4K Ultra-HD Streaming Conference Webcam,Consumer Electronics,2024-07-29,91,11829.09,5
SKU-012,4K Ultra-HD Streaming Conference Webcam,Consumer Electronics,2024-08-05,146,18978.54,3
SKU-012,4K Ultra-HD Streaming Conference Webcam,Consumer Electronics,2024-08-12,114,14818.86,4
SKU-012,4K Ultra-HD Streaming Conference Webcam,Consumer Electronics,2024-08-19,111,14428.89,4
SKU-012,4K Ultra-HD Streaming Conference Webcam,Consumer Electronics,2024-08-26,143,18588.57,5
SKU-012,4K Ultra-HD Streaming Conference Webcam,Consumer Electronics,2024-09-02,121,15728.789999999999,4
SKU-012,4K Ultra-HD Streaming Conference Webcam,Consumer Electronics,2024-09-09,125,16248.75,3
SKU-012,4K Ultra-HD Streaming Conference Webcam,Consumer Electronics,2024-09-16,103,13388.97,5
SKU-012,4K Ultra-HD Streaming Conference Webcam,Consumer Electronics,2024-09-23,139,18068.61,3
SKU-012,4K Ultra-HD Streaming Conference Webcam,Consumer Electronics,2024-09-30,140,18198.6,5
SKU-012,4K Ultra-HD Streaming Conference Webcam,Consumer Electronics,2024-10-07,118,15338.82,5
SKU-012,4K Ultra-HD Streaming Conference Webcam,Consumer Electronics,2024-10-14,121,15728.79,3
SKU-012,4K Ultra-HD Streaming Conference Webcam,Consumer Electronics,2024-10-21,106,13778.94,3
SKU-012,4K Ultra-HD Streaming Conference Webcam,Consumer Electronics,2024-10-28,130,16898.7,4
SKU-012,4K Ultra-HD Streaming Conference Webcam,Consumer Electronics,2024-11-04,105,13648.95,4
SKU-012,4K Ultra-HD Streaming Conference Webcam,Consumer Electronics,2024-11-11,138,17938.62,5
SKU-012,4K Ultra-HD Streaming Conference Webcam,Consumer Electronics,2024-11-18,120,15598.800000000001,5
SKU-012,4K Ultra-HD Streaming Conference Webcam,Consumer Electronics,2024-11-25,120,15598.800000000001,4
SKU-012,4K Ultra-HD Streaming Conference Webcam,Consumer Electronics,2024-12-02,150,19498.5,3
SKU-012,4K Ultra-HD Streaming Conference Webcam,Consumer Electronics,2024-12-09,126,16378.74,3
SKU-012,4K Ultra-HD Streaming Conference Webcam,Consumer Electronics,2024-12-16,116,15078.84,5
SKU-012,4K Ultra-HD Streaming Conference Webcam,Consumer Electronics,2024-12-23,104,13518.960000000001,3
SKU-013,Tri-Band WiFi 7 Mesh Router System,Consumer Electronics,2023-01-02,49,16169.509999999998,4
SKU-013,Tri-Band WiFi 7 Mesh Router System,Consumer Electronics,2023-01-09,45,14849.55,4
SKU-013,Tri-Band WiFi 7 Mesh Router System,Consumer Electronics,2023-01-16,38,12539.619999999999,3
SKU-013,Tri-Band WiFi 7 Mesh Router System,Consumer Electronics,2023-01-23,50,16499.5,3
SKU-013,Tri-Band WiFi 7 Mesh Router System,Consumer Electronics,2023-01-30,59,19469.41,3
SKU-013,Tri-Band WiFi 7 Mesh Router System,Consumer Electronics,2023-02-06,45,14849.55,4
SKU-013,Tri-Band WiFi 7 Mesh Router System,Consumer Electronics,2023-02-13,56,18479.440000000002,3
SKU-013,Tri-Band WiFi 7 Mesh Router System,Consumer Electronics,2023-02-20,61,20129.39,3
SKU-013,Tri-Band WiFi 7 Mesh Router System,Consumer Electronics,2023-02-27,50,16499.5,3
SKU-013,Tri-Band WiFi 7 Mesh Router System,Consumer Electronics,2023-03-06,53,17489.47,5
SKU-013,Tri-Band WiFi 7 Mesh Router System,Consumer Electronics,2023-03-13,46,15179.54,4
SKU-013,Tri-Band WiFi 7 Mesh Router System,Consumer Electronics,2023-03-20,49,16169.509999999998,3
SKU-013,Tri-Band WiFi 7 Mesh Router System,Consumer Electronics,2023-03-27,45,14849.55,5
SKU-013,Tri-Band WiFi 7 Mesh Router System,Consumer Electronics,2023-04-03,48,15839.52,4
SKU-013,Tri-Band WiFi 7 Mesh Router System,Consumer Electronics,2023-04-10,62,20459.38,3
SKU-013,Tri-Band WiFi 7 Mesh Router System,Consumer Electronics,2023-04-17,46,15179.54,4
SKU-013,Tri-Band WiFi 7 Mesh Router System,Consumer Electronics,2023-04-24,46,15179.539999999999,5
SKU-013,Tri-Band WiFi 7 Mesh Router System,Consumer Electronics,2023-05-01,60,19799.4,3
SKU-013,Tri-Band WiFi 7 Mesh Router System,Consumer Electronics,2023-05-08,56,18479.44,5
SKU-013,Tri-Band WiFi 7 Mesh Router System,Consumer Electronics,2023-05-15,57,18809.43,5
SKU-013,Tri-Band WiFi 7 Mesh Router System,Consumer Electronics,2023-05-22,51,16829.49,3
SKU-013,Tri-Band WiFi 7 Mesh Router System,Consumer Electronics,2023-05-29,50,16499.5,4
SKU-013,Tri-Band WiFi 7 Mesh Router System,Consumer Electronics,2023-06-05,25,8249.75,3
SKU-013,Tri-Band WiFi 7 Mesh Router System,Consumer Electronics,2023-06-12,61,20129.39,4
SKU-013,Tri-Band WiFi 7 Mesh Router System,Consumer Electronics,2023-06-19,52,17159.48,3
SKU-013,Tri-Band WiFi 7 Mesh Router System,Consumer Electronics,2023-06-26,55,18149.45,4
SKU-013,Tri-Band WiFi 7 Mesh Router System,Consumer Electronics,2023-07-03,51,16829.49,3
SKU-013,Tri-Band WiFi 7 Mesh Router System,Consumer Electronics,2023-07-10,46,15179.54,3
SKU-013,Tri-Band WiFi 7 Mesh Router System,Consumer Electronics,2023-07-17,39,12869.61,3
SKU-013,Tri-Band WiFi 7 Mesh Router System,Consumer Electronics,2023-07-24,63,20789.37,4
SKU-013,Tri-Band WiFi 7 Mesh Router System,Consumer Electronics,2023-07-31,57,18809.43,5
SKU-013,Tri-Band WiFi 7 Mesh Router System,Consumer Electronics,2023-08-07,69,22769.31,5
SKU-013,Tri-Band WiFi 7 Mesh Router System,Consumer Electronics,2023-08-14,73,24089.27,3
SKU-013,Tri-Band WiFi 7 Mesh Router System,Consumer Electronics,2023-08-21,52,17159.48,4
SKU-013,Tri-Band WiFi 7 Mesh Router System,Consumer Electronics,2023-08-28,38,12539.619999999999,4
SKU-013,Tri-Band WiFi 7 Mesh Router System,Consumer Electronics,2023-09-04,57,18809.43,5
SKU-013,Tri-Band WiFi 7 Mesh Router System,Consumer Electronics,2023-09-11,41,13529.59,5
SKU-013,Tri-Band WiFi 7 Mesh Router System,Consumer Electronics,2023-09-18,62,20459.38,3
SKU-013,Tri-Band WiFi 7 Mesh Router System,Consumer Electronics,2023-09-25,57,18809.43,4
SKU-013,Tri-Band WiFi 7 Mesh Router System,Consumer Electronics,2023-10-02,65,21449.35,5
SKU-013,Tri-Band WiFi 7 Mesh Router System,Consumer Electronics,2023-10-09,55,18149.45,3
SKU-013,Tri-Band WiFi 7 Mesh Router System,Consumer Electronics,2023-10-16,59,19469.41,4
SKU-013,Tri-Band WiFi 7 Mesh Router System,Consumer Electronics,2023-10-23,76,25079.239999999998,3
SKU-013,Tri-Band WiFi 7 Mesh Router System,Consumer Electronics,2023-10-30,64,21119.36,4
SKU-013,Tri-Band WiFi 7 Mesh Router System,Consumer Electronics,2023-11-06,122,40258.78,3
SKU-013,Tri-Band WiFi 7 Mesh Router System,Consumer Electronics,2023-11-13,110,36298.9,3
SKU-013,Tri-Band WiFi 7 Mesh Router System,Consumer Electronics,2023-11-20,86,28379.14,3
SKU-013,Tri-Band WiFi 7 Mesh Router System,Consumer Electronics,2023-11-27,91,30029.09,4
SKU-013,Tri-Band WiFi 7 Mesh Router System,Consumer Electronics,2023-12-04,90,29699.1,3
SKU-013,Tri-Band WiFi 7 Mesh Router System,Consumer Electronics,2023-12-11,88,29039.12,4
SKU-013,Tri-Band WiFi 7 Mesh Router System,Consumer Electronics,2023-12-18,81,26729.19,5
SKU-013,Tri-Band WiFi 7 Mesh Router System,Consumer Electronics,2023-12-25,95,31349.05,5
SKU-013,Tri-Band WiFi 7 Mesh Router System,Consumer Electronics,2024-01-01,61,20129.39,5
SKU-013,Tri-Band WiFi 7 Mesh Router System,Consumer Electronics,2024-01-08,49,16169.51,4
SKU-013,Tri-Band WiFi 7 Mesh Router System,Consumer Electronics,2024-01-15,40,13199.6,3
SKU-013,Tri-Band WiFi 7 Mesh Router System,Consumer Electronics,2024-01-22,50,16499.5,3
SKU-013,Tri-Band WiFi 7 Mesh Router System,Consumer Electronics,2024-01-29,56,18479.44,3
SKU-013,Tri-Band WiFi 7 Mesh Router System,Consumer Electronics,2024-02-05,53,17489.47,4
SKU-013,Tri-Band WiFi 7 Mesh Router System,Consumer Electronics,2024-02-12,48,15839.52,4
SKU-013,Tri-Band WiFi 7 Mesh Router System,Consumer Electronics,2024-02-19,55,18149.45,4
SKU-013,Tri-Band WiFi 7 Mesh Router System,Consumer Electronics,2024-02-26,64,21119.36,4
SKU-013,Tri-Band WiFi 7 Mesh Router System,Consumer Electronics,2024-03-04,57,18809.43,3
SKU-013,Tri-Band WiFi 7 Mesh Router System,Consumer Electronics,2024-03-11,46,15179.54,4
SKU-013,Tri-Band WiFi 7 Mesh Router System,Consumer Electronics,2024-03-18,64,21119.36,3
SKU-013,Tri-Band WiFi 7 Mesh Router System,Consumer Electronics,2024-03-25,56,18479.44,5
SKU-013,Tri-Band WiFi 7 Mesh Router System,Consumer Electronics,2024-04-01,64,21119.36,5
SKU-013,Tri-Band WiFi 7 Mesh Router System,Consumer Electronics,2024-04-08,59,19469.41,3
SKU-013,Tri-Band WiFi 7 Mesh Router System,Consumer Electronics,2024-04-15,54,17819.46,4
SKU-013,Tri-Band WiFi 7 Mesh Router System,Consumer Electronics,2024-04-22,57,18809.43,5
SKU-013,Tri-Band WiFi 7 Mesh Router System,Consumer Electronics,2024-04-29,48,15839.52,4
SKU-013,Tri-Band WiFi 7 Mesh Router System,Consumer Electronics,2024-05-06,47,15509.529999999999,3
SKU-013,Tri-Band WiFi 7 Mesh Router System,Consumer Electronics,2024-05-13,65,21449.35,5
SKU-013,Tri-Band WiFi 7 Mesh Router System,Consumer Electronics,2024-05-20,46,15179.54,3
SKU-013,Tri-Band WiFi 7 Mesh Router System,Consumer Electronics,2024-05-27,59,19469.41,3
SKU-013,Tri-Band WiFi 7 Mesh Router System,Consumer Electronics,2024-06-03,51,16829.489999999998,4
SKU-013,Tri-Band WiFi 7 Mesh Router System,Consumer Electronics,2024-06-10,64,21119.36,3
SKU-013,Tri-Band WiFi 7 Mesh Router System,Consumer Electronics,2024-06-17,65,21449.35,3
SKU-013,Tri-Band WiFi 7 Mesh Router System,Consumer Electronics,2024-06-24,69,22769.31,4
SKU-013,Tri-Band WiFi 7 Mesh Router System,Consumer Electronics,2024-07-01,60,19799.4,3
SKU-013,Tri-Band WiFi 7 Mesh Router System,Consumer Electronics,2024-07-08,40,13199.599999999999,5
SKU-013,Tri-Band WiFi 7 Mesh Router System,Consumer Electronics,2024-07-15,56,18479.440000000002,3
SKU-013,Tri-Band WiFi 7 Mesh Router System,Consumer Electronics,2024-07-22,55,18149.45,5
SKU-013,Tri-Band WiFi 7 Mesh Router System,Consumer Electronics,2024-07-29,53,17489.47,3
SKU-013,Tri-Band WiFi 7 Mesh Router System,Consumer Electronics,2024-08-05,62,20459.38,5
SKU-013,Tri-Band WiFi 7 Mesh Router System,Consumer Electronics,2024-08-12,55,18149.45,3
SKU-013,Tri-Band WiFi 7 Mesh Router System,Consumer Electronics,2024-08-19,80,26399.2,5
SKU-013,Tri-Band WiFi 7 Mesh Router System,Consumer Electronics,2024-08-26,60,19799.4,4
SKU-013,Tri-Band WiFi 7 Mesh Router System,Consumer Electronics,2024-09-02,42,13859.580000000002,3
SKU-013,Tri-Band WiFi 7 Mesh Router System,Consumer Electronics,2024-09-09,56,18479.44,4
SKU-013,Tri-Band WiFi 7 Mesh Router System,Consumer Electronics,2024-09-16,75,24749.25,3
SKU-013,Tri-Band WiFi 7 Mesh Router System,Consumer Electronics,2024-09-23,64,21119.36,4
SKU-013,Tri-Band WiFi 7 Mesh Router System,Consumer Electronics,2024-09-30,62,20459.38,4
SKU-013,Tri-Band WiFi 7 Mesh Router System,Consumer Electronics,2024-10-07,53,17489.47,3
SKU-013,Tri-Band WiFi 7 Mesh Router System,Consumer Electronics,2024-10-14,60,19799.4,3
SKU-013,Tri-Band WiFi 7 Mesh Router System,Consumer Electronics,2024-10-21,64,21119.36,5
SKU-013,Tri-Band WiFi 7 Mesh Router System,Consumer Electronics,2024-10-28,58,19139.42,3
SKU-013,Tri-Band WiFi 7 Mesh Router System,Consumer Electronics,2024-11-04,99,32669.010000000002,5
SKU-013,Tri-Band WiFi 7 Mesh Router System,Consumer Electronics,2024-11-11,97,32009.03,4
SKU-013,Tri-Band WiFi 7 Mesh Router System,Consumer Electronics,2024-11-18,116,38278.840000000004,5
SKU-013,Tri-Band WiFi 7 Mesh Router System,Consumer Electronics,2024-11-25,129,42568.71,3
SKU-013,Tri-Band WiFi 7 Mesh Router System,Consumer Electronics,2024-12-02,113,37288.87,4
SKU-013,Tri-Band WiFi 7 Mesh Router System,Consumer Electronics,2024-12-09,121,39928.79,4
SKU-013,Tri-Band WiFi 7 Mesh Router System,Consumer Electronics,2024-12-16,96,31679.04,5
SKU-013,Tri-Band WiFi 7 Mesh Router System,Consumer Electronics,2024-12-23,98,32339.02,4
SKU-014,Heavy-Duty Dual Monitor Desk Mount,Office & Productivity,2023-01-02,98,11711.0,3
SKU-014,Heavy-Duty Dual Monitor Desk Mount,Office & Productivity,2023-01-09,123,14698.5,4
SKU-014,Heavy-Duty Dual Monitor Desk Mount,Office & Productivity,2023-01-16,96,11472.0,4
SKU-014,Heavy-Duty Dual Monitor Desk Mount,Office & Productivity,2023-01-23,88,10516.0,5
SKU-014,Heavy-Duty Dual Monitor Desk Mount,Office & Productivity,2023-01-30,100,11950,3
SKU-014,Heavy-Duty Dual Monitor Desk Mount,Office & Productivity,2023-02-06,125,14937.5,5
SKU-014,Heavy-Duty Dual Monitor Desk Mount,Office & Productivity,2023-02-13,101,12069.5,5
SKU-014,Heavy-Duty Dual Monitor Desk Mount,Office & Productivity,2023-02-20,98,11711.0,3
SKU-014,Heavy-Duty Dual Monitor Desk Mount,Office & Productivity,2023-02-27,120,14340.0,3
SKU-014,Heavy-Duty Dual Monitor Desk Mount,Office & Productivity,2023-03-06,104,12428.0,4
SKU-014,Heavy-Duty Dual Monitor Desk Mount,Office & Productivity,2023-03-13,94,11233.0,4
SKU-014,Heavy-Duty Dual Monitor Desk Mount,Office & Productivity,2023-03-20,110,13145.0,4
SKU-014,Heavy-Duty Dual Monitor Desk Mount,Office & Productivity,2023-03-27,112,13384.0,4
SKU-014,Heavy-Duty Dual Monitor Desk Mount,Office & Productivity,2023-04-03,118,14101.0,5
SKU-014,Heavy-Duty Dual Monitor Desk Mount,Office & Productivity,2023-04-10,112,13384.0,5
SKU-014,Heavy-Duty Dual Monitor Desk Mount,Office & Productivity,2023-04-17,81,9679.5,3
SKU-014,Heavy-Duty Dual Monitor Desk Mount,Office & Productivity,2023-04-24,73,8723.5,3
SKU-014,Heavy-Duty Dual Monitor Desk Mount,Office & Productivity,2023-05-01,112,13384.0,4
SKU-014,Heavy-Duty Dual Monitor Desk Mount,Office & Productivity,2023-05-08,106,12667.0,5
SKU-014,Heavy-Duty Dual Monitor Desk Mount,Office & Productivity,2023-05-15,124,14818.0,3
SKU-014,Heavy-Duty Dual Monitor Desk Mount,Office & Productivity,2023-05-22,92,10994.0,3
SKU-014,Heavy-Duty Dual Monitor Desk Mount,Office & Productivity,2023-05-29,128,15296.0,4
SKU-014,Heavy-Duty Dual Monitor Desk Mount,Office & Productivity,2023-06-05,86,10277.0,5
SKU-014,Heavy-Duty Dual Monitor Desk Mount,Office & Productivity,2023-06-12,87,10396.5,4
SKU-014,Heavy-Duty Dual Monitor Desk Mount,Office & Productivity,2023-06-19,110,13145.0,3
SKU-014,Heavy-Duty Dual Monitor Desk Mount,Office & Productivity,2023-06-26,96,11472.0,5
SKU-014,Heavy-Duty Dual Monitor Desk Mount,Office & Productivity,2023-07-03,111,13264.5,4
SKU-014,Heavy-Duty Dual Monitor Desk Mount,Office & Productivity,2023-07-10,70,8365,4
SKU-014,Heavy-Duty Dual Monitor Desk Mount,Office & Productivity,2023-07-17,70,8365.0,3
SKU-014,Heavy-Duty Dual Monitor Desk Mount,Office & Productivity,2023-07-24,128,15296.0,3
SKU-014,Heavy-Duty Dual Monitor Desk Mount,Office & Productivity,2023-07-31,96,11472.0,4
SKU-014,Heavy-Duty Dual Monitor Desk Mount,Office & Productivity,2023-08-07,141,16849.5,4
SKU-014,Heavy-Duty Dual Monitor Desk Mount,Office & Productivity,2023-08-14,132,15774.0,4
SKU-014,Heavy-Duty Dual Monitor Desk Mount,Office & Productivity,2023-08-21,109,13025.5,4
SKU-014,Heavy-Duty Dual Monitor Desk Mount,Office & Productivity,2023-08-28,91,10874.5,4
SKU-014,Heavy-Duty Dual Monitor Desk Mount,Office & Productivity,2023-09-04,95,11352.5,5
SKU-014,Heavy-Duty Dual Monitor Desk Mount,Office & Productivity,2023-09-11,104,12428.0,3
SKU-014,Heavy-Duty Dual Monitor Desk Mount,Office & Productivity,2023-09-18,124,14818.0,4
SKU-014,Heavy-Duty Dual Monitor Desk Mount,Office & Productivity,2023-09-25,107,12786.5,3
SKU-014,Heavy-Duty Dual Monitor Desk Mount,Office & Productivity,2023-10-02,114,13623.0,5
SKU-014,Heavy-Duty Dual Monitor Desk Mount,Office & Productivity,2023-10-09,110,13145.0,5
SKU-014,Heavy-Duty Dual Monitor Desk Mount,Office & Productivity,2023-10-16,98,11711.0,5
SKU-014,Heavy-Duty Dual Monitor Desk Mount,Office & Productivity,2023-10-23,109,13025.5,4
SKU-014,Heavy-Duty Dual Monitor Desk Mount,Office & Productivity,2023-10-30,108,12906.0,3
SKU-014,Heavy-Duty Dual Monitor Desk Mount,Office & Productivity,2023-11-06,100,11950.0,5
SKU-014,Heavy-Duty Dual Monitor Desk Mount,Office & Productivity,2023-11-13,113,13503.5,3
SKU-014,Heavy-Duty Dual Monitor Desk Mount,Office & Productivity,2023-11-20,126,15057.0,4
SKU-014,Heavy-Duty Dual Monitor Desk Mount,Office & Productivity,2023-11-27,114,13623.0,5
SKU-014,Heavy-Duty Dual Monitor Desk Mount,Office & Productivity,2023-12-04,102,12189.0,4
SKU-014,Heavy-Duty Dual Monitor Desk Mount,Office & Productivity,2023-12-11,101,12069.5,3
SKU-014,Heavy-Duty Dual Monitor Desk Mount,Office & Productivity,2023-12-18,99,11830.5,3
SKU-014,Heavy-Duty Dual Monitor Desk Mount,Office & Productivity,2023-12-25,110,13145.0,5
SKU-014,Heavy-Duty Dual Monitor Desk Mount,Office & Productivity,2024-01-01,107,12786.5,4
SKU-014,Heavy-Duty Dual Monitor Desk Mount,Office & Productivity,2024-01-08,109,13025.5,4
SKU-014,Heavy-Duty Dual Monitor Desk Mount,Office & Productivity,2024-01-15,116,13862,3
SKU-014,Heavy-Duty Dual Monitor Desk Mount,Office & Productivity,2024-01-22,134,16013.0,5
SKU-014,Heavy-Duty Dual Monitor Desk Mount,Office & Productivity,2024-01-29,133,15893.5,5
SKU-014,Heavy-Duty Dual Monitor Desk Mount,Office & Productivity,2024-02-05,110,13145.0,5
SKU-014,Heavy-Duty Dual Monitor Desk Mount,Office & Productivity,2024-02-12,104,12428.0,5
SKU-014,Heavy-Duty Dual Monitor Desk Mount,Office & Productivity,2024-02-19,111,13264.5,5
SKU-014,Heavy-Duty Dual Monitor Desk Mount,Office & Productivity,2024-02-26,82,9799.0,5
SKU-014,Heavy-Duty Dual Monitor Desk Mount,Office & Productivity,2024-03-04,129,15415.5,5
SKU-014,Heavy-Duty Dual Monitor Desk Mount,Office & Productivity,2024-03-11,93,11113.5,5
SKU-014,Heavy-Duty Dual Monitor Desk Mount,Office & Productivity,2024-03-18,107,12786.5,5
SKU-014,Heavy-Duty Dual Monitor Desk Mount,Office & Productivity,2024-03-25,108,12906.0,5
SKU-014,Heavy-Duty Dual Monitor Desk Mount,Office & Productivity,2024-04-01,98,11711.0,4
SKU-014,Heavy-Duty Dual Monitor Desk Mount,Office & Productivity,2024-04-08,96,11472.0,5
SKU-014,Heavy-Duty Dual Monitor Desk Mount,Office & Productivity,2024-04-15,126,15057.0,4
SKU-014,Heavy-Duty Dual Monitor Desk Mount,Office & Productivity,2024-04-22,120,14340,5
SKU-014,Heavy-Duty Dual Monitor Desk Mount,Office & Productivity,2024-04-29,118,14101.0,5
SKU-014,Heavy-Duty Dual Monitor Desk Mount,Office & Productivity,2024-05-06,110,13145.0,5
SKU-014,Heavy-Duty Dual Monitor Desk Mount,Office & Productivity,2024-05-13,89,10635.5,4
SKU-014,Heavy-Duty Dual Monitor Desk Mount,Office & Productivity,2024-05-20,96,11472.0,4
SKU-014,Heavy-Duty Dual Monitor Desk Mount,Office & Productivity,2024-05-27,125,14937.5,3
SKU-014,Heavy-Duty Dual Monitor Desk Mount,Office & Productivity,2024-06-03,118,14101.0,3
SKU-014,Heavy-Duty Dual Monitor Desk Mount,Office & Productivity,2024-06-10,104,12428.0,3
SKU-014,Heavy-Duty Dual Monitor Desk Mount,Office & Productivity,2024-06-17,97,11591.5,4
SKU-014,Heavy-Duty Dual Monitor Desk Mount,Office & Productivity,2024-06-24,114,13623,3
SKU-014,Heavy-Duty Dual Monitor Desk Mount,Office & Productivity,2024-07-01,95,11352.5,5
SKU-014,Heavy-Duty Dual Monitor Desk Mount,Office & Productivity,2024-07-08,109,13025.5,5
SKU-014,Heavy-Duty Dual Monitor Desk Mount,Office & Productivity,2024-07-15,124,14818,3
SKU-014,Heavy-Duty Dual Monitor Desk Mount,Office & Productivity,2024-07-22,93,11113.5,5
SKU-014,Heavy-Duty Dual Monitor Desk Mount,Office & Productivity,2024-07-29,112,13384.0,5
SKU-014,Heavy-Duty Dual Monitor Desk Mount,Office & Productivity,2024-08-05,116,13862.0,4
SKU-014,Heavy-Duty Dual Monitor Desk Mount,Office & Productivity,2024-08-12,104,12428.0,4
SKU-014,Heavy-Duty Dual Monitor Desk Mount,Office & Productivity,2024-08-19,98,11711.0,4
SKU-014,Heavy-Duty Dual Monitor Desk Mount,Office & Productivity,2024-08-26,132,15774.0,4
SKU-014,Heavy-Duty Dual Monitor Desk Mount,Office & Productivity,2024-09-02,126,15057.0,5
SKU-014,Heavy-Duty Dual Monitor Desk Mount,Office & Productivity,2024-09-09,125,14937.5,5
SKU-014,Heavy-Duty Dual Monitor Desk Mount,Office & Productivity,2024-09-16,143,17088.5,5
SKU-014,Heavy-Duty Dual Monitor Desk Mount,Office & Productivity,2024-09-23,97,11591.5,4
SKU-014,Heavy-Duty Dual Monitor Desk Mount,Office & Productivity,2024-09-30,128,15296.0,4
SKU-014,Heavy-Duty Dual Monitor Desk Mount,Office & Productivity,2024-10-07,108,12906.0,4
SKU-014,Heavy-Duty Dual Monitor Desk Mount,Office & Productivity,2024-10-14,90,10755.0,3
SKU-014,Heavy-Duty Dual Monitor Desk Mount,Office & Productivity,2024-10-21,98,11711.0,3
SKU-014,Heavy-Duty Dual Monitor Desk Mount,Office & Productivity,2024-10-28,132,15774.0,5
SKU-014,Heavy-Duty Dual Monitor Desk Mount,Office & Productivity,2024-11-04,118,14101.0,3
SKU-014,Heavy-Duty Dual Monitor Desk Mount,Office & Productivity,2024-11-11,101,12069.5,3
SKU-014,Heavy-Duty Dual Monitor Desk Mount,Office & Productivity,2024-11-18,108,12906.0,3
SKU-014,Heavy-Duty Dual Monitor Desk Mount,Office & Productivity,2024-11-25,107,12786.5,3
SKU-014,Heavy-Duty Dual Monitor Desk Mount,Office & Productivity,2024-12-02,130,15535.0,4
SKU-014,Heavy-Duty Dual Monitor Desk Mount,Office & Productivity,2024-12-09,112,13384,4
SKU-014,Heavy-Duty Dual Monitor Desk Mount,Office & Productivity,2024-12-16,116,13862,4
SKU-014,Heavy-Duty Dual Monitor Desk Mount,Office & Productivity,2024-12-23,104,12428,5
SKU-015,XL 8-Quart Digital Dual-Zone Air Fryer,Home & Kitchen,2023-01-02,68,12239.32,3
SKU-015,XL 8-Quart Digital Dual-Zone Air Fryer,Home & Kitchen,2023-01-09,110,19798.9,3
SKU-015,XL 8-Quart Digital Dual-Zone Air Fryer,Home & Kitchen,2023-01-16,81,14579.189999999999,3
SKU-015,XL 8-Quart Digital Dual-Zone Air Fryer,Home & Kitchen,2023-01-23,76,13679.24,3
SKU-015,XL 8-Quart Digital Dual-Zone Air Fryer,Home & Kitchen,2023-01-30,105,18898.95,5
SKU-015,XL 8-Quart Digital Dual-Zone Air Fryer,Home & Kitchen,2023-02-06,98,17639.02,3
SKU-015,XL 8-Quart Digital Dual-Zone Air Fryer,Home & Kitchen,2023-02-13,97,17459.03,3
SKU-015,XL 8-Quart Digital Dual-Zone Air Fryer,Home & Kitchen,2023-02-20,111,19978.89,3
SKU-015,XL 8-Quart Digital Dual-Zone Air Fryer,Home & Kitchen,2023-02-27,108,19438.92,5
SKU-015,XL 8-Quart Digital Dual-Zone Air Fryer,Home & Kitchen,2023-03-06,90,16199.1,5
SKU-015,XL 8-Quart Digital Dual-Zone Air Fryer,Home & Kitchen,2023-03-13,98,17639.02,4
SKU-015,XL 8-Quart Digital Dual-Zone Air Fryer,Home & Kitchen,2023-03-20,105,18898.95,4
SKU-015,XL 8-Quart Digital Dual-Zone Air Fryer,Home & Kitchen,2023-03-27,101,18178.99,5
SKU-015,XL 8-Quart Digital Dual-Zone Air Fryer,Home & Kitchen,2023-04-03,92,16559.08,5
SKU-015,XL 8-Quart Digital Dual-Zone Air Fryer,Home & Kitchen,2023-04-10,104,18718.96,5
SKU-015,XL 8-Quart Digital Dual-Zone Air Fryer,Home & Kitchen,2023-04-17,107,19258.93,3
SKU-015,XL 8-Quart Digital Dual-Zone Air Fryer,Home & Kitchen,2023-04-24,103,18538.97,5
SKU-015,XL 8-Quart Digital Dual-Zone Air Fryer,Home & Kitchen,2023-05-01,97,17459.03,3
SKU-015,XL 8-Quart Digital Dual-Zone Air Fryer,Home & Kitchen,2023-05-08,90,16199.1,5
SKU-015,XL 8-Quart Digital Dual-Zone Air Fryer,Home & Kitchen,2023-05-15,101,18178.989999999998,3
SKU-015,XL 8-Quart Digital Dual-Zone Air Fryer,Home & Kitchen,2023-05-22,127,22858.73,5
SKU-015,XL 8-Quart Digital Dual-Zone Air Fryer,Home & Kitchen,2023-05-29,101,18178.99,4
SKU-015,XL 8-Quart Digital Dual-Zone Air Fryer,Home & Kitchen,2023-06-05,118,21238.82,4
SKU-015,XL 8-Quart Digital Dual-Zone Air Fryer,Home & Kitchen,2023-06-12,92,16559.08,4
SKU-015,XL 8-Quart Digital Dual-Zone Air Fryer,Home & Kitchen,2023-06-19,107,19258.93,4
SKU-015,XL 8-Quart Digital Dual-Zone Air Fryer,Home & Kitchen,2023-06-26,96,17279.04,3
SKU-015,XL 8-Quart Digital Dual-Zone Air Fryer,Home & Kitchen,2023-07-03,104,18718.96,4
SKU-015,XL 8-Quart Digital Dual-Zone Air Fryer,Home & Kitchen,2023-07-10,83,14939.17,4
SKU-015,XL 8-Quart Digital Dual-Zone Air Fryer,Home & Kitchen,2023-07-17,98,17639.02,5
SKU-015,XL 8-Quart Digital Dual-Zone Air Fryer,Home & Kitchen,2023-07-24,112,20158.88,4
SKU-015,XL 8-Quart Digital Dual-Zone Air Fryer,Home & Kitchen,2023-07-31,116,20878.84,5
SKU-015,XL 8-Quart Digital Dual-Zone Air Fryer,Home & Kitchen,2023-08-07,96,17279.04,5
SKU-015,XL 8-Quart Digital Dual-Zone Air Fryer,Home & Kitchen,2023-08-14,89,16019.11,4
SKU-015,XL 8-Quart Digital Dual-Zone Air Fryer,Home & Kitchen,2023-08-21,105,18898.95,5
SKU-015,XL 8-Quart Digital Dual-Zone Air Fryer,Home & Kitchen,2023-08-28,87,15659.13,4
SKU-015,XL 8-Quart Digital Dual-Zone Air Fryer,Home & Kitchen,2023-09-04,105,18898.95,4
SKU-015,XL 8-Quart Digital Dual-Zone Air Fryer,Home & Kitchen,2023-09-11,130,23398.7,4
SKU-015,XL 8-Quart Digital Dual-Zone Air Fryer,Home & Kitchen,2023-09-18,94,16919.059999999998,4
SKU-015,XL 8-Quart Digital Dual-Zone Air Fryer,Home & Kitchen,2023-09-25,94,16919.06,4
SKU-015,XL 8-Quart Digital Dual-Zone Air Fryer,Home & Kitchen,2023-10-02,106,19078.940000000002,4
SKU-015,XL 8-Quart Digital Dual-Zone Air Fryer,Home & Kitchen,2023-10-09,108,19438.920000000002,5
SKU-015,XL 8-Quart Digital Dual-Zone Air Fryer,Home & Kitchen,2023-10-16,99,17819.010000000002,3
SKU-015,XL 8-Quart Digital Dual-Zone Air Fryer,Home & Kitchen,2023-10-23,81,14579.19,5
SKU-015,XL 8-Quart Digital Dual-Zone Air Fryer,Home & Kitchen,2023-10-30,116,20878.84,3
SKU-015,XL 8-Quart Digital Dual-Zone Air Fryer,Home & Kitchen,2023-11-06,184,33118.16,5
SKU-015,XL 8-Quart Digital Dual-Zone Air Fryer,Home & Kitchen,2023-11-13,180,32398.2,3
SKU-015,XL 8-Quart Digital Dual-Zone Air Fryer,Home & Kitchen,2023-11-20,222,39957.78,3
SKU-015,XL 8-Quart Digital Dual-Zone Air Fryer,Home & Kitchen,2023-11-27,176,31678.24,4
SKU-015,XL 8-Quart Digital Dual-Zone Air Fryer,Home & Kitchen,2023-12-04,181,32578.190000000002,5
SKU-015,XL 8-Quart Digital Dual-Zone Air Fryer,Home & Kitchen,2023-12-11,173,31138.27,4
SKU-015,XL 8-Quart Digital Dual-Zone Air Fryer,Home & Kitchen,2023-12-18,169,30418.31,4
SKU-015,XL 8-Quart Digital Dual-Zone Air Fryer,Home & Kitchen,2023-12-25,147,26458.53,4
SKU-015,XL 8-Quart Digital Dual-Zone Air Fryer,Home & Kitchen,2024-01-01,76,13679.24,5
SKU-015,XL 8-Quart Digital Dual-Zone Air Fryer,Home & Kitchen,2024-01-08,97,17459.03,5
SKU-015,XL 8-Quart Digital Dual-Zone Air Fryer,Home & Kitchen,2024-01-15,99,17819.010000000002,5
SKU-015,XL 8-Quart Digital Dual-Zone Air Fryer,Home & Kitchen,2024-01-22,98,17639.02,5
SKU-015,XL 8-Quart Digital Dual-Zone Air Fryer,Home & Kitchen,2024-01-29,105,18898.95,5
SKU-015,XL 8-Quart Digital Dual-Zone Air Fryer,Home & Kitchen,2024-02-05,139,25018.61,5
SKU-015,XL 8-Quart Digital Dual-Zone Air Fryer,Home & Kitchen,2024-02-12,101,18178.989999999998,5
SKU-015,XL 8-Quart Digital Dual-Zone Air Fryer,Home & Kitchen,2024-02-19,103,18538.97,4
SKU-015,XL 8-Quart Digital Dual-Zone Air Fryer,Home & Kitchen,2024-02-26,115,20698.850000000002,3
SKU-015,XL 8-Quart Digital Dual-Zone Air Fryer,Home & Kitchen,2024-03-04,106,19078.94,3
SKU-015,XL 8-Quart Digital Dual-Zone Air Fryer,Home & Kitchen,2024-03-11,105,18898.95,4
SKU-015,XL 8-Quart Digital Dual-Zone Air Fryer,Home & Kitchen,2024-03-18,98,17639.02,4
SKU-015,XL 8-Quart Digital Dual-Zone Air Fryer,Home & Kitchen,2024-03-25,116,20878.84,5
SKU-015,XL 8-Quart Digital Dual-Zone Air Fryer,Home & Kitchen,2024-04-01,108,19438.92,3
SKU-015,XL 8-Quart Digital Dual-Zone Air Fryer,Home & Kitchen,2024-04-08,112,20158.88,5
SKU-015,XL 8-Quart Digital Dual-Zone Air Fryer,Home & Kitchen,2024-04-15,113,20338.870000000003,4
SKU-015,XL 8-Quart Digital Dual-Zone Air Fryer,Home & Kitchen,2024-04-22,87,15659.130000000001,5
SKU-015,XL 8-Quart Digital Dual-Zone Air Fryer,Home & Kitchen,2024-04-29,68,12239.32,4
SKU-015,XL 8-Quart Digital Dual-Zone Air Fryer,Home & Kitchen,2024-05-06,108,19438.92,3
SKU-015,XL 8-Quart Digital Dual-Zone Air Fryer,Home & Kitchen,2024-05-13,117,21058.83,4
SKU-015,XL 8-Quart Digital Dual-Zone Air Fryer,Home & Kitchen,2024-05-20,90,16199.1,3
SKU-015,XL 8-Quart Digital Dual-Zone Air Fryer,Home & Kitchen,2024-05-27,103,18538.97,4
SKU-015,XL 8-Quart Digital Dual-Zone Air Fryer,Home & Kitchen,2024-06-03,105,18898.95,4
SKU-015,XL 8-Quart Digital Dual-Zone Air Fryer,Home & Kitchen,2024-06-10,91,16379.09,4
SKU-015,XL 8-Quart Digital Dual-Zone Air Fryer,Home & Kitchen,2024-06-17,120,21598.8,3
SKU-015,XL 8-Quart Digital Dual-Zone Air Fryer,Home & Kitchen,2024-06-24,106,19078.940000000002,4
SKU-015,XL 8-Quart Digital Dual-Zone Air Fryer,Home & Kitchen,2024-07-01,102,18358.98,5
SKU-015,XL 8-Quart Digital Dual-Zone Air Fryer,Home & Kitchen,2024-07-08,96,17279.04,4
SKU-015,XL 8-Quart Digital Dual-Zone Air Fryer,Home & Kitchen,2024-07-15,104,18718.96,4
SKU-015,XL 8-Quart Digital Dual-Zone Air Fryer,Home & Kitchen,2024-07-22,97,17459.03,4
SKU-015,XL 8-Quart Digital Dual-Zone Air Fryer,Home & Kitchen,2024-07-29,117,21058.83,3
SKU-015,XL 8-Quart Digital Dual-Zone Air Fryer,Home & Kitchen,2024-08-05,112,20158.88,5
SKU-015,XL 8-Quart Digital Dual-Zone Air Fryer,Home & Kitchen,2024-08-12,112,20158.88,4
SKU-015,XL 8-Quart Digital Dual-Zone Air Fryer,Home & Kitchen,2024-08-19,119,21418.81,4
SKU-015,XL 8-Quart Digital Dual-Zone Air Fryer,Home & Kitchen,2024-08-26,133,23938.67,4
SKU-015,XL 8-Quart Digital Dual-Zone Air Fryer,Home & Kitchen,2024-09-02,117,21058.83,3
SKU-015,XL 8-Quart Digital Dual-Zone Air Fryer,Home & Kitchen,2024-09-09,99,17819.010000000002,5
SKU-015,XL 8-Quart Digital Dual-Zone Air Fryer,Home & Kitchen,2024-09-16,107,19258.93,5
SKU-015,XL 8-Quart Digital Dual-Zone Air Fryer,Home & Kitchen,2024-09-23,126,22678.74,5
SKU-015,XL 8-Quart Digital Dual-Zone Air Fryer,Home & Kitchen,2024-09-30,104,18718.96,3
SKU-015,XL 8-Quart Digital Dual-Zone Air Fryer,Home & Kitchen,2024-10-07,109,19618.91,5
SKU-015,XL 8-Quart Digital Dual-Zone Air Fryer,Home & Kitchen,2024-10-14,125,22498.75,5
SKU-015,XL 8-Quart Digital Dual-Zone Air Fryer,Home & Kitchen,2024-10-21,92,16559.08,5
SKU-015,XL 8-Quart Digital Dual-Zone Air Fryer,Home & Kitchen,2024-10-28,100,17999.0,3
SKU-015,XL 8-Quart Digital Dual-Zone Air Fryer,Home & Kitchen,2024-11-04,187,33658.13,4
SKU-015,XL 8-Quart Digital Dual-Zone Air Fryer,Home & Kitchen,2024-11-11,198,35638.02,3
SKU-015,XL 8-Quart Digital Dual-Zone Air Fryer,Home & Kitchen,2024-11-18,208,37437.92,4
SKU-015,XL 8-Quart Digital Dual-Zone Air Fryer,Home & Kitchen,2024-11-25,225,40497.75,5
SKU-015,XL 8-Quart Digital Dual-Zone Air Fryer,Home & Kitchen,2024-12-02,194,34918.06,3
SKU-015,XL 8-Quart Digital Dual-Zone Air Fryer,Home & Kitchen,2024-12-09,242,43557.58,3
SKU-015,XL 8-Quart Digital Dual-Zone Air Fryer,Home & Kitchen,2024-12-16,185,33298.15,3
SKU-015,XL 8-Quart Digital Dual-Zone Air Fryer,Home & Kitchen,2024-12-23,175,31498.25,5
SKU-016,Commercial Grade 14-Piece Cookware Set,Home & Kitchen,2023-01-02,49,14651,3
SKU-016,Commercial Grade 14-Piece Cookware Set,Home & Kitchen,2023-01-09,56,16744,5
SKU-016,Commercial Grade 14-Piece Cookware Set,Home & Kitchen,2023-01-16,39,11661,4
SKU-016,Commercial Grade 14-Piece Cookware Set,Home & Kitchen,2023-01-23,37,11063,3
SKU-016,Commercial Grade 14-Piece Cookware Set,Home & Kitchen,2023-01-30,54,16146,5
SKU-016,Commercial Grade 14-Piece Cookware Set,Home & Kitchen,2023-02-06,44,13156,4
SKU-016,Commercial Grade 14-Piece Cookware Set,Home & Kitchen,2023-02-13,52,15548,5
SKU-016,Commercial Grade 14-Piece Cookware Set,Home & Kitchen,2023-02-20,36,10764,5
SKU-016,Commercial Grade 14-Piece Cookware Set,Home & Kitchen,2023-02-27,46,13754,5
SKU-016,Commercial Grade 14-Piece Cookware Set,Home & Kitchen,2023-03-06,56,16744,3
SKU-016,Commercial Grade 14-Piece Cookware Set,Home & Kitchen,2023-03-13,46,13754,4
SKU-016,Commercial Grade 14-Piece Cookware Set,Home & Kitchen,2023-03-20,45,13455,5
SKU-016,Commercial Grade 14-Piece Cookware Set,Home & Kitchen,2023-03-27,44,13156,4
SKU-016,Commercial Grade 14-Piece Cookware Set,Home & Kitchen,2023-04-03,66,19734,4
SKU-016,Commercial Grade 14-Piece Cookware Set,Home & Kitchen,2023-04-10,48,14352,5
SKU-016,Commercial Grade 14-Piece Cookware Set,Home & Kitchen,2023-04-17,39,11661,4
SKU-016,Commercial Grade 14-Piece Cookware Set,Home & Kitchen,2023-04-24,39,11661,4
SKU-016,Commercial Grade 14-Piece Cookware Set,Home & Kitchen,2023-05-01,46,13754,4
SKU-016,Commercial Grade 14-Piece Cookware Set,Home & Kitchen,2023-05-08,39,11661,3
SKU-016,Commercial Grade 14-Piece Cookware Set,Home & Kitchen,2023-05-15,46,13754,5
SKU-016,Commercial Grade 14-Piece Cookware Set,Home & Kitchen,2023-05-22,39,11661,4
SKU-016,Commercial Grade 14-Piece Cookware Set,Home & Kitchen,2023-05-29,58,17342,5
SKU-016,Commercial Grade 14-Piece Cookware Set,Home & Kitchen,2023-06-05,35,10465,4
SKU-016,Commercial Grade 14-Piece Cookware Set,Home & Kitchen,2023-06-12,55,16445,5
SKU-016,Commercial Grade 14-Piece Cookware Set,Home & Kitchen,2023-06-19,36,10764,3
SKU-016,Commercial Grade 14-Piece Cookware Set,Home & Kitchen,2023-06-26,50,14950,5
SKU-016,Commercial Grade 14-Piece Cookware Set,Home & Kitchen,2023-07-03,46,13754,5
SKU-016,Commercial Grade 14-Piece Cookware Set,Home & Kitchen,2023-07-10,45,13455,3
SKU-016,Commercial Grade 14-Piece Cookware Set,Home & Kitchen,2023-07-17,42,12558,3
SKU-016,Commercial Grade 14-Piece Cookware Set,Home & Kitchen,2023-07-24,58,17342,4
SKU-016,Commercial Grade 14-Piece Cookware Set,Home & Kitchen,2023-07-31,41,12259,3
SKU-016,Commercial Grade 14-Piece Cookware Set,Home & Kitchen,2023-08-07,48,14352,5
SKU-016,Commercial Grade 14-Piece Cookware Set,Home & Kitchen,2023-08-14,57,17043,4
SKU-016,Commercial Grade 14-Piece Cookware Set,Home & Kitchen,2023-08-21,36,10764,5
SKU-016,Commercial Grade 14-Piece Cookware Set,Home & Kitchen,2023-08-28,49,14651,4
SKU-016,Commercial Grade 14-Piece Cookware Set,Home & Kitchen,2023-09-04,52,15548,5
SKU-016,Commercial Grade 14-Piece Cookware Set,Home & Kitchen,2023-09-11,33,9867,4
SKU-016,Commercial Grade 14-Piece Cookware Set,Home & Kitchen,2023-09-18,44,13156,5
SKU-016,Commercial Grade 14-Piece Cookware Set,Home & Kitchen,2023-09-25,49,14651,3
SKU-016,Commercial Grade 14-Piece Cookware Set,Home & Kitchen,2023-10-02,42,12558,4
SKU-016,Commercial Grade 14-Piece Cookware Set,Home & Kitchen,2023-10-09,31,9269,4
SKU-016,Commercial Grade 14-Piece Cookware Set,Home & Kitchen,2023-10-16,49,14651,4
SKU-016,Commercial Grade 14-Piece Cookware Set,Home & Kitchen,2023-10-23,41,12259,4
SKU-016,Commercial Grade 14-Piece Cookware Set,Home & Kitchen,2023-10-30,41,12259,5
SKU-016,Commercial Grade 14-Piece Cookware Set,Home & Kitchen,2023-11-06,79,23621,3
SKU-016,Commercial Grade 14-Piece Cookware Set,Home & Kitchen,2023-11-13,82,24518,4
SKU-016,Commercial Grade 14-Piece Cookware Set,Home & Kitchen,2023-11-20,89,26611,3
SKU-016,Commercial Grade 14-Piece Cookware Set,Home & Kitchen,2023-11-27,88,26312,5
SKU-016,Commercial Grade 14-Piece Cookware Set,Home & Kitchen,2023-12-04,79,23621,3
SKU-016,Commercial Grade 14-Piece Cookware Set,Home & Kitchen,2023-12-11,72,21528,3
SKU-016,Commercial Grade 14-Piece Cookware Set,Home & Kitchen,2023-12-18,78,23322,5
SKU-016,Commercial Grade 14-Piece Cookware Set,Home & Kitchen,2023-12-25,63,18837,5
SKU-016,Commercial Grade 14-Piece Cookware Set,Home & Kitchen,2024-01-01,41,12259,3
SKU-016,Commercial Grade 14-Piece Cookware Set,Home & Kitchen,2024-01-08,54,16146,3
SKU-016,Commercial Grade 14-Piece Cookware Set,Home & Kitchen,2024-01-15,56,16744,5
SKU-016,Commercial Grade 14-Piece Cookware Set,Home & Kitchen,2024-01-22,40,11960,3
SKU-016,Commercial Grade 14-Piece Cookware Set,Home & Kitchen,2024-01-29,42,12558,3
SKU-016,Commercial Grade 14-Piece Cookware Set,Home & Kitchen,2024-02-05,59,17641,3
SKU-016,Commercial Grade 14-Piece Cookware Set,Home & Kitchen,2024-02-12,53,15847,5
SKU-016,Commercial Grade 14-Piece Cookware Set,Home & Kitchen,2024-02-19,44,13156,4
SKU-016,Commercial Grade 14-Piece Cookware Set,Home & Kitchen,2024-02-26,51,15249,4
SKU-016,Commercial Grade 14-Piece Cookware Set,Home & Kitchen,2024-03-04,42,12558,4
SKU-016,Commercial Grade 14-Piece Cookware Set,Home & Kitchen,2024-03-11,47,14053,4
SKU-016,Commercial Grade 14-Piece Cookware Set,Home & Kitchen,2024-03-18,51,15249,3
SKU-016,Commercial Grade 14-Piece Cookware Set,Home & Kitchen,2024-03-25,44,13156,5
SKU-016,Commercial Grade 14-Piece Cookware Set,Home & Kitchen,2024-04-01,54,16146,3
SKU-016,Commercial Grade 14-Piece Cookware Set,Home & Kitchen,2024-04-08,38,11362,5
SKU-016,Commercial Grade 14-Piece Cookware Set,Home & Kitchen,2024-04-15,51,15249,3
SKU-016,Commercial Grade 14-Piece Cookware Set,Home & Kitchen,2024-04-22,44,13156,4
SKU-016,Commercial Grade 14-Piece Cookware Set,Home & Kitchen,2024-04-29,54,16146,3
SKU-016,Commercial Grade 14-Piece Cookware Set,Home & Kitchen,2024-05-06,47,14053,4
SKU-016,Commercial Grade 14-Piece Cookware Set,Home & Kitchen,2024-05-13,62,18538,3
SKU-016,Commercial Grade 14-Piece Cookware Set,Home & Kitchen,2024-05-20,49,14651,5
SKU-016,Commercial Grade 14-Piece Cookware Set,Home & Kitchen,2024-05-27,32,9568,4
SKU-016,Commercial Grade 14-Piece Cookware Set,Home & Kitchen,2024-06-03,32,9568,3
SKU-016,Commercial Grade 14-Piece Cookware Set,Home & Kitchen,2024-06-10,36,10764,5
SKU-016,Commercial Grade 14-Piece Cookware Set,Home & Kitchen,2024-06-17,59,17641,4
SKU-016,Commercial Grade 14-Piece Cookware Set,Home & Kitchen,2024-06-24,60,17940,5
SKU-016,Commercial Grade 14-Piece Cookware Set,Home & Kitchen,2024-07-01,48,14352,5
SKU-016,Commercial Grade 14-Piece Cookware Set,Home & Kitchen,2024-07-08,26,7774,5
SKU-016,Commercial Grade 14-Piece Cookware Set,Home & Kitchen,2024-07-15,46,13754,5
SKU-016,Commercial Grade 14-Piece Cookware Set,Home & Kitchen,2024-07-22,49,14651,3
SKU-016,Commercial Grade 14-Piece Cookware Set,Home & Kitchen,2024-07-29,51,15249,5
SKU-016,Commercial Grade 14-Piece Cookware Set,Home & Kitchen,2024-08-05,64,19136,5
SKU-016,Commercial Grade 14-Piece Cookware Set,Home & Kitchen,2024-08-12,45,13455,4
SKU-016,Commercial Grade 14-Piece Cookware Set,Home & Kitchen,2024-08-19,40,11960,4
SKU-016,Commercial Grade 14-Piece Cookware Set,Home & Kitchen,2024-08-26,32,9568,5
SKU-016,Commercial Grade 14-Piece Cookware Set,Home & Kitchen,2024-09-02,56,16744,5
SKU-016,Commercial Grade 14-Piece Cookware Set,Home & Kitchen,2024-09-09,55,16445,4
SKU-016,Commercial Grade 14-Piece Cookware Set,Home & Kitchen,2024-09-16,42,12558,3
SKU-016,Commercial Grade 14-Piece Cookware Set,Home & Kitchen,2024-09-23,45,13455,4
SKU-016,Commercial Grade 14-Piece Cookware Set,Home & Kitchen,2024-09-30,40,11960,3
SKU-016,Commercial Grade 14-Piece Cookware Set,Home & Kitchen,2024-10-07,44,13156,5
SKU-016,Commercial Grade 14-Piece Cookware Set,Home & Kitchen,2024-10-14,44,13156,3
SKU-016,Commercial Grade 14-Piece Cookware Set,Home & Kitchen,2024-10-21,51,15249,4
SKU-016,Commercial Grade 14-Piece Cookware Set,Home & Kitchen,2024-10-28,32,9568,5
SKU-016,Commercial Grade 14-Piece Cookware Set,Home & Kitchen,2024-11-04,77,23023,4
SKU-016,Commercial Grade 14-Piece Cookware Set,Home & Kitchen,2024-11-11,72,21528,4
SKU-016,Commercial Grade 14-Piece Cookware Set,Home & Kitchen,2024-11-18,83,24817,3
SKU-016,Commercial Grade 14-Piece Cookware Set,Home & Kitchen,2024-11-25,81,24219,3
SKU-016,Commercial Grade 14-Piece Cookware Set,Home & Kitchen,2024-12-02,91,27209,4
SKU-016,Commercial Grade 14-Piece Cookware Set,Home & Kitchen,2024-12-09,76,22724,3
SKU-016,Commercial Grade 14-Piece Cookware Set,Home & Kitchen,2024-12-16,71,21229,5
SKU-016,Commercial Grade 14-Piece Cookware Set,Home & Kitchen,2024-12-23,65,19435,3
SKU-017,Inflatable Stand Up Touring Paddleboard,Outdoor & Sports,2023-01-02,40,14760,4
SKU-017,Inflatable Stand Up Touring Paddleboard,Outdoor & Sports,2023-01-09,37,13653,5
SKU-017,Inflatable Stand Up Touring Paddleboard,Outdoor & Sports,2023-01-16,34,12546,5
SKU-017,Inflatable Stand Up Touring Paddleboard,Outdoor & Sports,2023-01-23,36,13284,4
SKU-017,Inflatable Stand Up Touring Paddleboard,Outdoor & Sports,2023-01-30,29,10701,5
SKU-017,Inflatable Stand Up Touring Paddleboard,Outdoor & Sports,2023-02-06,32,11808,3
SKU-017,Inflatable Stand Up Touring Paddleboard,Outdoor & Sports,2023-02-13,39,14391,3
SKU-017,Inflatable Stand Up Touring Paddleboard,Outdoor & Sports,2023-02-20,34,12546,5
SKU-017,Inflatable Stand Up Touring Paddleboard,Outdoor & Sports,2023-02-27,50,18450,4
SKU-017,Inflatable Stand Up Touring Paddleboard,Outdoor & Sports,2023-03-06,53,19557,5
SKU-017,Inflatable Stand Up Touring Paddleboard,Outdoor & Sports,2023-03-13,35,12915,3
SKU-017,Inflatable Stand Up Touring Paddleboard,Outdoor & Sports,2023-03-20,44,16236,5
SKU-017,Inflatable Stand Up Touring Paddleboard,Outdoor & Sports,2023-03-27,34,12546,5
SKU-017,Inflatable Stand Up Touring Paddleboard,Outdoor & Sports,2023-04-03,38,14022,3
SKU-017,Inflatable Stand Up Touring Paddleboard,Outdoor & Sports,2023-04-10,40,14760,3
SKU-017,Inflatable Stand Up Touring Paddleboard,Outdoor & Sports,2023-04-17,41,15129,3
SKU-017,Inflatable Stand Up Touring Paddleboard,Outdoor & Sports,2023-04-24,60,22140,3
SKU-017,Inflatable Stand Up Touring Paddleboard,Outdoor & Sports,2023-05-01,79,29151,5
SKU-017,Inflatable Stand Up Touring Paddleboard,Outdoor & Sports,2023-05-08,46,16974,5
SKU-017,Inflatable Stand Up Touring Paddleboard,Outdoor & Sports,2023-05-15,87,32103,4
SKU-017,Inflatable Stand Up Touring Paddleboard,Outdoor & Sports,2023-05-22,71,26199,3
SKU-017,Inflatable Stand Up Touring Paddleboard,Outdoor & Sports,2023-05-29,85,31365,5
SKU-017,Inflatable Stand Up Touring Paddleboard,Outdoor & Sports,2023-06-05,82,30258,5
SKU-017,Inflatable Stand Up Touring Paddleboard,Outdoor & Sports,2023-06-12,91,33579,4
SKU-017,Inflatable Stand Up Touring Paddleboard,Outdoor & Sports,2023-06-19,94,34686,5
SKU-017,Inflatable Stand Up Touring Paddleboard,Outdoor & Sports,2023-06-26,83,30627,3
SKU-017,Inflatable Stand Up Touring Paddleboard,Outdoor & Sports,2023-07-03,92,33948,3
SKU-017,Inflatable Stand Up Touring Paddleboard,Outdoor & Sports,2023-07-10,76,28044,3
SKU-017,Inflatable Stand Up Touring Paddleboard,Outdoor & Sports,2023-07-17,85,31365,3
SKU-017,Inflatable Stand Up Touring Paddleboard,Outdoor & Sports,2023-07-24,69,25461,4
SKU-017,Inflatable Stand Up Touring Paddleboard,Outdoor & Sports,2023-07-31,68,25092,5
SKU-017,Inflatable Stand Up Touring Paddleboard,Outdoor & Sports,2023-08-07,64,23616,3
SKU-017,Inflatable Stand Up Touring Paddleboard,Outdoor & Sports,2023-08-14,67,24723,3
SKU-017,Inflatable Stand Up Touring Paddleboard,Outdoor & Sports,2023-08-21,75,27675,5
SKU-017,Inflatable Stand Up Touring Paddleboard,Outdoor & Sports,2023-08-28,81,29889,5
SKU-017,Inflatable Stand Up Touring Paddleboard,Outdoor & Sports,2023-09-04,48,17712,5
SKU-017,Inflatable Stand Up Touring Paddleboard,Outdoor & Sports,2023-09-11,35,12915,5
SKU-017,Inflatable Stand Up Touring Paddleboard,Outdoor & Sports,2023-09-18,38,14022,5
SKU-017,Inflatable Stand Up Touring Paddleboard,Outdoor & Sports,2023-09-25,41,15129,4
SKU-017,Inflatable Stand Up Touring Paddleboard,Outdoor & Sports,2023-10-02,45,16605,5
SKU-017,Inflatable Stand Up Touring Paddleboard,Outdoor & Sports,2023-10-09,51,18819,5
SKU-017,Inflatable Stand Up Touring Paddleboard,Outdoor & Sports,2023-10-16,36,13284,3
SKU-017,Inflatable Stand Up Touring Paddleboard,Outdoor & Sports,2023-10-23,31,11439,3
SKU-017,Inflatable Stand Up Touring Paddleboard,Outdoor & Sports,2023-10-30,36,13284,5
SKU-017,Inflatable Stand Up Touring Paddleboard,Outdoor & Sports,2023-11-06,40,14760,5
SKU-017,Inflatable Stand Up Touring Paddleboard,Outdoor & Sports,2023-11-13,47,17343,5
SKU-017,Inflatable Stand Up Touring Paddleboard,Outdoor & Sports,2023-11-20,49,18081,4
SKU-017,Inflatable Stand Up Touring Paddleboard,Outdoor & Sports,2023-11-27,46,16974,4
SKU-017,Inflatable Stand Up Touring Paddleboard,Outdoor & Sports,2023-12-04,43,15867,3
SKU-017,Inflatable Stand Up Touring Paddleboard,Outdoor & Sports,2023-12-11,43,15867,5
SKU-017,Inflatable Stand Up Touring Paddleboard,Outdoor & Sports,2023-12-18,48,17712,5
SKU-017,Inflatable Stand Up Touring Paddleboard,Outdoor & Sports,2023-12-25,48,17712,5
SKU-017,Inflatable Stand Up Touring Paddleboard,Outdoor & Sports,2024-01-01,45,16605,3
SKU-017,Inflatable Stand Up Touring Paddleboard,Outdoor & Sports,2024-01-08,28,10332,4
SKU-017,Inflatable Stand Up Touring Paddleboard,Outdoor & Sports,2024-01-15,48,17712,5
SKU-017,Inflatable Stand Up Touring Paddleboard,Outdoor & Sports,2024-01-22,49,18081,4
SKU-017,Inflatable Stand Up Touring Paddleboard,Outdoor & Sports,2024-01-29,37,13653,5
SKU-017,Inflatable Stand Up Touring Paddleboard,Outdoor & Sports,2024-02-05,48,17712,4
SKU-017,Inflatable Stand Up Touring Paddleboard,Outdoor & Sports,2024-02-12,53,19557,4
SKU-017,Inflatable Stand Up Touring Paddleboard,Outdoor & Sports,2024-02-19,49,18081,4
SKU-017,Inflatable Stand Up Touring Paddleboard,Outdoor & Sports,2024-02-26,41,15129,5
SKU-017,Inflatable Stand Up Touring Paddleboard,Outdoor & Sports,2024-03-04,43,15867,5
SKU-017,Inflatable Stand Up Touring Paddleboard,Outdoor & Sports,2024-03-11,38,14022,5
SKU-017,Inflatable Stand Up Touring Paddleboard,Outdoor & Sports,2024-03-18,49,18081,3
SKU-017,Inflatable Stand Up Touring Paddleboard,Outdoor & Sports,2024-03-25,40,14760,3
SKU-017,Inflatable Stand Up Touring Paddleboard,Outdoor & Sports,2024-04-01,37,13653,3
SKU-017,Inflatable Stand Up Touring Paddleboard,Outdoor & Sports,2024-04-08,51,18819,4
SKU-017,Inflatable Stand Up Touring Paddleboard,Outdoor & Sports,2024-04-15,44,16236,5
SKU-017,Inflatable Stand Up Touring Paddleboard,Outdoor & Sports,2024-04-22,47,17343,3
SKU-017,Inflatable Stand Up Touring Paddleboard,Outdoor & Sports,2024-04-29,52,19188,5
SKU-017,Inflatable Stand Up Touring Paddleboard,Outdoor & Sports,2024-05-06,71,26199,4
SKU-017,Inflatable Stand Up Touring Paddleboard,Outdoor & Sports,2024-05-13,79,29151,5
SKU-017,Inflatable Stand Up Touring Paddleboard,Outdoor & Sports,2024-05-20,81,29889,5
SKU-017,Inflatable Stand Up Touring Paddleboard,Outdoor & Sports,2024-05-27,93,34317,3
SKU-017,Inflatable Stand Up Touring Paddleboard,Outdoor & Sports,2024-06-03,77,28413,5
SKU-017,Inflatable Stand Up Touring Paddleboard,Outdoor & Sports,2024-06-10,89,32841,3
SKU-017,Inflatable Stand Up Touring Paddleboard,Outdoor & Sports,2024-06-17,82,30258,3
SKU-017,Inflatable Stand Up Touring Paddleboard,Outdoor & Sports,2024-06-24,79,29151,5
SKU-017,Inflatable Stand Up Touring Paddleboard,Outdoor & Sports,2024-07-01,69,25461,4
SKU-017,Inflatable Stand Up Touring Paddleboard,Outdoor & Sports,2024-07-08,90,33210,5
SKU-017,Inflatable Stand Up Touring Paddleboard,Outdoor & Sports,2024-07-15,86,31734,5
SKU-017,Inflatable Stand Up Touring Paddleboard,Outdoor & Sports,2024-07-22,89,32841,5
SKU-017,Inflatable Stand Up Touring Paddleboard,Outdoor & Sports,2024-07-29,72,26568,3
SKU-017,Inflatable Stand Up Touring Paddleboard,Outdoor & Sports,2024-08-05,67,24723,3
SKU-017,Inflatable Stand Up Touring Paddleboard,Outdoor & Sports,2024-08-12,76,28044,4
SKU-017,Inflatable Stand Up Touring Paddleboard,Outdoor & Sports,2024-08-19,88,32472,3
SKU-017,Inflatable Stand Up Touring Paddleboard,Outdoor & Sports,2024-08-26,77,28413,3
SKU-017,Inflatable Stand Up Touring Paddleboard,Outdoor & Sports,2024-09-02,34,12546,4
SKU-017,Inflatable Stand Up Touring Paddleboard,Outdoor & Sports,2024-09-09,44,16236,5
SKU-017,Inflatable Stand Up Touring Paddleboard,Outdoor & Sports,2024-09-16,49,18081,4
SKU-017,Inflatable Stand Up Touring Paddleboard,Outdoor & Sports,2024-09-23,42,15498,3
SKU-017,Inflatable Stand Up Touring Paddleboard,Outdoor & Sports,2024-09-30,34,12546,5
SKU-017,Inflatable Stand Up Touring Paddleboard,Outdoor & Sports,2024-10-07,46,16974,4
SKU-017,Inflatable Stand Up Touring Paddleboard,Outdoor & Sports,2024-10-14,40,14760,5
SKU-017,Inflatable Stand Up Touring Paddleboard,Outdoor & Sports,2024-10-21,39,14391,5
SKU-017,Inflatable Stand Up Touring Paddleboard,Outdoor & Sports,2024-10-28,38,14022,4
SKU-017,Inflatable Stand Up Touring Paddleboard,Outdoor & Sports,2024-11-04,40,14760,4
SKU-017,Inflatable Stand Up Touring Paddleboard,Outdoor & Sports,2024-11-11,39,14391,3
SKU-017,Inflatable Stand Up Touring Paddleboard,Outdoor & Sports,2024-11-18,42,15498,3
SKU-017,Inflatable Stand Up Touring Paddleboard,Outdoor & Sports,2024-11-25,33,12177,5
SKU-017,Inflatable Stand Up Touring Paddleboard,Outdoor & Sports,2024-12-02,31,11439,5
SKU-017,Inflatable Stand Up Touring Paddleboard,Outdoor & Sports,2024-12-09,54,19926,4
SKU-017,Inflatable Stand Up Touring Paddleboard,Outdoor & Sports,2024-12-16,43,15867,4
SKU-017,Inflatable Stand Up Touring Paddleboard,Outdoor & Sports,2024-12-23,43,15867,5
SKU-018,Merino Wool Thermal Base Layer Top,Apparel & Footwear,2023-01-02,256,24320,3
SKU-018,Merino Wool Thermal Base Layer Top,Apparel & Footwear,2023-01-09,230,21850,3
SKU-018,Merino Wool Thermal Base Layer Top,Apparel & Footwear,2023-01-16,231,21945,5
SKU-018,Merino Wool Thermal Base Layer Top,Apparel & Footwear,2023-01-23,228,21660,3
SKU-018,Merino Wool Thermal Base Layer Top,Apparel & Footwear,2023-01-30,212,20140,5
SKU-018,Merino Wool Thermal Base Layer Top,Apparel & Footwear,2023-02-06,224,21280,4
SKU-018,Merino Wool Thermal Base Layer Top,Apparel & Footwear,2023-02-13,228,21660,5
SKU-018,Merino Wool Thermal Base Layer Top,Apparel & Footwear,2023-02-20,240,22800,5
SKU-018,Merino Wool Thermal Base Layer Top,Apparel & Footwear,2023-02-27,250,23750,5
SKU-018,Merino Wool Thermal Base Layer Top,Apparel & Footwear,2023-03-06,108,10260,4
SKU-018,Merino Wool Thermal Base Layer Top,Apparel & Footwear,2023-03-13,154,14630,5
SKU-018,Merino Wool Thermal Base Layer Top,Apparel & Footwear,2023-03-20,140,13300,4
SKU-018,Merino Wool Thermal Base Layer Top,Apparel & Footwear,2023-03-27,158,15010,5
SKU-018,Merino Wool Thermal Base Layer Top,Apparel & Footwear,2023-04-03,127,12065,3
SKU-018,Merino Wool Thermal Base Layer Top,Apparel & Footwear,2023-04-10,139,13205,5
SKU-018,Merino Wool Thermal Base Layer Top,Apparel & Footwear,2023-04-17,120,11400,4
SKU-018,Merino Wool Thermal Base Layer Top,Apparel & Footwear,2023-04-24,115,10925,5
SKU-018,Merino Wool Thermal Base Layer Top,Apparel & Footwear,2023-05-01,136,12920,5
SKU-018,Merino Wool Thermal Base Layer Top,Apparel & Footwear,2023-05-08,169,16055,3
SKU-018,Merino Wool Thermal Base Layer Top,Apparel & Footwear,2023-05-15,147,13965,3
SKU-018,Merino Wool Thermal Base Layer Top,Apparel & Footwear,2023-05-22,113,10735,5
SKU-018,Merino Wool Thermal Base Layer Top,Apparel & Footwear,2023-05-29,138,13110,5
SKU-018,Merino Wool Thermal Base Layer Top,Apparel & Footwear,2023-06-05,84,7980,4
SKU-018,Merino Wool Thermal Base Layer Top,Apparel & Footwear,2023-06-12,118,11210,3
SKU-018,Merino Wool Thermal Base Layer Top,Apparel & Footwear,2023-06-19,96,9120,3
SKU-018,Merino Wool Thermal Base Layer Top,Apparel & Footwear,2023-06-26,99,9405,4
SKU-018,Merino Wool Thermal Base Layer Top,Apparel & Footwear,2023-07-03,84,7980,4
SKU-018,Merino Wool Thermal Base Layer Top,Apparel & Footwear,2023-07-10,83,7885,5
SKU-018,Merino Wool Thermal Base Layer Top,Apparel & Footwear,2023-07-17,89,8455,5
SKU-018,Merino Wool Thermal Base Layer Top,Apparel & Footwear,2023-07-24,92,8740,5
SKU-018,Merino Wool Thermal Base Layer Top,Apparel & Footwear,2023-07-31,83,7885,5
SKU-018,Merino Wool Thermal Base Layer Top,Apparel & Footwear,2023-08-07,93,8835,5
SKU-018,Merino Wool Thermal Base Layer Top,Apparel & Footwear,2023-08-14,83,7885,5
SKU-018,Merino Wool Thermal Base Layer Top,Apparel & Footwear,2023-08-21,101,9595,4
SKU-018,Merino Wool Thermal Base Layer Top,Apparel & Footwear,2023-08-28,96,9120,4
SKU-018,Merino Wool Thermal Base Layer Top,Apparel & Footwear,2023-09-04,137,13015,3
SKU-018,Merino Wool Thermal Base Layer Top,Apparel & Footwear,2023-09-11,162,15390,4
SKU-018,Merino Wool Thermal Base Layer Top,Apparel & Footwear,2023-09-18,150,14250,5
SKU-018,Merino Wool Thermal Base Layer Top,Apparel & Footwear,2023-09-25,122,11590,5
SKU-018,Merino Wool Thermal Base Layer Top,Apparel & Footwear,2023-10-02,143,13585,4
SKU-018,Merino Wool Thermal Base Layer Top,Apparel & Footwear,2023-10-09,135,12825,3
SKU-018,Merino Wool Thermal Base Layer Top,Apparel & Footwear,2023-10-16,136,12920,5
SKU-018,Merino Wool Thermal Base Layer Top,Apparel & Footwear,2023-10-23,138,13110,5
SKU-018,Merino Wool Thermal Base Layer Top,Apparel & Footwear,2023-10-30,148,14060,4
SKU-018,Merino Wool Thermal Base Layer Top,Apparel & Footwear,2023-11-06,240,22800,3
SKU-018,Merino Wool Thermal Base Layer Top,Apparel & Footwear,2023-11-13,235,22325,5
SKU-018,Merino Wool Thermal Base Layer Top,Apparel & Footwear,2023-11-20,226,21470,5
SKU-018,Merino Wool Thermal Base Layer Top,Apparel & Footwear,2023-11-27,249,23655,5
SKU-018,Merino Wool Thermal Base Layer Top,Apparel & Footwear,2023-12-04,261,24795,3
SKU-018,Merino Wool Thermal Base Layer Top,Apparel & Footwear,2023-12-11,225,21375,3
SKU-018,Merino Wool Thermal Base Layer Top,Apparel & Footwear,2023-12-18,261,24795,4
SKU-018,Merino Wool Thermal Base Layer Top,Apparel & Footwear,2023-12-25,237,22515,3
SKU-018,Merino Wool Thermal Base Layer Top,Apparel & Footwear,2024-01-01,231,21945,5
SKU-018,Merino Wool Thermal Base Layer Top,Apparel & Footwear,2024-01-08,226,21470,5
SKU-018,Merino Wool Thermal Base Layer Top,Apparel & Footwear,2024-01-15,202,19190,3
SKU-018,Merino Wool Thermal Base Layer Top,Apparel & Footwear,2024-01-22,242,22990,5
SKU-018,Merino Wool Thermal Base Layer Top,Apparel & Footwear,2024-01-29,236,22420,5
SKU-018,Merino Wool Thermal Base Layer Top,Apparel & Footwear,2024-02-05,242,22990,5
SKU-018,Merino Wool Thermal Base Layer Top,Apparel & Footwear,2024-02-12,238,22610,5
SKU-018,Merino Wool Thermal Base Layer Top,Apparel & Footwear,2024-02-19,211,20045,4
SKU-018,Merino Wool Thermal Base Layer Top,Apparel & Footwear,2024-02-26,269,25555,5
SKU-018,Merino Wool Thermal Base Layer Top,Apparel & Footwear,2024-03-04,138,13110,4
SKU-018,Merino Wool Thermal Base Layer Top,Apparel & Footwear,2024-03-11,154,14630,4
SKU-018,Merino Wool Thermal Base Layer Top,Apparel & Footwear,2024-03-18,131,12445,4
SKU-018,Merino Wool Thermal Base Layer Top,Apparel & Footwear,2024-03-25,138,13110,4
SKU-018,Merino Wool Thermal Base Layer Top,Apparel & Footwear,2024-04-01,152,14440,3
SKU-018,Merino Wool Thermal Base Layer Top,Apparel & Footwear,2024-04-08,136,12920,4
SKU-018,Merino Wool Thermal Base Layer Top,Apparel & Footwear,2024-04-15,131,12445,3
SKU-018,Merino Wool Thermal Base Layer Top,Apparel & Footwear,2024-04-22,173,16435,5
SKU-018,Merino Wool Thermal Base Layer Top,Apparel & Footwear,2024-04-29,136,12920,3
SKU-018,Merino Wool Thermal Base Layer Top,Apparel & Footwear,2024-05-06,129,12255,3
SKU-018,Merino Wool Thermal Base Layer Top,Apparel & Footwear,2024-05-13,139,13205,3
SKU-018,Merino Wool Thermal Base Layer Top,Apparel & Footwear,2024-05-20,146,13870,3
SKU-018,Merino Wool Thermal Base Layer Top,Apparel & Footwear,2024-05-27,123,11685,3
SKU-018,Merino Wool Thermal Base Layer Top,Apparel & Footwear,2024-06-03,85,8075,3
SKU-018,Merino Wool Thermal Base Layer Top,Apparel & Footwear,2024-06-10,85,8075,3
SKU-018,Merino Wool Thermal Base Layer Top,Apparel & Footwear,2024-06-17,107,10165,5
SKU-018,Merino Wool Thermal Base Layer Top,Apparel & Footwear,2024-06-24,92,8740,5
SKU-018,Merino Wool Thermal Base Layer Top,Apparel & Footwear,2024-07-01,119,11305,3
SKU-018,Merino Wool Thermal Base Layer Top,Apparel & Footwear,2024-07-08,101,9595,5
SKU-018,Merino Wool Thermal Base Layer Top,Apparel & Footwear,2024-07-15,92,8740,5
SKU-018,Merino Wool Thermal Base Layer Top,Apparel & Footwear,2024-07-22,74,7030,3
SKU-018,Merino Wool Thermal Base Layer Top,Apparel & Footwear,2024-07-29,106,10070,5
SKU-018,Merino Wool Thermal Base Layer Top,Apparel & Footwear,2024-08-05,105,9975,4
SKU-018,Merino Wool Thermal Base Layer Top,Apparel & Footwear,2024-08-12,77,7315,4
SKU-018,Merino Wool Thermal Base Layer Top,Apparel & Footwear,2024-08-19,92,8740,3
SKU-018,Merino Wool Thermal Base Layer Top,Apparel & Footwear,2024-08-26,102,9690,3
SKU-018,Merino Wool Thermal Base Layer Top,Apparel & Footwear,2024-09-02,180,17100,4
SKU-018,Merino Wool Thermal Base Layer Top,Apparel & Footwear,2024-09-09,147,13965,4
SKU-018,Merino Wool Thermal Base Layer Top,Apparel & Footwear,2024-09-16,133,12635,3
SKU-018,Merino Wool Thermal Base Layer Top,Apparel & Footwear,2024-09-23,166,15770,5
SKU-018,Merino Wool Thermal Base Layer Top,Apparel & Footwear,2024-09-30,150,14250,3
SKU-018,Merino Wool Thermal Base Layer Top,Apparel & Footwear,2024-10-07,141,13395,5
SKU-018,Merino Wool Thermal Base Layer Top,Apparel & Footwear,2024-10-14,139,13205,4
SKU-018,Merino Wool Thermal Base Layer Top,Apparel & Footwear,2024-10-21,162,15390,3
SKU-018,Merino Wool Thermal Base Layer Top,Apparel & Footwear,2024-10-28,152,14440,3
SKU-018,Merino Wool Thermal Base Layer Top,Apparel & Footwear,2024-11-04,242,22990,4
SKU-018,Merino Wool Thermal Base Layer Top,Apparel & Footwear,2024-11-11,209,19855,5
SKU-018,Merino Wool Thermal Base Layer Top,Apparel & Footwear,2024-11-18,239,22705,4
SKU-018,Merino Wool Thermal Base Layer Top,Apparel & Footwear,2024-11-25,193,18335,5
SKU-018,Merino Wool Thermal Base Layer Top,Apparel & Footwear,2024-12-02,222,21090,4
SKU-018,Merino Wool Thermal Base Layer Top,Apparel & Footwear,2024-12-09,252,23940,4
SKU-018,Merino Wool Thermal Base Layer Top,Apparel & Footwear,2024-12-16,245,23275,5
SKU-018,Merino Wool Thermal Base Layer Top,Apparel & Footwear,2024-12-23,229,21755,4
SKU-019,High-Impact Recovery Massage Gun Pro,Consumer Electronics,2023-01-02,62,12338,5
SKU-019,High-Impact Recovery Massage Gun Pro,Consumer Electronics,2023-01-09,70,13930,5
SKU-019,High-Impact Recovery Massage Gun Pro,Consumer Electronics,2023-01-16,59,11741,5
SKU-019,High-Impact Recovery Massage Gun Pro,Consumer Electronics,2023-01-23,81,16119,3
SKU-019,High-Impact Recovery Massage Gun Pro,Consumer Electronics,2023-01-30,73,14527,5
SKU-019,High-Impact Recovery Massage Gun Pro,Consumer Electronics,2023-02-06,72,14328,3
SKU-019,High-Impact Recovery Massage Gun Pro,Consumer Electronics,2023-02-13,63,12537,3
SKU-019,High-Impact Recovery Massage Gun Pro,Consumer Electronics,2023-02-20,81,16119,3
SKU-019,High-Impact Recovery Massage Gun Pro,Consumer Electronics,2023-02-27,82,16318,3
SKU-019,High-Impact Recovery Massage Gun Pro,Consumer Electronics,2023-03-06,83,16517,4
SKU-019,High-Impact Recovery Massage Gun Pro,Consumer Electronics,2023-03-13,77,15323,3
SKU-019,High-Impact Recovery Massage Gun Pro,Consumer Electronics,2023-03-20,73,14527,4
SKU-019,High-Impact Recovery Massage Gun Pro,Consumer Electronics,2023-03-27,80,15920,4
SKU-019,High-Impact Recovery Massage Gun Pro,Consumer Electronics,2023-04-03,103,20497,3
SKU-019,High-Impact Recovery Massage Gun Pro,Consumer Electronics,2023-04-10,93,18507,3
SKU-019,High-Impact Recovery Massage Gun Pro,Consumer Electronics,2023-04-17,72,14328,4
SKU-019,High-Impact Recovery Massage Gun Pro,Consumer Electronics,2023-04-24,92,18308,3
SKU-019,High-Impact Recovery Massage Gun Pro,Consumer Electronics,2023-05-01,76,15124,4
SKU-019,High-Impact Recovery Massage Gun Pro,Consumer Electronics,2023-05-08,65,12935,3
SKU-019,High-Impact Recovery Massage Gun Pro,Consumer Electronics,2023-05-15,92,18308,5
SKU-019,High-Impact Recovery Massage Gun Pro,Consumer Electronics,2023-05-22,85,16915,4
SKU-019,High-Impact Recovery Massage Gun Pro,Consumer Electronics,2023-05-29,71,14129,4
SKU-019,High-Impact Recovery Massage Gun Pro,Consumer Electronics,2023-06-05,77,15323,3
SKU-019,High-Impact Recovery Massage Gun Pro,Consumer Electronics,2023-06-12,99,19701,3
SKU-019,High-Impact Recovery Massage Gun Pro,Consumer Electronics,2023-06-19,70,13930,4
SKU-019,High-Impact Recovery Massage Gun Pro,Consumer Electronics,2023-06-26,67,13333,5
SKU-019,High-Impact Recovery Massage Gun Pro,Consumer Electronics,2023-07-03,77,15323,5
SKU-019,High-Impact Recovery Massage Gun Pro,Consumer Electronics,2023-07-10,100,19900,4
SKU-019,High-Impact Recovery Massage Gun Pro,Consumer Electronics,2023-07-17,90,17910,4
SKU-019,High-Impact Recovery Massage Gun Pro,Consumer Electronics,2023-07-24,72,14328,3
SKU-019,High-Impact Recovery Massage Gun Pro,Consumer Electronics,2023-07-31,97,19303,3
SKU-019,High-Impact Recovery Massage Gun Pro,Consumer Electronics,2023-08-07,93,18507,4
SKU-019,High-Impact Recovery Massage Gun Pro,Consumer Electronics,2023-08-14,60,11940,5
SKU-019,High-Impact Recovery Massage Gun Pro,Consumer Electronics,2023-08-21,59,11741,3
SKU-019,High-Impact Recovery Massage Gun Pro,Consumer Electronics,2023-08-28,69,13731,5
SKU-019,High-Impact Recovery Massage Gun Pro,Consumer Electronics,2023-09-04,73,14527,5
SKU-019,High-Impact Recovery Massage Gun Pro,Consumer Electronics,2023-09-11,94,18706,3
SKU-019,High-Impact Recovery Massage Gun Pro,Consumer Electronics,2023-09-18,81,16119,3
SKU-019,High-Impact Recovery Massage Gun Pro,Consumer Electronics,2023-09-25,50,9950,3
SKU-019,High-Impact Recovery Massage Gun Pro,Consumer Electronics,2023-10-02,92,18308,4
SKU-019,High-Impact Recovery Massage Gun Pro,Consumer Electronics,2023-10-09,90,17910,5
SKU-019,High-Impact Recovery Massage Gun Pro,Consumer Electronics,2023-10-16,90,17910,4
SKU-019,High-Impact Recovery Massage Gun Pro,Consumer Electronics,2023-10-23,83,16517,3
SKU-019,High-Impact Recovery Massage Gun Pro,Consumer Electronics,2023-10-30,106,21094,5
SKU-019,High-Impact Recovery Massage Gun Pro,Consumer Electronics,2023-11-06,119,23681,3
SKU-019,High-Impact Recovery Massage Gun Pro,Consumer Electronics,2023-11-13,164,32636,3
SKU-019,High-Impact Recovery Massage Gun Pro,Consumer Electronics,2023-11-20,152,30248,4
SKU-019,High-Impact Recovery Massage Gun Pro,Consumer Electronics,2023-11-27,170,33830,4
SKU-019,High-Impact Recovery Massage Gun Pro,Consumer Electronics,2023-12-04,165,32835,3
SKU-019,High-Impact Recovery Massage Gun Pro,Consumer Electronics,2023-12-11,139,27661,4
SKU-019,High-Impact Recovery Massage Gun Pro,Consumer Electronics,2023-12-18,129,25671,3
SKU-019,High-Impact Recovery Massage Gun Pro,Consumer Electronics,2023-12-25,129,25671,3
SKU-019,High-Impact Recovery Massage Gun Pro,Consumer Electronics,2024-01-01,83,16517,3
SKU-019,High-Impact Recovery Massage Gun Pro,Consumer Electronics,2024-01-08,71,14129,5
SKU-019,High-Impact Recovery Massage Gun Pro,Consumer Electronics,2024-01-15,66,13134,5
SKU-019,High-Impact Recovery Massage Gun Pro,Consumer Electronics,2024-01-22,78,15522,3
SKU-019,High-Impact Recovery Massage Gun Pro,Consumer Electronics,2024-01-29,68,13532,3
SKU-019,High-Impact Recovery Massage Gun Pro,Consumer Electronics,2024-02-05,81,16119,3
SKU-019,High-Impact Recovery Massage Gun Pro,Consumer Electronics,2024-02-12,81,16119,4
SKU-019,High-Impact Recovery Massage Gun Pro,Consumer Electronics,2024-02-19,79,15721,3
SKU-019,High-Impact Recovery Massage Gun Pro,Consumer Electronics,2024-02-26,74,14726,3
SKU-019,High-Impact Recovery Massage Gun Pro,Consumer Electronics,2024-03-04,88,17512,4
SKU-019,High-Impact Recovery Massage Gun Pro,Consumer Electronics,2024-03-11,93,18507,5
SKU-019,High-Impact Recovery Massage Gun Pro,Consumer Electronics,2024-03-18,66,13134,5
SKU-019,High-Impact Recovery Massage Gun Pro,Consumer Electronics,2024-03-25,83,16517,5
SKU-019,High-Impact Recovery Massage Gun Pro,Consumer Electronics,2024-04-01,86,17114,5
SKU-019,High-Impact Recovery Massage Gun Pro,Consumer Electronics,2024-04-08,87,17313,4
SKU-019,High-Impact Recovery Massage Gun Pro,Consumer Electronics,2024-04-15,62,12338,5
SKU-019,High-Impact Recovery Massage Gun Pro,Consumer Electronics,2024-04-22,87,17313,4
SKU-019,High-Impact Recovery Massage Gun Pro,Consumer Electronics,2024-04-29,68,13532,5
SKU-019,High-Impact Recovery Massage Gun Pro,Consumer Electronics,2024-05-06,88,17512,4
SKU-019,High-Impact Recovery Massage Gun Pro,Consumer Electronics,2024-05-13,68,13532,3
SKU-019,High-Impact Recovery Massage Gun Pro,Consumer Electronics,2024-05-20,86,17114,3
SKU-019,High-Impact Recovery Massage Gun Pro,Consumer Electronics,2024-05-27,97,19303,5
SKU-019,High-Impact Recovery Massage Gun Pro,Consumer Electronics,2024-06-03,85,16915,4
SKU-019,High-Impact Recovery Massage Gun Pro,Consumer Electronics,2024-06-10,65,12935,3
SKU-019,High-Impact Recovery Massage Gun Pro,Consumer Electronics,2024-06-17,93,18507,5
SKU-019,High-Impact Recovery Massage Gun Pro,Consumer Electronics,2024-06-24,81,16119,3
SKU-019,High-Impact Recovery Massage Gun Pro,Consumer Electronics,2024-07-01,98,19502,4
SKU-019,High-Impact Recovery Massage Gun Pro,Consumer Electronics,2024-07-08,86,17114,5
SKU-019,High-Impact Recovery Massage Gun Pro,Consumer Electronics,2024-07-15,75,14925,3
SKU-019,High-Impact Recovery Massage Gun Pro,Consumer Electronics,2024-07-22,85,16915,3
SKU-019,High-Impact Recovery Massage Gun Pro,Consumer Electronics,2024-07-29,61,12139,5
SKU-019,High-Impact Recovery Massage Gun Pro,Consumer Electronics,2024-08-05,105,20895,5
SKU-019,High-Impact Recovery Massage Gun Pro,Consumer Electronics,2024-08-12,110,21890,3
SKU-019,High-Impact Recovery Massage Gun Pro,Consumer Electronics,2024-08-19,70,13930,4
SKU-019,High-Impact Recovery Massage Gun Pro,Consumer Electronics,2024-08-26,82,16318,4
SKU-019,High-Impact Recovery Massage Gun Pro,Consumer Electronics,2024-09-02,82,16318,3
SKU-019,High-Impact Recovery Massage Gun Pro,Consumer Electronics,2024-09-09,96,19104,4
SKU-019,High-Impact Recovery Massage Gun Pro,Consumer Electronics,2024-09-16,57,11343,4
SKU-019,High-Impact Recovery Massage Gun Pro,Consumer Electronics,2024-09-23,86,17114,4
SKU-019,High-Impact Recovery Massage Gun Pro,Consumer Electronics,2024-09-30,86,17114,3
SKU-019,High-Impact Recovery Massage Gun Pro,Consumer Electronics,2024-10-07,102,20298,3
SKU-019,High-Impact Recovery Massage Gun Pro,Consumer Electronics,2024-10-14,84,16716,3
SKU-019,High-Impact Recovery Massage Gun Pro,Consumer Electronics,2024-10-21,88,17512,5
SKU-019,High-Impact Recovery Massage Gun Pro,Consumer Electronics,2024-10-28,94,18706,5
SKU-019,High-Impact Recovery Massage Gun Pro,Consumer Electronics,2024-11-04,182,36218,4
SKU-019,High-Impact Recovery Massage Gun Pro,Consumer Electronics,2024-11-11,130,25870,5
SKU-019,High-Impact Recovery Massage Gun Pro,Consumer Electronics,2024-11-18,169,33631,3
SKU-019,High-Impact Recovery Massage Gun Pro,Consumer Electronics,2024-11-25,152,30248,3
SKU-019,High-Impact Recovery Massage Gun Pro,Consumer Electronics,2024-12-02,137,27263,4
SKU-019,High-Impact Recovery Massage Gun Pro,Consumer Electronics,2024-12-09,164,32636,3
SKU-019,High-Impact Recovery Massage Gun Pro,Consumer Electronics,2024-12-16,144,28656,4
SKU-019,High-Impact Recovery Massage Gun Pro,Consumer Electronics,2024-12-23,108,21492,5
SKU-020,All-Weather Gore-Tex Hardshell Jacket,Apparel & Footwear,2023-01-02,65,18785,4
SKU-020,All-Weather Gore-Tex Hardshell Jacket,Apparel & Footwear,2023-01-09,57,16473,3
SKU-020,All-Weather Gore-Tex Hardshell Jacket,Apparel & Footwear,2023-01-16,51,14739,4
SKU-020,All-Weather Gore-Tex Hardshell Jacket,Apparel & Footwear,2023-01-23,74,21386,5
SKU-020,All-Weather Gore-Tex Hardshell Jacket,Apparel & Footwear,2023-01-30,46,13294,5
SKU-020,All-Weather Gore-Tex Hardshell Jacket,Apparel & Footwear,2023-02-06,52,15028,3
SKU-020,All-Weather Gore-Tex Hardshell Jacket,Apparel & Footwear,2023-02-13,60,17340,4
SKU-020,All-Weather Gore-Tex Hardshell Jacket,Apparel & Footwear,2023-02-20,61,17629,4
SKU-020,All-Weather Gore-Tex Hardshell Jacket,Apparel & Footwear,2023-02-27,53,15317,4
SKU-020,All-Weather Gore-Tex Hardshell Jacket,Apparel & Footwear,2023-03-06,59,17051,4
SKU-020,All-Weather Gore-Tex Hardshell Jacket,Apparel & Footwear,2023-03-13,67,19363,4
SKU-020,All-Weather Gore-Tex Hardshell Jacket,Apparel & Footwear,2023-03-20,52,15028,3
SKU-020,All-Weather Gore-Tex Hardshell Jacket,Apparel & Footwear,2023-03-27,66,19074,4
SKU-020,All-Weather Gore-Tex Hardshell Jacket,Apparel & Footwear,2023-04-03,56,16184,5
SKU-020,All-Weather Gore-Tex Hardshell Jacket,Apparel & Footwear,2023-04-10,54,15606,5
SKU-020,All-Weather Gore-Tex Hardshell Jacket,Apparel & Footwear,2023-04-17,63,18207,3
SKU-020,All-Weather Gore-Tex Hardshell Jacket,Apparel & Footwear,2023-04-24,67,19363,5
SKU-020,All-Weather Gore-Tex Hardshell Jacket,Apparel & Footwear,2023-05-01,48,13872,4
SKU-020,All-Weather Gore-Tex Hardshell Jacket,Apparel & Footwear,2023-05-08,60,17340,5
SKU-020,All-Weather Gore-Tex Hardshell Jacket,Apparel & Footwear,2023-05-15,66,19074,4
SKU-020,All-Weather Gore-Tex Hardshell Jacket,Apparel & Footwear,2023-05-22,62,17918,4
SKU-020,All-Weather Gore-Tex Hardshell Jacket,Apparel & Footwear,2023-05-29,51,14739,5
SKU-020,All-Weather Gore-Tex Hardshell Jacket,Apparel & Footwear,2023-06-05,67,19363,3
SKU-020,All-Weather Gore-Tex Hardshell Jacket,Apparel & Footwear,2023-06-12,61,17629,5
SKU-020,All-Weather Gore-Tex Hardshell Jacket,Apparel & Footwear,2023-06-19,65,18785,5
SKU-020,All-Weather Gore-Tex Hardshell Jacket,Apparel & Footwear,2023-06-26,63,18207,3
SKU-020,All-Weather Gore-Tex Hardshell Jacket,Apparel & Footwear,2023-07-03,61,17629,5
SKU-020,All-Weather Gore-Tex Hardshell Jacket,Apparel & Footwear,2023-07-10,67,19363,4
SKU-020,All-Weather Gore-Tex Hardshell Jacket,Apparel & Footwear,2023-07-17,60,17340,3
SKU-020,All-Weather Gore-Tex Hardshell Jacket,Apparel & Footwear,2023-07-24,60,17340,5
SKU-020,All-Weather Gore-Tex Hardshell Jacket,Apparel & Footwear,2023-07-31,51,14739,5
SKU-020,All-Weather Gore-Tex Hardshell Jacket,Apparel & Footwear,2023-08-07,57,16473,5
SKU-020,All-Weather Gore-Tex Hardshell Jacket,Apparel & Footwear,2023-08-14,58,16762,4
SKU-020,All-Weather Gore-Tex Hardshell Jacket,Apparel & Footwear,2023-08-21,57,16473,4
SKU-020,All-Weather Gore-Tex Hardshell Jacket,Apparel & Footwear,2023-08-28,62,17918,5
SKU-020,All-Weather Gore-Tex Hardshell Jacket,Apparel & Footwear,2023-09-04,55,15895,3
SKU-020,All-Weather Gore-Tex Hardshell Jacket,Apparel & Footwear,2023-09-11,65,18785,3
SKU-020,All-Weather Gore-Tex Hardshell Jacket,Apparel & Footwear,2023-09-18,66,19074,4
SKU-020,All-Weather Gore-Tex Hardshell Jacket,Apparel & Footwear,2023-09-25,52,15028,4
SKU-020,All-Weather Gore-Tex Hardshell Jacket,Apparel & Footwear,2023-10-02,75,21675,3
SKU-020,All-Weather Gore-Tex Hardshell Jacket,Apparel & Footwear,2023-10-09,51,14739,5
SKU-020,All-Weather Gore-Tex Hardshell Jacket,Apparel & Footwear,2023-10-16,50,14450,4
SKU-020,All-Weather Gore-Tex Hardshell Jacket,Apparel & Footwear,2023-10-23,46,13294,4
SKU-020,All-Weather Gore-Tex Hardshell Jacket,Apparel & Footwear,2023-10-30,64,18496,4
SKU-020,All-Weather Gore-Tex Hardshell Jacket,Apparel & Footwear,2023-11-06,55,15895,5
SKU-020,All-Weather Gore-Tex Hardshell Jacket,Apparel & Footwear,2023-11-13,51,14739,4
SKU-020,All-Weather Gore-Tex Hardshell Jacket,Apparel & Footwear,2023-11-20,52,15028,4
SKU-020,All-Weather Gore-Tex Hardshell Jacket,Apparel & Footwear,2023-11-27,59,17051,4
SKU-020,All-Weather Gore-Tex Hardshell Jacket,Apparel & Footwear,2023-12-04,63,18207,4
SKU-020,All-Weather Gore-Tex Hardshell Jacket,Apparel & Footwear,2023-12-11,71,20519,5
SKU-020,All-Weather Gore-Tex Hardshell Jacket,Apparel & Footwear,2023-12-18,65,18785,4
SKU-020,All-Weather Gore-Tex Hardshell Jacket,Apparel & Footwear,2023-12-25,70,20230,4
SKU-020,All-Weather Gore-Tex Hardshell Jacket,Apparel & Footwear,2024-01-01,47,13583,4
SKU-020,All-Weather Gore-Tex Hardshell Jacket,Apparel & Footwear,2024-01-08,63,18207,3
SKU-020,All-Weather Gore-Tex Hardshell Jacket,Apparel & Footwear,2024-01-15,79,22831,4
SKU-020,All-Weather Gore-Tex Hardshell Jacket,Apparel & Footwear,2024-01-22,59,17051,5
SKU-020,All-Weather Gore-Tex Hardshell Jacket,Apparel & Footwear,2024-01-29,75,21675,5
SKU-020,All-Weather Gore-Tex Hardshell Jacket,Apparel & Footwear,2024-02-05,48,13872,5
SKU-020,All-Weather Gore-Tex Hardshell Jacket,Apparel & Footwear,2024-02-12,67,19363,4
SKU-020,All-Weather Gore-Tex Hardshell Jacket,Apparel & Footwear,2024-02-19,47,13583,4
SKU-020,All-Weather Gore-Tex Hardshell Jacket,Apparel & Footwear,2024-02-26,64,18496,3
SKU-020,All-Weather Gore-Tex Hardshell Jacket,Apparel & Footwear,2024-03-04,63,18207,3
SKU-020,All-Weather Gore-Tex Hardshell Jacket,Apparel & Footwear,2024-03-11,54,15606,5
SKU-020,All-Weather Gore-Tex Hardshell Jacket,Apparel & Footwear,2024-03-18,47,13583,5
SKU-020,All-Weather Gore-Tex Hardshell Jacket,Apparel & Footwear,2024-03-25,49,14161,4
SKU-020,All-Weather Gore-Tex Hardshell Jacket,Apparel & Footwear,2024-04-01,55,15895,5
SKU-020,All-Weather Gore-Tex Hardshell Jacket,Apparel & Footwear,2024-04-08,61,17629,4
SKU-020,All-Weather Gore-Tex Hardshell Jacket,Apparel & Footwear,2024-04-15,59,17051,3
SKU-020,All-Weather Gore-Tex Hardshell Jacket,Apparel & Footwear,2024-04-22,63,18207,5
SKU-020,All-Weather Gore-Tex Hardshell Jacket,Apparel & Footwear,2024-04-29,73,21097,5
SKU-020,All-Weather Gore-Tex Hardshell Jacket,Apparel & Footwear,2024-05-06,48,13872,5
SKU-020,All-Weather Gore-Tex Hardshell Jacket,Apparel & Footwear,2024-05-13,55,15895,4
SKU-020,All-Weather Gore-Tex Hardshell Jacket,Apparel & Footwear,2024-05-20,60,17340,4
SKU-020,All-Weather Gore-Tex Hardshell Jacket,Apparel & Footwear,2024-05-27,72,20808,4
SKU-020,All-Weather Gore-Tex Hardshell Jacket,Apparel & Footwear,2024-06-03,56,16184,4
SKU-020,All-Weather Gore-Tex Hardshell Jacket,Apparel & Footwear,2024-06-10,60,17340,4
SKU-020,All-Weather Gore-Tex Hardshell Jacket,Apparel & Footwear,2024-06-17,61,17629,4
SKU-020,All-Weather Gore-Tex Hardshell Jacket,Apparel & Footwear,2024-06-24,55,15895,5
SKU-020,All-Weather Gore-Tex Hardshell Jacket,Apparel & Footwear,2024-07-01,51,14739,3
SKU-020,All-Weather Gore-Tex Hardshell Jacket,Apparel & Footwear,2024-07-08,51,14739,5
SKU-020,All-Weather Gore-Tex Hardshell Jacket,Apparel & Footwear,2024-07-15,50,14450,5
SKU-020,All-Weather Gore-Tex Hardshell Jacket,Apparel & Footwear,2024-07-22,58,16762,4
SKU-020,All-Weather Gore-Tex Hardshell Jacket,Apparel & Footwear,2024-07-29,68,19652,4
SKU-020,All-Weather Gore-Tex Hardshell Jacket,Apparel & Footwear,2024-08-05,62,17918,4
SKU-020,All-Weather Gore-Tex Hardshell Jacket,Apparel & Footwear,2024-08-12,70,20230,3
SKU-020,All-Weather Gore-Tex Hardshell Jacket,Apparel & Footwear,2024-08-19,75,21675,4
SKU-020,All-Weather Gore-Tex Hardshell Jacket,Apparel & Footwear,2024-08-26,57,16473,4
SKU-020,All-Weather Gore-Tex Hardshell Jacket,Apparel & Footwear,2024-09-02,56,16184,3
SKU-020,All-Weather Gore-Tex Hardshell Jacket,Apparel & Footwear,2024-09-09,64,18496,5
SKU-020,All-Weather Gore-Tex Hardshell Jacket,Apparel & Footwear,2024-09-16,72,20808,4
SKU-020,All-Weather Gore-Tex Hardshell Jacket,Apparel & Footwear,2024-09-23,49,14161,4
SKU-020,All-Weather Gore-Tex Hardshell Jacket,Apparel & Footwear,2024-09-30,56,16184,4
SKU-020,All-Weather Gore-Tex Hardshell Jacket,Apparel & Footwear,2024-10-07,70,20230,5
SKU-020,All-Weather Gore-Tex Hardshell Jacket,Apparel & Footwear,2024-10-14,75,21675,4
SKU-020,All-Weather Gore-Tex Hardshell Jacket,Apparel & Footwear,2024-10-21,75,21675,4
SKU-020,All-Weather Gore-Tex Hardshell Jacket,Apparel & Footwear,2024-10-28,53,15317,4
SKU-020,All-Weather Gore-Tex Hardshell Jacket,Apparel & Footwear,2024-11-04,50,14450,3
SKU-020,All-Weather Gore-Tex Hardshell Jacket,Apparel & Footwear,2024-11-11,70,20230,3
SKU-020,All-Weather Gore-Tex Hardshell Jacket,Apparel & Footwear,2024-11-18,56,16184,3
SKU-020,All-Weather Gore-Tex Hardshell Jacket,Apparel & Footwear,2024-11-25,48,13872,4
SKU-020,All-Weather Gore-Tex Hardshell Jacket,Apparel & Footwear,2024-12-02,56,16184,3
SKU-020,All-Weather Gore-Tex Hardshell Jacket,Apparel & Footwear,2024-12-09,83,23987,3
SKU-020,All-Weather Gore-Tex Hardshell Jacket,Apparel & Footwear,2024-12-16,51,14739,3
SKU-020,All-Weather Gore-Tex Hardshell Jacket,Apparel & Footwear,2024-12-23,62,17918,4
SKU-021,Wireless Charging Multi-Device Pad,Consumer Electronics,2023-01-02,140,8398.6,3
SKU-021,Wireless Charging Multi-Device Pad,Consumer Electronics,2023-01-09,122,7318.780000000001,3
SKU-021,Wireless Charging Multi-Device Pad,Consumer Electronics,2023-01-16,111,6658.889999999999,5
SKU-021,Wireless Charging Multi-Device Pad,Consumer Electronics,2023-01-23,138,8278.62,5
SKU-021,Wireless Charging Multi-Device Pad,Consumer Electronics,2023-01-30,149,8938.51,3
SKU-021,Wireless Charging Multi-Device Pad,Consumer Electronics,2023-02-06,172,10318.28,5
SKU-021,Wireless Charging Multi-Device Pad,Consumer Electronics,2023-02-13,172,10318.28,4
SKU-021,Wireless Charging Multi-Device Pad,Consumer Electronics,2023-02-20,154,9238.46,3
SKU-021,Wireless Charging Multi-Device Pad,Consumer Electronics,2023-02-27,160,9598.4,3
SKU-021,Wireless Charging Multi-Device Pad,Consumer Electronics,2023-03-06,147,8818.53,4
SKU-021,Wireless Charging Multi-Device Pad,Consumer Electronics,2023-03-13,156,9358.44,4
SKU-021,Wireless Charging Multi-Device Pad,Consumer Electronics,2023-03-20,149,8938.51,3
SKU-021,Wireless Charging Multi-Device Pad,Consumer Electronics,2023-03-27,144,8638.56,5
SKU-021,Wireless Charging Multi-Device Pad,Consumer Electronics,2023-04-03,138,8278.62,4
SKU-021,Wireless Charging Multi-Device Pad,Consumer Electronics,2023-04-10,145,8698.55,4
SKU-021,Wireless Charging Multi-Device Pad,Consumer Electronics,2023-04-17,160,9598.4,5
SKU-021,Wireless Charging Multi-Device Pad,Consumer Electronics,2023-04-24,196,11758.039999999999,4
SKU-021,Wireless Charging Multi-Device Pad,Consumer Electronics,2023-05-01,155,9298.45,3
SKU-021,Wireless Charging Multi-Device Pad,Consumer Electronics,2023-05-08,178,10678.22,5
SKU-021,Wireless Charging Multi-Device Pad,Consumer Electronics,2023-05-15,146,8758.54,3
SKU-021,Wireless Charging Multi-Device Pad,Consumer Electronics,2023-05-22,158,9478.42,3
SKU-021,Wireless Charging Multi-Device Pad,Consumer Electronics,2023-05-29,179,10738.21,5
SKU-021,Wireless Charging Multi-Device Pad,Consumer Electronics,2023-06-05,168,10078.32,3
SKU-021,Wireless Charging Multi-Device Pad,Consumer Electronics,2023-06-12,111,6658.89,5
SKU-021,Wireless Charging Multi-Device Pad,Consumer Electronics,2023-06-19,185,11098.15,5
SKU-021,Wireless Charging Multi-Device Pad,Consumer Electronics,2023-06-26,160,9598.400000000001,4
SKU-021,Wireless Charging Multi-Device Pad,Consumer Electronics,2023-07-03,139,8338.61,3
SKU-021,Wireless Charging Multi-Device Pad,Consumer Electronics,2023-07-10,149,8938.51,5
SKU-021,Wireless Charging Multi-Device Pad,Consumer Electronics,2023-07-17,127,7618.7300000000005,4
SKU-021,Wireless Charging Multi-Device Pad,Consumer Electronics,2023-07-24,166,9958.34,4
SKU-021,Wireless Charging Multi-Device Pad,Consumer Electronics,2023-07-31,163,9778.369999999999,4
SKU-021,Wireless Charging Multi-Device Pad,Consumer Electronics,2023-08-07,167,10018.33,4
SKU-021,Wireless Charging Multi-Device Pad,Consumer Electronics,2023-08-14,165,9898.35,4
SKU-021,Wireless Charging Multi-Device Pad,Consumer Electronics,2023-08-21,144,8638.56,4
SKU-021,Wireless Charging Multi-Device Pad,Consumer Electronics,2023-08-28,174,10438.26,5
SKU-021,Wireless Charging Multi-Device Pad,Consumer Electronics,2023-09-04,156,9358.44,3
SKU-021,Wireless Charging Multi-Device Pad,Consumer Electronics,2023-09-11,178,10678.220000000001,3
SKU-021,Wireless Charging Multi-Device Pad,Consumer Electronics,2023-09-18,152,9118.48,4
SKU-021,Wireless Charging Multi-Device Pad,Consumer Electronics,2023-09-25,163,9778.369999999999,4
SKU-021,Wireless Charging Multi-Device Pad,Consumer Electronics,2023-10-02,163,9778.369999999999,3
SKU-021,Wireless Charging Multi-Device Pad,Consumer Electronics,2023-10-09,161,9658.39,3
SKU-021,Wireless Charging Multi-Device Pad,Consumer Electronics,2023-10-16,174,10438.26,5
SKU-021,Wireless Charging Multi-Device Pad,Consumer Electronics,2023-10-23,176,10558.24,4
SKU-021,Wireless Charging Multi-Device Pad,Consumer Electronics,2023-10-30,135,8098.65,3
SKU-021,Wireless Charging Multi-Device Pad,Consumer Electronics,2023-11-06,287,17217.13,3
SKU-021,Wireless Charging Multi-Device Pad,Consumer Electronics,2023-11-13,283,16977.17,4
SKU-021,Wireless Charging Multi-Device Pad,Consumer Electronics,2023-11-20,313,18776.87,4
SKU-021,Wireless Charging Multi-Device Pad,Consumer Electronics,2023-11-27,302,18116.98,5
SKU-021,Wireless Charging Multi-Device Pad,Consumer Electronics,2023-12-04,327,19616.73,3
SKU-021,Wireless Charging Multi-Device Pad,Consumer Electronics,2023-12-11,316,18956.84,4
SKU-021,Wireless Charging Multi-Device Pad,Consumer Electronics,2023-12-18,268,16077.32,3
SKU-021,Wireless Charging Multi-Device Pad,Consumer Electronics,2023-12-25,300,17997.0,5
SKU-021,Wireless Charging Multi-Device Pad,Consumer Electronics,2024-01-01,139,8338.61,5
SKU-021,Wireless Charging Multi-Device Pad,Consumer Electronics,2024-01-08,149,8938.51,4
SKU-021,Wireless Charging Multi-Device Pad,Consumer Electronics,2024-01-15,131,7858.6900000000005,5
SKU-021,Wireless Charging Multi-Device Pad,Consumer Electronics,2024-01-22,137,8218.630000000001,3
SKU-021,Wireless Charging Multi-Device Pad,Consumer Electronics,2024-01-29,143,8578.57,5
SKU-021,Wireless Charging Multi-Device Pad,Consumer Electronics,2024-02-05,162,9718.38,3
SKU-021,Wireless Charging Multi-Device Pad,Consumer Electronics,2024-02-12,148,8878.52,3
SKU-021,Wireless Charging Multi-Device Pad,Consumer Electronics,2024-02-19,131,7858.6900000000005,4
SKU-021,Wireless Charging Multi-Device Pad,Consumer Electronics,2024-02-26,167,10018.33,5
SKU-021,Wireless Charging Multi-Device Pad,Consumer Electronics,2024-03-04,178,10678.220000000001,3
SKU-021,Wireless Charging Multi-Device Pad,Consumer Electronics,2024-03-11,163,9778.37,5
SKU-021,Wireless Charging Multi-Device Pad,Consumer Electronics,2024-03-18,158,9478.42,3
SKU-021,Wireless Charging Multi-Device Pad,Consumer Electronics,2024-03-25,194,11638.06,4
SKU-021,Wireless Charging Multi-Device Pad,Consumer Electronics,2024-04-01,170,10198.300000000001,4
SKU-021,Wireless Charging Multi-Device Pad,Consumer Electronics,2024-04-08,150,8998.5,4
SKU-021,Wireless Charging Multi-Device Pad,Consumer Electronics,2024-04-15,156,9358.44,4
SKU-021,Wireless Charging Multi-Device Pad,Consumer Electronics,2024-04-22,174,10438.26,3
SKU-021,Wireless Charging Multi-Device Pad,Consumer Electronics,2024-04-29,153,9178.470000000001,3
SKU-021,Wireless Charging Multi-Device Pad,Consumer Electronics,2024-05-06,139,8338.61,4
SKU-021,Wireless Charging Multi-Device Pad,Consumer Electronics,2024-05-13,175,10498.25,5
SKU-021,Wireless Charging Multi-Device Pad,Consumer Electronics,2024-05-20,188,11278.119999999999,3
SKU-021,Wireless Charging Multi-Device Pad,Consumer Electronics,2024-05-27,186,11158.14,5
SKU-021,Wireless Charging Multi-Device Pad,Consumer Electronics,2024-06-03,158,9478.42,3
SKU-021,Wireless Charging Multi-Device Pad,Consumer Electronics,2024-06-10,147,8818.53,5
SKU-021,Wireless Charging Multi-Device Pad,Consumer Electronics,2024-06-17,161,9658.39,4
SKU-021,Wireless Charging Multi-Device Pad,Consumer Electronics,2024-06-24,159,9538.41,5
SKU-021,Wireless Charging Multi-Device Pad,Consumer Electronics,2024-07-01,154,9238.460000000001,5
SKU-021,Wireless Charging Multi-Device Pad,Consumer Electronics,2024-07-08,177,10618.23,3
SKU-021,Wireless Charging Multi-Device Pad,Consumer Electronics,2024-07-15,166,9958.34,3
SKU-021,Wireless Charging Multi-Device Pad,Consumer Electronics,2024-07-22,159,9538.41,5
SKU-021,Wireless Charging Multi-Device Pad,Consumer Electronics,2024-07-29,173,10378.27,4
SKU-021,Wireless Charging Multi-Device Pad,Consumer Electronics,2024-08-05,150,8998.5,4
SKU-021,Wireless Charging Multi-Device Pad,Consumer Electronics,2024-08-12,168,10078.32,5
SKU-021,Wireless Charging Multi-Device Pad,Consumer Electronics,2024-08-19,195,11698.05,4
SKU-021,Wireless Charging Multi-Device Pad,Consumer Electronics,2024-08-26,163,9778.369999999999,4
SKU-021,Wireless Charging Multi-Device Pad,Consumer Electronics,2024-09-02,157,9418.43,5
SKU-021,Wireless Charging Multi-Device Pad,Consumer Electronics,2024-09-09,182,10918.18,4
SKU-021,Wireless Charging Multi-Device Pad,Consumer Electronics,2024-09-16,141,8458.59,5
SKU-021,Wireless Charging Multi-Device Pad,Consumer Electronics,2024-09-23,156,9358.44,5
SKU-021,Wireless Charging Multi-Device Pad,Consumer Electronics,2024-09-30,157,9418.43,4
SKU-021,Wireless Charging Multi-Device Pad,Consumer Electronics,2024-10-07,172,10318.28,3
SKU-021,Wireless Charging Multi-Device Pad,Consumer Electronics,2024-10-14,182,10918.18,4
SKU-021,Wireless Charging Multi-Device Pad,Consumer Electronics,2024-10-21,171,10258.289999999999,4
SKU-021,Wireless Charging Multi-Device Pad,Consumer Electronics,2024-10-28,149,8938.51,4
SKU-021,Wireless Charging Multi-Device Pad,Consumer Electronics,2024-11-04,257,15417.43,5
SKU-021,Wireless Charging Multi-Device Pad,Consumer Electronics,2024-11-11,317,19016.83,4
SKU-021,Wireless Charging Multi-Device Pad,Consumer Electronics,2024-11-18,322,19316.78,5
SKU-021,Wireless Charging Multi-Device Pad,Consumer Electronics,2024-11-25,328,19676.72,5
SKU-021,Wireless Charging Multi-Device Pad,Consumer Electronics,2024-12-02,287,17217.13,3
SKU-021,Wireless Charging Multi-Device Pad,Consumer Electronics,2024-12-09,254,15237.46,5
SKU-021,Wireless Charging Multi-Device Pad,Consumer Electronics,2024-12-16,262,15717.380000000001,5
SKU-021,Wireless Charging Multi-Device Pad,Consumer Electronics,2024-12-23,254,15237.46,4
SKU-022,Portable Waterproof Bluetooth Speaker,Consumer Electronics,2023-01-02,139,11118.61,3
SKU-022,Portable Waterproof Bluetooth Speaker,Consumer Electronics,2023-01-09,114,9118.86,3
SKU-022,Portable Waterproof Bluetooth Speaker,Consumer Electronics,2023-01-16,121,9678.789999999999,5
SKU-022,Portable Waterproof Bluetooth Speaker,Consumer Electronics,2023-01-23,103,8238.97,3
SKU-022,Portable Waterproof Bluetooth Speaker,Consumer Electronics,2023-01-30,111,8878.89,3
SKU-022,Portable Waterproof Bluetooth Speaker,Consumer Electronics,2023-02-06,114,9118.86,3
SKU-022,Portable Waterproof Bluetooth Speaker,Consumer Electronics,2023-02-13,131,10478.689999999999,3
SKU-022,Portable Waterproof Bluetooth Speaker,Consumer Electronics,2023-02-20,102,8158.98,3
SKU-022,Portable Waterproof Bluetooth Speaker,Consumer Electronics,2023-02-27,110,8798.9,5
SKU-022,Portable Waterproof Bluetooth Speaker,Consumer Electronics,2023-03-06,125,9998.75,4
SKU-022,Portable Waterproof Bluetooth Speaker,Consumer Electronics,2023-03-13,130,10398.7,3
SKU-022,Portable Waterproof Bluetooth Speaker,Consumer Electronics,2023-03-20,133,10638.67,3
SKU-022,Portable Waterproof Bluetooth Speaker,Consumer Electronics,2023-03-27,90,7199.1,3
SKU-022,Portable Waterproof Bluetooth Speaker,Consumer Electronics,2023-04-03,105,8398.95,3
SKU-022,Portable Waterproof Bluetooth Speaker,Consumer Electronics,2023-04-10,130,10398.699999999999,4
SKU-022,Portable Waterproof Bluetooth Speaker,Consumer Electronics,2023-04-17,99,7919.01,5
SKU-022,Portable Waterproof Bluetooth Speaker,Consumer Electronics,2023-04-24,111,8878.89,5
SKU-022,Portable Waterproof Bluetooth Speaker,Consumer Electronics,2023-05-01,188,15038.119999999999,5
SKU-022,Portable Waterproof Bluetooth Speaker,Consumer Electronics,2023-05-08,196,15678.04,4
SKU-022,Portable Waterproof Bluetooth Speaker,Consumer Electronics,2023-05-15,202,16157.98,4
SKU-022,Portable Waterproof Bluetooth Speaker,Consumer Electronics,2023-05-22,209,16717.91,3
SKU-022,Portable Waterproof Bluetooth Speaker,Consumer Electronics,2023-05-29,205,16397.95,5
SKU-022,Portable Waterproof Bluetooth Speaker,Consumer Electronics,2023-06-05,196,15678.04,4
SKU-022,Portable Waterproof Bluetooth Speaker,Consumer Electronics,2023-06-12,217,17357.83,4
SKU-022,Portable Waterproof Bluetooth Speaker,Consumer Electronics,2023-06-19,215,17197.85,4
SKU-022,Portable Waterproof Bluetooth Speaker,Consumer Electronics,2023-06-26,226,18077.739999999998,5
SKU-022,Portable Waterproof Bluetooth Speaker,Consumer Electronics,2023-07-03,217,17357.83,4
SKU-022,Portable Waterproof Bluetooth Speaker,Consumer Electronics,2023-07-10,242,19357.579999999998,4
SKU-022,Portable Waterproof Bluetooth Speaker,Consumer Electronics,2023-07-17,213,17037.87,5
SKU-022,Portable Waterproof Bluetooth Speaker,Consumer Electronics,2023-07-24,253,20237.47,5
SKU-022,Portable Waterproof Bluetooth Speaker,Consumer Electronics,2023-07-31,228,18237.72,4
SKU-022,Portable Waterproof Bluetooth Speaker,Consumer Electronics,2023-08-07,222,17757.78,5
SKU-022,Portable Waterproof Bluetooth Speaker,Consumer Electronics,2023-08-14,213,17037.87,4
SKU-022,Portable Waterproof Bluetooth Speaker,Consumer Electronics,2023-08-21,208,16637.920000000002,4
SKU-022,Portable Waterproof Bluetooth Speaker,Consumer Electronics,2023-08-28,178,14238.22,5
SKU-022,Portable Waterproof Bluetooth Speaker,Consumer Electronics,2023-09-04,116,9278.84,4
SKU-022,Portable Waterproof Bluetooth Speaker,Consumer Electronics,2023-09-11,98,7839.0199999999995,5
SKU-022,Portable Waterproof Bluetooth Speaker,Consumer Electronics,2023-09-18,109,8718.91,3
SKU-022,Portable Waterproof Bluetooth Speaker,Consumer Electronics,2023-09-25,106,8478.94,4
SKU-022,Portable Waterproof Bluetooth Speaker,Consumer Electronics,2023-10-02,126,10078.74,4
SKU-022,Portable Waterproof Bluetooth Speaker,Consumer Electronics,2023-10-09,113,9038.869999999999,5
SKU-022,Portable Waterproof Bluetooth Speaker,Consumer Electronics,2023-10-16,123,9838.77,3
SKU-022,Portable Waterproof Bluetooth Speaker,Consumer Electronics,2023-10-23,136,10878.64,5
SKU-022,Portable Waterproof Bluetooth Speaker,Consumer Electronics,2023-10-30,137,10958.63,5
SKU-022,Portable Waterproof Bluetooth Speaker,Consumer Electronics,2023-11-06,119,9518.81,4
SKU-022,Portable Waterproof Bluetooth Speaker,Consumer Electronics,2023-11-13,131,10478.69,3
SKU-022,Portable Waterproof Bluetooth Speaker,Consumer Electronics,2023-11-20,116,9278.84,5
SKU-022,Portable Waterproof Bluetooth Speaker,Consumer Electronics,2023-11-27,112,8958.880000000001,3
SKU-022,Portable Waterproof Bluetooth Speaker,Consumer Electronics,2023-12-04,127,10158.73,5
SKU-022,Portable Waterproof Bluetooth Speaker,Consumer Electronics,2023-12-11,90,7199.1,4
SKU-022,Portable Waterproof Bluetooth Speaker,Consumer Electronics,2023-12-18,91,7279.089999999999,4
SKU-022,Portable Waterproof Bluetooth Speaker,Consumer Electronics,2023-12-25,114,9118.86,4
SKU-022,Portable Waterproof Bluetooth Speaker,Consumer Electronics,2024-01-01,83,6639.17,3
SKU-022,Portable Waterproof Bluetooth Speaker,Consumer Electronics,2024-01-08,121,9678.79,5
SKU-022,Portable Waterproof Bluetooth Speaker,Consumer Electronics,2024-01-15,108,8638.92,5
SKU-022,Portable Waterproof Bluetooth Speaker,Consumer Electronics,2024-01-22,112,8958.880000000001,3
SKU-022,Portable Waterproof Bluetooth Speaker,Consumer Electronics,2024-01-29,113,9038.869999999999,3
SKU-022,Portable Waterproof Bluetooth Speaker,Consumer Electronics,2024-02-05,131,10478.69,3
SKU-022,Portable Waterproof Bluetooth Speaker,Consumer Electronics,2024-02-12,91,7279.09,3
SKU-022,Portable Waterproof Bluetooth Speaker,Consumer Electronics,2024-02-19,114,9118.86,5
SKU-022,Portable Waterproof Bluetooth Speaker,Consumer Electronics,2024-02-26,115,9198.85,3
SKU-022,Portable Waterproof Bluetooth Speaker,Consumer Electronics,2024-03-04,103,8238.97,4
SKU-022,Portable Waterproof Bluetooth Speaker,Consumer Electronics,2024-03-11,145,11598.55,4
SKU-022,Portable Waterproof Bluetooth Speaker,Consumer Electronics,2024-03-18,89,7119.11,4
SKU-022,Portable Waterproof Bluetooth Speaker,Consumer Electronics,2024-03-25,125,9998.75,3
SKU-022,Portable Waterproof Bluetooth Speaker,Consumer Electronics,2024-04-01,118,9438.82,4
SKU-022,Portable Waterproof Bluetooth Speaker,Consumer Electronics,2024-04-08,125,9998.75,4
SKU-022,Portable Waterproof Bluetooth Speaker,Consumer Electronics,2024-04-15,133,10638.67,3
SKU-022,Portable Waterproof Bluetooth Speaker,Consumer Electronics,2024-04-22,129,10318.71,3
SKU-022,Portable Waterproof Bluetooth Speaker,Consumer Electronics,2024-04-29,144,11518.56,3
SKU-022,Portable Waterproof Bluetooth Speaker,Consumer Electronics,2024-05-06,235,18797.65,3
SKU-022,Portable Waterproof Bluetooth Speaker,Consumer Electronics,2024-05-13,223,17837.77,5
SKU-022,Portable Waterproof Bluetooth Speaker,Consumer Electronics,2024-05-20,212,16957.88,3
SKU-022,Portable Waterproof Bluetooth Speaker,Consumer Electronics,2024-05-27,225,17997.75,3
SKU-022,Portable Waterproof Bluetooth Speaker,Consumer Electronics,2024-06-03,239,19117.61,3
SKU-022,Portable Waterproof Bluetooth Speaker,Consumer Electronics,2024-06-10,250,19997.5,5
SKU-022,Portable Waterproof Bluetooth Speaker,Consumer Electronics,2024-06-17,231,18477.69,5
SKU-022,Portable Waterproof Bluetooth Speaker,Consumer Electronics,2024-06-24,217,17357.83,4
SKU-022,Portable Waterproof Bluetooth Speaker,Consumer Electronics,2024-07-01,246,19677.54,3
SKU-022,Portable Waterproof Bluetooth Speaker,Consumer Electronics,2024-07-08,237,18957.63,5
SKU-022,Portable Waterproof Bluetooth Speaker,Consumer Electronics,2024-07-15,217,17357.83,5
SKU-022,Portable Waterproof Bluetooth Speaker,Consumer Electronics,2024-07-22,250,19997.5,3
SKU-022,Portable Waterproof Bluetooth Speaker,Consumer Electronics,2024-07-29,239,19117.61,3
SKU-022,Portable Waterproof Bluetooth Speaker,Consumer Electronics,2024-08-05,212,16957.879999999997,3
SKU-022,Portable Waterproof Bluetooth Speaker,Consumer Electronics,2024-08-12,221,17677.79,3
SKU-022,Portable Waterproof Bluetooth Speaker,Consumer Electronics,2024-08-19,209,16717.91,5
SKU-022,Portable Waterproof Bluetooth Speaker,Consumer Electronics,2024-08-26,220,17597.8,4
SKU-022,Portable Waterproof Bluetooth Speaker,Consumer Electronics,2024-09-02,129,10318.71,3
SKU-022,Portable Waterproof Bluetooth Speaker,Consumer Electronics,2024-09-09,127,10158.73,5
SKU-022,Portable Waterproof Bluetooth Speaker,Consumer Electronics,2024-09-16,93,7439.07,3
SKU-022,Portable Waterproof Bluetooth Speaker,Consumer Electronics,2024-09-23,110,8798.9,3
SKU-022,Portable Waterproof Bluetooth Speaker,Consumer Electronics,2024-09-30,132,10558.68,5
SKU-022,Portable Waterproof Bluetooth Speaker,Consumer Electronics,2024-10-07,103,8238.97,5
SKU-022,Portable Waterproof Bluetooth Speaker,Consumer Electronics,2024-10-14,107,8558.93,4
SKU-022,Portable Waterproof Bluetooth Speaker,Consumer Electronics,2024-10-21,99,7919.01,4
SKU-022,Portable Waterproof Bluetooth Speaker,Consumer Electronics,2024-10-28,102,8158.98,4
SKU-022,Portable Waterproof Bluetooth Speaker,Consumer Electronics,2024-11-04,114,9118.86,3
SKU-022,Portable Waterproof Bluetooth Speaker,Consumer Electronics,2024-11-11,99,7919.009999999999,4
SKU-022,Portable Waterproof Bluetooth Speaker,Consumer Electronics,2024-11-18,130,10398.7,4
SKU-022,Portable Waterproof Bluetooth Speaker,Consumer Electronics,2024-11-25,111,8878.89,5
SKU-022,Portable Waterproof Bluetooth Speaker,Consumer Electronics,2024-12-02,119,9518.81,3
SKU-022,Portable Waterproof Bluetooth Speaker,Consumer Electronics,2024-12-09,134,10718.66,3
SKU-022,Portable Waterproof Bluetooth Speaker,Consumer Electronics,2024-12-16,98,7839.0199999999995,4
SKU-022,Portable Waterproof Bluetooth Speaker,Consumer Electronics,2024-12-23,112,8958.88,5
SKU-023,Ergonomic Memory Foam Footrest,Office & Productivity,2023-01-02,152,6840,3
SKU-023,Ergonomic Memory Foam Footrest,Office & Productivity,2023-01-09,166,7470,5
SKU-023,Ergonomic Memory Foam Footrest,Office & Productivity,2023-01-16,170,7650,5
SKU-023,Ergonomic Memory Foam Footrest,Office & Productivity,2023-01-23,143,6435,5
SKU-023,Ergonomic Memory Foam Footrest,Office & Productivity,2023-01-30,149,6705,5
SKU-023,Ergonomic Memory Foam Footrest,Office & Productivity,2023-02-06,160,7200,3
SKU-023,Ergonomic Memory Foam Footrest,Office & Productivity,2023-02-13,138,6210,3
SKU-023,Ergonomic Memory Foam Footrest,Office & Productivity,2023-02-20,160,7200,3
SKU-023,Ergonomic Memory Foam Footrest,Office & Productivity,2023-02-27,151,6795,4
SKU-023,Ergonomic Memory Foam Footrest,Office & Productivity,2023-03-06,156,7020,4
SKU-023,Ergonomic Memory Foam Footrest,Office & Productivity,2023-03-13,158,7110,4
SKU-023,Ergonomic Memory Foam Footrest,Office & Productivity,2023-03-20,139,6255,3
SKU-023,Ergonomic Memory Foam Footrest,Office & Productivity,2023-03-27,154,6930,4
SKU-023,Ergonomic Memory Foam Footrest,Office & Productivity,2023-04-03,144,6480,5
SKU-023,Ergonomic Memory Foam Footrest,Office & Productivity,2023-04-10,168,7560,4
SKU-023,Ergonomic Memory Foam Footrest,Office & Productivity,2023-04-17,136,6120,5
SKU-023,Ergonomic Memory Foam Footrest,Office & Productivity,2023-04-24,163,7335,5
SKU-023,Ergonomic Memory Foam Footrest,Office & Productivity,2023-05-01,168,7560,4
SKU-023,Ergonomic Memory Foam Footrest,Office & Productivity,2023-05-08,171,7695,4
SKU-023,Ergonomic Memory Foam Footrest,Office & Productivity,2023-05-15,170,7650,5
SKU-023,Ergonomic Memory Foam Footrest,Office & Productivity,2023-05-22,161,7245,4
SKU-023,Ergonomic Memory Foam Footrest,Office & Productivity,2023-05-29,141,6345,4
SKU-023,Ergonomic Memory Foam Footrest,Office & Productivity,2023-06-05,162,7290,3
SKU-023,Ergonomic Memory Foam Footrest,Office & Productivity,2023-06-12,155,6975,3
SKU-023,Ergonomic Memory Foam Footrest,Office & Productivity,2023-06-19,140,6300,3
SKU-023,Ergonomic Memory Foam Footrest,Office & Productivity,2023-06-26,155,6975,5
SKU-023,Ergonomic Memory Foam Footrest,Office & Productivity,2023-07-03,178,8010,3
SKU-023,Ergonomic Memory Foam Footrest,Office & Productivity,2023-07-10,177,7965,3
SKU-023,Ergonomic Memory Foam Footrest,Office & Productivity,2023-07-17,167,7515,3
SKU-023,Ergonomic Memory Foam Footrest,Office & Productivity,2023-07-24,152,6840,4
SKU-023,Ergonomic Memory Foam Footrest,Office & Productivity,2023-07-31,150,6750,4
SKU-023,Ergonomic Memory Foam Footrest,Office & Productivity,2023-08-07,165,7425,5
SKU-023,Ergonomic Memory Foam Footrest,Office & Productivity,2023-08-14,155,6975,5
SKU-023,Ergonomic Memory Foam Footrest,Office & Productivity,2023-08-21,171,7695,4
SKU-023,Ergonomic Memory Foam Footrest,Office & Productivity,2023-08-28,142,6390,3
SKU-023,Ergonomic Memory Foam Footrest,Office & Productivity,2023-09-04,137,6165,4
SKU-023,Ergonomic Memory Foam Footrest,Office & Productivity,2023-09-11,134,6030,4
SKU-023,Ergonomic Memory Foam Footrest,Office & Productivity,2023-09-18,133,5985,3
SKU-023,Ergonomic Memory Foam Footrest,Office & Productivity,2023-09-25,138,6210,4
SKU-023,Ergonomic Memory Foam Footrest,Office & Productivity,2023-10-02,174,7830,5
SKU-023,Ergonomic Memory Foam Footrest,Office & Productivity,2023-10-09,161,7245,4
SKU-023,Ergonomic Memory Foam Footrest,Office & Productivity,2023-10-16,160,7200,4
SKU-023,Ergonomic Memory Foam Footrest,Office & Productivity,2023-10-23,178,8010,5
SKU-023,Ergonomic Memory Foam Footrest,Office & Productivity,2023-10-30,159,7155,4
SKU-023,Ergonomic Memory Foam Footrest,Office & Productivity,2023-11-06,157,7065,3
SKU-023,Ergonomic Memory Foam Footrest,Office & Productivity,2023-11-13,165,7425,5
SKU-023,Ergonomic Memory Foam Footrest,Office & Productivity,2023-11-20,133,5985,3
SKU-023,Ergonomic Memory Foam Footrest,Office & Productivity,2023-11-27,152,6840,3
SKU-023,Ergonomic Memory Foam Footrest,Office & Productivity,2023-12-04,142,6390,4
SKU-023,Ergonomic Memory Foam Footrest,Office & Productivity,2023-12-11,156,7020,5
SKU-023,Ergonomic Memory Foam Footrest,Office & Productivity,2023-12-18,154,6930,3
SKU-023,Ergonomic Memory Foam Footrest,Office & Productivity,2023-12-25,133,5985,3
SKU-023,Ergonomic Memory Foam Footrest,Office & Productivity,2024-01-01,177,7965,5
SKU-023,Ergonomic Memory Foam Footrest,Office & Productivity,2024-01-08,159,7155,4
SKU-023,Ergonomic Memory Foam Footrest,Office & Productivity,2024-01-15,164,7380,4
SKU-023,Ergonomic Memory Foam Footrest,Office & Productivity,2024-01-22,149,6705,5
SKU-023,Ergonomic Memory Foam Footrest,Office & Productivity,2024-01-29,141,6345,5
SKU-023,Ergonomic Memory Foam Footrest,Office & Productivity,2024-02-05,170,7650,3
SKU-023,Ergonomic Memory Foam Footrest,Office & Productivity,2024-02-12,187,8415,4
SKU-023,Ergonomic Memory Foam Footrest,Office & Productivity,2024-02-19,171,7695,3
SKU-023,Ergonomic Memory Foam Footrest,Office & Productivity,2024-02-26,170,7650,3
SKU-023,Ergonomic Memory Foam Footrest,Office & Productivity,2024-03-04,167,7515,4
SKU-023,Ergonomic Memory Foam Footrest,Office & Productivity,2024-03-11,177,7965,5
SKU-023,Ergonomic Memory Foam Footrest,Office & Productivity,2024-03-18,168,7560,5
SKU-023,Ergonomic Memory Foam Footrest,Office & Productivity,2024-03-25,151,6795,3
SKU-023,Ergonomic Memory Foam Footrest,Office & Productivity,2024-04-01,168,7560,3
SKU-023,Ergonomic Memory Foam Footrest,Office & Productivity,2024-04-08,155,6975,4
SKU-023,Ergonomic Memory Foam Footrest,Office & Productivity,2024-04-15,171,7695,4
SKU-023,Ergonomic Memory Foam Footrest,Office & Productivity,2024-04-22,152,6840,5
SKU-023,Ergonomic Memory Foam Footrest,Office & Productivity,2024-04-29,164,7380,4
SKU-023,Ergonomic Memory Foam Footrest,Office & Productivity,2024-05-06,175,7875,3
SKU-023,Ergonomic Memory Foam Footrest,Office & Productivity,2024-05-13,147,6615,5
SKU-023,Ergonomic Memory Foam Footrest,Office & Productivity,2024-05-20,162,7290,4
SKU-023,Ergonomic Memory Foam Footrest,Office & Productivity,2024-05-27,171,7695,5
SKU-023,Ergonomic Memory Foam Footrest,Office & Productivity,2024-06-03,158,7110,5
SKU-023,Ergonomic Memory Foam Footrest,Office & Productivity,2024-06-10,168,7560,5
SKU-023,Ergonomic Memory Foam Footrest,Office & Productivity,2024-06-17,143,6435,5
SKU-023,Ergonomic Memory Foam Footrest,Office & Productivity,2024-06-24,185,8325,4
SKU-023,Ergonomic Memory Foam Footrest,Office & Productivity,2024-07-01,165,7425,3
SKU-023,Ergonomic Memory Foam Footrest,Office & Productivity,2024-07-08,184,8280,4
SKU-023,Ergonomic Memory Foam Footrest,Office & Productivity,2024-07-15,142,6390,3
SKU-023,Ergonomic Memory Foam Footrest,Office & Productivity,2024-07-22,155,6975,3
SKU-023,Ergonomic Memory Foam Footrest,Office & Productivity,2024-07-29,162,7290,4
SKU-023,Ergonomic Memory Foam Footrest,Office & Productivity,2024-08-05,174,7830,3
SKU-023,Ergonomic Memory Foam Footrest,Office & Productivity,2024-08-12,170,7650,4
SKU-023,Ergonomic Memory Foam Footrest,Office & Productivity,2024-08-19,158,7110,4
SKU-023,Ergonomic Memory Foam Footrest,Office & Productivity,2024-08-26,165,7425,4
SKU-023,Ergonomic Memory Foam Footrest,Office & Productivity,2024-09-02,147,6615,3
SKU-023,Ergonomic Memory Foam Footrest,Office & Productivity,2024-09-09,150,6750,3
SKU-023,Ergonomic Memory Foam Footrest,Office & Productivity,2024-09-16,131,5895,3
SKU-023,Ergonomic Memory Foam Footrest,Office & Productivity,2024-09-23,154,6930,5
SKU-023,Ergonomic Memory Foam Footrest,Office & Productivity,2024-09-30,168,7560,5
SKU-023,Ergonomic Memory Foam Footrest,Office & Productivity,2024-10-07,160,7200,5
SKU-023,Ergonomic Memory Foam Footrest,Office & Productivity,2024-10-14,157,7065,5
SKU-023,Ergonomic Memory Foam Footrest,Office & Productivity,2024-10-21,177,7965,4
SKU-023,Ergonomic Memory Foam Footrest,Office & Productivity,2024-10-28,179,8055,3
SKU-023,Ergonomic Memory Foam Footrest,Office & Productivity,2024-11-04,164,7380,4
SKU-023,Ergonomic Memory Foam Footrest,Office & Productivity,2024-11-11,135,6075,5
SKU-023,Ergonomic Memory Foam Footrest,Office & Productivity,2024-11-18,129,5805,5
SKU-023,Ergonomic Memory Foam Footrest,Office & Productivity,2024-11-25,196,8820,3
SKU-023,Ergonomic Memory Foam Footrest,Office & Productivity,2024-12-02,168,7560,4
SKU-023,Ergonomic Memory Foam Footrest,Office & Productivity,2024-12-09,174,7830,5
SKU-023,Ergonomic Memory Foam Footrest,Office & Productivity,2024-12-16,165,7425,4
SKU-023,Ergonomic Memory Foam Footrest,Office & Productivity,2024-12-23,183,8235,4
SKU-024,Dimmable ScreenBar Monitor Light,Office & Productivity,2023-01-02,176,15664,3
SKU-024,Dimmable ScreenBar Monitor Light,Office & Productivity,2023-01-09,139,12371,3
SKU-024,Dimmable ScreenBar Monitor Light,Office & Productivity,2023-01-16,159,14151,3
SKU-024,Dimmable ScreenBar Monitor Light,Office & Productivity,2023-01-23,153,13617,4
SKU-024,Dimmable ScreenBar Monitor Light,Office & Productivity,2023-01-30,151,13439,5
SKU-024,Dimmable ScreenBar Monitor Light,Office & Productivity,2023-02-06,160,14240,3
SKU-024,Dimmable ScreenBar Monitor Light,Office & Productivity,2023-02-13,152,13528,3
SKU-024,Dimmable ScreenBar Monitor Light,Office & Productivity,2023-02-20,164,14596,4
SKU-024,Dimmable ScreenBar Monitor Light,Office & Productivity,2023-02-27,138,12282,4
SKU-024,Dimmable ScreenBar Monitor Light,Office & Productivity,2023-03-06,75,6675,4
SKU-024,Dimmable ScreenBar Monitor Light,Office & Productivity,2023-03-13,73,6497,4
SKU-024,Dimmable ScreenBar Monitor Light,Office & Productivity,2023-03-20,81,7209,5
SKU-024,Dimmable ScreenBar Monitor Light,Office & Productivity,2023-03-27,90,8010,4
SKU-024,Dimmable ScreenBar Monitor Light,Office & Productivity,2023-04-03,75,6675,5
SKU-024,Dimmable ScreenBar Monitor Light,Office & Productivity,2023-04-10,93,8277,5
SKU-024,Dimmable ScreenBar Monitor Light,Office & Productivity,2023-04-17,102,9078,5
SKU-024,Dimmable ScreenBar Monitor Light,Office & Productivity,2023-04-24,73,6497,4
SKU-024,Dimmable ScreenBar Monitor Light,Office & Productivity,2023-05-01,85,7565,3
SKU-024,Dimmable ScreenBar Monitor Light,Office & Productivity,2023-05-08,88,7832,5
SKU-024,Dimmable ScreenBar Monitor Light,Office & Productivity,2023-05-15,68,6052,5
SKU-024,Dimmable ScreenBar Monitor Light,Office & Productivity,2023-05-22,84,7476,5
SKU-024,Dimmable ScreenBar Monitor Light,Office & Productivity,2023-05-29,81,7209,5
SKU-024,Dimmable ScreenBar Monitor Light,Office & Productivity,2023-06-05,65,5785,4
SKU-024,Dimmable ScreenBar Monitor Light,Office & Productivity,2023-06-12,39,3471,5
SKU-024,Dimmable ScreenBar Monitor Light,Office & Productivity,2023-06-19,75,6675,5
SKU-024,Dimmable ScreenBar Monitor Light,Office & Productivity,2023-06-26,52,4628,4
SKU-024,Dimmable ScreenBar Monitor Light,Office & Productivity,2023-07-03,49,4361,3
SKU-024,Dimmable ScreenBar Monitor Light,Office & Productivity,2023-07-10,71,6319,4
SKU-024,Dimmable ScreenBar Monitor Light,Office & Productivity,2023-07-17,66,5874,5
SKU-024,Dimmable ScreenBar Monitor Light,Office & Productivity,2023-07-24,66,5874,5
SKU-024,Dimmable ScreenBar Monitor Light,Office & Productivity,2023-07-31,66,5874,3
SKU-024,Dimmable ScreenBar Monitor Light,Office & Productivity,2023-08-07,55,4895,3
SKU-024,Dimmable ScreenBar Monitor Light,Office & Productivity,2023-08-14,69,6141,3
SKU-024,Dimmable ScreenBar Monitor Light,Office & Productivity,2023-08-21,57,5073,5
SKU-024,Dimmable ScreenBar Monitor Light,Office & Productivity,2023-08-28,53,4717,5
SKU-024,Dimmable ScreenBar Monitor Light,Office & Productivity,2023-09-04,94,8366,5
SKU-024,Dimmable ScreenBar Monitor Light,Office & Productivity,2023-09-11,102,9078,5
SKU-024,Dimmable ScreenBar Monitor Light,Office & Productivity,2023-09-18,61,5429,5
SKU-024,Dimmable ScreenBar Monitor Light,Office & Productivity,2023-09-25,73,6497,3
SKU-024,Dimmable ScreenBar Monitor Light,Office & Productivity,2023-10-02,77,6853,3
SKU-024,Dimmable ScreenBar Monitor Light,Office & Productivity,2023-10-09,97,8633,4
SKU-024,Dimmable ScreenBar Monitor Light,Office & Productivity,2023-10-16,103,9167,3
SKU-024,Dimmable ScreenBar Monitor Light,Office & Productivity,2023-10-23,94,8366,5
SKU-024,Dimmable ScreenBar Monitor Light,Office & Productivity,2023-10-30,97,8633,5
SKU-024,Dimmable ScreenBar Monitor Light,Office & Productivity,2023-11-06,152,13528,4
SKU-024,Dimmable ScreenBar Monitor Light,Office & Productivity,2023-11-13,168,14952,3
SKU-024,Dimmable ScreenBar Monitor Light,Office & Productivity,2023-11-20,158,14062,3
SKU-024,Dimmable ScreenBar Monitor Light,Office & Productivity,2023-11-27,120,10680,4
SKU-024,Dimmable ScreenBar Monitor Light,Office & Productivity,2023-12-04,164,14596,3
SKU-024,Dimmable ScreenBar Monitor Light,Office & Productivity,2023-12-11,144,12816,3
SKU-024,Dimmable ScreenBar Monitor Light,Office & Productivity,2023-12-18,152,13528,3
SKU-024,Dimmable ScreenBar Monitor Light,Office & Productivity,2023-12-25,147,13083,3
SKU-024,Dimmable ScreenBar Monitor Light,Office & Productivity,2024-01-01,164,14596,4
SKU-024,Dimmable ScreenBar Monitor Light,Office & Productivity,2024-01-08,128,11392,5
SKU-024,Dimmable ScreenBar Monitor Light,Office & Productivity,2024-01-15,152,13528,5
SKU-024,Dimmable ScreenBar Monitor Light,Office & Productivity,2024-01-22,147,13083,5
SKU-024,Dimmable ScreenBar Monitor Light,Office & Productivity,2024-01-29,150,13350,3
SKU-024,Dimmable ScreenBar Monitor Light,Office & Productivity,2024-02-05,149,13261,5
SKU-024,Dimmable ScreenBar Monitor Light,Office & Productivity,2024-02-12,162,14418,5
SKU-024,Dimmable ScreenBar Monitor Light,Office & Productivity,2024-02-19,151,13439,5
SKU-024,Dimmable ScreenBar Monitor Light,Office & Productivity,2024-02-26,156,13884,5
SKU-024,Dimmable ScreenBar Monitor Light,Office & Productivity,2024-03-04,111,9879,4
SKU-024,Dimmable ScreenBar Monitor Light,Office & Productivity,2024-03-11,103,9167,4
SKU-024,Dimmable ScreenBar Monitor Light,Office & Productivity,2024-03-18,104,9256,5
SKU-024,Dimmable ScreenBar Monitor Light,Office & Productivity,2024-03-25,107,9523,3
SKU-024,Dimmable ScreenBar Monitor Light,Office & Productivity,2024-04-01,101,8989,3
SKU-024,Dimmable ScreenBar Monitor Light,Office & Productivity,2024-04-08,93,8277,3
SKU-024,Dimmable ScreenBar Monitor Light,Office & Productivity,2024-04-15,96,8544,3
SKU-024,Dimmable ScreenBar Monitor Light,Office & Productivity,2024-04-22,90,8010,4
SKU-024,Dimmable ScreenBar Monitor Light,Office & Productivity,2024-04-29,97,8633,3
SKU-024,Dimmable ScreenBar Monitor Light,Office & Productivity,2024-05-06,112,9968,3
SKU-024,Dimmable ScreenBar Monitor Light,Office & Productivity,2024-05-13,76,6764,4
SKU-024,Dimmable ScreenBar Monitor Light,Office & Productivity,2024-05-20,94,8366,5
SKU-024,Dimmable ScreenBar Monitor Light,Office & Productivity,2024-05-27,80,7120,5
SKU-024,Dimmable ScreenBar Monitor Light,Office & Productivity,2024-06-03,61,5429,5
SKU-024,Dimmable ScreenBar Monitor Light,Office & Productivity,2024-06-10,78,6942,4
SKU-024,Dimmable ScreenBar Monitor Light,Office & Productivity,2024-06-17,64,5696,3
SKU-024,Dimmable ScreenBar Monitor Light,Office & Productivity,2024-06-24,62,5518,5
SKU-024,Dimmable ScreenBar Monitor Light,Office & Productivity,2024-07-01,60,5340,4
SKU-024,Dimmable ScreenBar Monitor Light,Office & Productivity,2024-07-08,68,6052,4
SKU-024,Dimmable ScreenBar Monitor Light,Office & Productivity,2024-07-15,65,5785,3
SKU-024,Dimmable ScreenBar Monitor Light,Office & Productivity,2024-07-22,64,5696,5
SKU-024,Dimmable ScreenBar Monitor Light,Office & Productivity,2024-07-29,72,6408,5
SKU-024,Dimmable ScreenBar Monitor Light,Office & Productivity,2024-08-05,87,7743,4
SKU-024,Dimmable ScreenBar Monitor Light,Office & Productivity,2024-08-12,65,5785,5
SKU-024,Dimmable ScreenBar Monitor Light,Office & Productivity,2024-08-19,63,5607,3
SKU-024,Dimmable ScreenBar Monitor Light,Office & Productivity,2024-08-26,68,6052,4
SKU-024,Dimmable ScreenBar Monitor Light,Office & Productivity,2024-09-02,93,8277,3
SKU-024,Dimmable ScreenBar Monitor Light,Office & Productivity,2024-09-09,78,6942,5
SKU-024,Dimmable ScreenBar Monitor Light,Office & Productivity,2024-09-16,91,8099,4
SKU-024,Dimmable ScreenBar Monitor Light,Office & Productivity,2024-09-23,97,8633,3
SKU-024,Dimmable ScreenBar Monitor Light,Office & Productivity,2024-09-30,79,7031,4
SKU-024,Dimmable ScreenBar Monitor Light,Office & Productivity,2024-10-07,94,8366,3
SKU-024,Dimmable ScreenBar Monitor Light,Office & Productivity,2024-10-14,88,7832,4
SKU-024,Dimmable ScreenBar Monitor Light,Office & Productivity,2024-10-21,94,8366,3
SKU-024,Dimmable ScreenBar Monitor Light,Office & Productivity,2024-10-28,102,9078,5
SKU-024,Dimmable ScreenBar Monitor Light,Office & Productivity,2024-11-04,160,14240,4
SKU-024,Dimmable ScreenBar Monitor Light,Office & Productivity,2024-11-11,146,12994,5
SKU-024,Dimmable ScreenBar Monitor Light,Office & Productivity,2024-11-18,124,11036,5
SKU-024,Dimmable ScreenBar Monitor Light,Office & Productivity,2024-11-25,147,13083,4
SKU-024,Dimmable ScreenBar Monitor Light,Office & Productivity,2024-12-02,150,13350,4
SKU-024,Dimmable ScreenBar Monitor Light,Office & Productivity,2024-12-09,137,12193,3
SKU-024,Dimmable ScreenBar Monitor Light,Office & Productivity,2024-12-16,158,14062,4
SKU-024,Dimmable ScreenBar Monitor Light,Office & Productivity,2024-12-23,157,13973,3
SKU-025,Borosilicate Glass Cold Brew Pitcher,Home & Kitchen,2023-01-02,140,5390.0,3
SKU-025,Borosilicate Glass Cold Brew Pitcher,Home & Kitchen,2023-01-09,143,5505.5,4
SKU-025,Borosilicate Glass Cold Brew Pitcher,Home & Kitchen,2023-01-16,133,5120.5,4
SKU-025,Borosilicate Glass Cold Brew Pitcher,Home & Kitchen,2023-01-23,145,5582.5,5
SKU-025,Borosilicate Glass Cold Brew Pitcher,Home & Kitchen,2023-01-30,151,5813.5,5
SKU-025,Borosilicate Glass Cold Brew Pitcher,Home & Kitchen,2023-02-06,132,5082.0,3
SKU-025,Borosilicate Glass Cold Brew Pitcher,Home & Kitchen,2023-02-13,147,5659.5,5
SKU-025,Borosilicate Glass Cold Brew Pitcher,Home & Kitchen,2023-02-20,125,4812.5,4
SKU-025,Borosilicate Glass Cold Brew Pitcher,Home & Kitchen,2023-02-27,144,5544,3
SKU-025,Borosilicate Glass Cold Brew Pitcher,Home & Kitchen,2023-03-06,135,5197.5,3
SKU-025,Borosilicate Glass Cold Brew Pitcher,Home & Kitchen,2023-03-13,140,5390.0,5
SKU-025,Borosilicate Glass Cold Brew Pitcher,Home & Kitchen,2023-03-20,134,5159.0,4
SKU-025,Borosilicate Glass Cold Brew Pitcher,Home & Kitchen,2023-03-27,143,5505.5,3
SKU-025,Borosilicate Glass Cold Brew Pitcher,Home & Kitchen,2023-04-03,153,5890.5,3
SKU-025,Borosilicate Glass Cold Brew Pitcher,Home & Kitchen,2023-04-10,136,5236.0,4
SKU-025,Borosilicate Glass Cold Brew Pitcher,Home & Kitchen,2023-04-17,176,6776.0,3
SKU-025,Borosilicate Glass Cold Brew Pitcher,Home & Kitchen,2023-04-24,166,6391.0,5
SKU-025,Borosilicate Glass Cold Brew Pitcher,Home & Kitchen,2023-05-01,244,9394.0,4
SKU-025,Borosilicate Glass Cold Brew Pitcher,Home & Kitchen,2023-05-08,274,10549.0,4
SKU-025,Borosilicate Glass Cold Brew Pitcher,Home & Kitchen,2023-05-15,302,11627.0,5
SKU-025,Borosilicate Glass Cold Brew Pitcher,Home & Kitchen,2023-05-22,282,10857,3
SKU-025,Borosilicate Glass Cold Brew Pitcher,Home & Kitchen,2023-05-29,270,10395.0,3
SKU-025,Borosilicate Glass Cold Brew Pitcher,Home & Kitchen,2023-06-05,302,11627.0,3
SKU-025,Borosilicate Glass Cold Brew Pitcher,Home & Kitchen,2023-06-12,272,10472.0,5
SKU-025,Borosilicate Glass Cold Brew Pitcher,Home & Kitchen,2023-06-19,303,11665.5,3
SKU-025,Borosilicate Glass Cold Brew Pitcher,Home & Kitchen,2023-06-26,289,11126.5,4
SKU-025,Borosilicate Glass Cold Brew Pitcher,Home & Kitchen,2023-07-03,268,10318.0,5
SKU-025,Borosilicate Glass Cold Brew Pitcher,Home & Kitchen,2023-07-10,309,11896.5,5
SKU-025,Borosilicate Glass Cold Brew Pitcher,Home & Kitchen,2023-07-17,284,10934.0,4
SKU-025,Borosilicate Glass Cold Brew Pitcher,Home & Kitchen,2023-07-24,307,11819.5,3
SKU-025,Borosilicate Glass Cold Brew Pitcher,Home & Kitchen,2023-07-31,280,10780.0,5
SKU-025,Borosilicate Glass Cold Brew Pitcher,Home & Kitchen,2023-08-07,261,10048.5,4
SKU-025,Borosilicate Glass Cold Brew Pitcher,Home & Kitchen,2023-08-14,266,10241.0,4
SKU-025,Borosilicate Glass Cold Brew Pitcher,Home & Kitchen,2023-08-21,271,10433.5,4
SKU-025,Borosilicate Glass Cold Brew Pitcher,Home & Kitchen,2023-08-28,265,10202.5,4
SKU-025,Borosilicate Glass Cold Brew Pitcher,Home & Kitchen,2023-09-04,122,4697.0,5
SKU-025,Borosilicate Glass Cold Brew Pitcher,Home & Kitchen,2023-09-11,132,5082.0,4
SKU-025,Borosilicate Glass Cold Brew Pitcher,Home & Kitchen,2023-09-18,149,5736.5,3
SKU-025,Borosilicate Glass Cold Brew Pitcher,Home & Kitchen,2023-09-25,157,6044.5,3
SKU-025,Borosilicate Glass Cold Brew Pitcher,Home & Kitchen,2023-10-02,175,6737.5,3
SKU-025,Borosilicate Glass Cold Brew Pitcher,Home & Kitchen,2023-10-09,149,5736.5,4
SKU-025,Borosilicate Glass Cold Brew Pitcher,Home & Kitchen,2023-10-16,174,6699.0,5
SKU-025,Borosilicate Glass Cold Brew Pitcher,Home & Kitchen,2023-10-23,151,5813.5,5
SKU-025,Borosilicate Glass Cold Brew Pitcher,Home & Kitchen,2023-10-30,161,6198.5,4
SKU-025,Borosilicate Glass Cold Brew Pitcher,Home & Kitchen,2023-11-06,140,5390,3
SKU-025,Borosilicate Glass Cold Brew Pitcher,Home & Kitchen,2023-11-13,155,5967.5,5
SKU-025,Borosilicate Glass Cold Brew Pitcher,Home & Kitchen,2023-11-20,142,5467,3
SKU-025,Borosilicate Glass Cold Brew Pitcher,Home & Kitchen,2023-11-27,160,6160.0,4
SKU-025,Borosilicate Glass Cold Brew Pitcher,Home & Kitchen,2023-12-04,127,4889.5,4
SKU-025,Borosilicate Glass Cold Brew Pitcher,Home & Kitchen,2023-12-11,150,5775.0,3
SKU-025,Borosilicate Glass Cold Brew Pitcher,Home & Kitchen,2023-12-18,165,6352.5,5
SKU-025,Borosilicate Glass Cold Brew Pitcher,Home & Kitchen,2023-12-25,149,5736.5,3
SKU-025,Borosilicate Glass Cold Brew Pitcher,Home & Kitchen,2024-01-01,171,6583.5,3
SKU-025,Borosilicate Glass Cold Brew Pitcher,Home & Kitchen,2024-01-08,155,5967.5,3
SKU-025,Borosilicate Glass Cold Brew Pitcher,Home & Kitchen,2024-01-15,167,6429.5,3
SKU-025,Borosilicate Glass Cold Brew Pitcher,Home & Kitchen,2024-01-22,144,5544.0,4
SKU-025,Borosilicate Glass Cold Brew Pitcher,Home & Kitchen,2024-01-29,162,6237.0,4
SKU-025,Borosilicate Glass Cold Brew Pitcher,Home & Kitchen,2024-02-05,157,6044.5,4
SKU-025,Borosilicate Glass Cold Brew Pitcher,Home & Kitchen,2024-02-12,141,5428.5,3
SKU-025,Borosilicate Glass Cold Brew Pitcher,Home & Kitchen,2024-02-19,171,6583.5,4
SKU-025,Borosilicate Glass Cold Brew Pitcher,Home & Kitchen,2024-02-26,178,6853.0,3
SKU-025,Borosilicate Glass Cold Brew Pitcher,Home & Kitchen,2024-03-04,150,5775,3
SKU-025,Borosilicate Glass Cold Brew Pitcher,Home & Kitchen,2024-03-11,161,6198.5,5
SKU-025,Borosilicate Glass Cold Brew Pitcher,Home & Kitchen,2024-03-18,161,6198.5,3
SKU-025,Borosilicate Glass Cold Brew Pitcher,Home & Kitchen,2024-03-25,142,5467,3
SKU-025,Borosilicate Glass Cold Brew Pitcher,Home & Kitchen,2024-04-01,160,6160.0,4
SKU-025,Borosilicate Glass Cold Brew Pitcher,Home & Kitchen,2024-04-08,162,6237.0,5
SKU-025,Borosilicate Glass Cold Brew Pitcher,Home & Kitchen,2024-04-15,149,5736.5,5
SKU-025,Borosilicate Glass Cold Brew Pitcher,Home & Kitchen,2024-04-22,136,5236.0,4
SKU-025,Borosilicate Glass Cold Brew Pitcher,Home & Kitchen,2024-04-29,146,5621.0,4
SKU-025,Borosilicate Glass Cold Brew Pitcher,Home & Kitchen,2024-05-06,250,9625.0,5
SKU-025,Borosilicate Glass Cold Brew Pitcher,Home & Kitchen,2024-05-13,330,12705,5
SKU-025,Borosilicate Glass Cold Brew Pitcher,Home & Kitchen,2024-05-20,271,10433.5,5
SKU-025,Borosilicate Glass Cold Brew Pitcher,Home & Kitchen,2024-05-27,290,11165.0,4
SKU-025,Borosilicate Glass Cold Brew Pitcher,Home & Kitchen,2024-06-03,289,11126.5,3
SKU-025,Borosilicate Glass Cold Brew Pitcher,Home & Kitchen,2024-06-10,286,11011.0,5
SKU-025,Borosilicate Glass Cold Brew Pitcher,Home & Kitchen,2024-06-17,274,10549.0,4
SKU-025,Borosilicate Glass Cold Brew Pitcher,Home & Kitchen,2024-06-24,280,10780.0,3
SKU-025,Borosilicate Glass Cold Brew Pitcher,Home & Kitchen,2024-07-01,330,12705,4
SKU-025,Borosilicate Glass Cold Brew Pitcher,Home & Kitchen,2024-07-08,315,12127.5,5
SKU-025,Borosilicate Glass Cold Brew Pitcher,Home & Kitchen,2024-07-15,323,12435.5,3
SKU-025,Borosilicate Glass Cold Brew Pitcher,Home & Kitchen,2024-07-22,281,10818.5,4
SKU-025,Borosilicate Glass Cold Brew Pitcher,Home & Kitchen,2024-07-29,297,11434.5,5
SKU-025,Borosilicate Glass Cold Brew Pitcher,Home & Kitchen,2024-08-05,293,11280.5,5
SKU-025,Borosilicate Glass Cold Brew Pitcher,Home & Kitchen,2024-08-12,278,10703.0,3
SKU-025,Borosilicate Glass Cold Brew Pitcher,Home & Kitchen,2024-08-19,290,11165.0,3
SKU-025,Borosilicate Glass Cold Brew Pitcher,Home & Kitchen,2024-08-26,238,9163.0,3
SKU-025,Borosilicate Glass Cold Brew Pitcher,Home & Kitchen,2024-09-02,143,5505.5,3
SKU-025,Borosilicate Glass Cold Brew Pitcher,Home & Kitchen,2024-09-09,182,7007.0,4
SKU-025,Borosilicate Glass Cold Brew Pitcher,Home & Kitchen,2024-09-16,137,5274.5,4
SKU-025,Borosilicate Glass Cold Brew Pitcher,Home & Kitchen,2024-09-23,143,5505.5,4
SKU-025,Borosilicate Glass Cold Brew Pitcher,Home & Kitchen,2024-09-30,111,4273.5,5
SKU-025,Borosilicate Glass Cold Brew Pitcher,Home & Kitchen,2024-10-07,142,5467.0,5
SKU-025,Borosilicate Glass Cold Brew Pitcher,Home & Kitchen,2024-10-14,146,5621,5
SKU-025,Borosilicate Glass Cold Brew Pitcher,Home & Kitchen,2024-10-21,145,5582.5,4
SKU-025,Borosilicate Glass Cold Brew Pitcher,Home & Kitchen,2024-10-28,135,5197.5,5
SKU-025,Borosilicate Glass Cold Brew Pitcher,Home & Kitchen,2024-11-04,156,6006.0,4
SKU-025,Borosilicate Glass Cold Brew Pitcher,Home & Kitchen,2024-11-11,144,5544.0,3
SKU-025,Borosilicate Glass Cold Brew Pitcher,Home & Kitchen,2024-11-18,156,6006.0,3
SKU-025,Borosilicate Glass Cold Brew Pitcher,Home & Kitchen,2024-11-25,154,5929.0,4
SKU-025,Borosilicate Glass Cold Brew Pitcher,Home & Kitchen,2024-12-02,153,5890.5,4
SKU-025,Borosilicate Glass Cold Brew Pitcher,Home & Kitchen,2024-12-09,140,5390.0,4
SKU-025,Borosilicate Glass Cold Brew Pitcher,Home & Kitchen,2024-12-16,139,5351.5,4
SKU-025,Borosilicate Glass Cold Brew Pitcher,Home & Kitchen,2024-12-23,142,5467.0,4
SKU-026,Japanese Damascus Santoku Chef Knife,Home & Kitchen,2023-01-02,99,8415,3
SKU-026,Japanese Damascus Santoku Chef Knife,Home & Kitchen,2023-01-09,79,6715,5
SKU-026,Japanese Damascus Santoku Chef Knife,Home & Kitchen,2023-01-16,82,6970,5
SKU-026,Japanese Damascus Santoku Chef Knife,Home & Kitchen,2023-01-23,93,7905,4
SKU-026,Japanese Damascus Santoku Chef Knife,Home & Kitchen,2023-01-30,97,8245,3
SKU-026,Japanese Damascus Santoku Chef Knife,Home & Kitchen,2023-02-06,82,6970,3
SKU-026,Japanese Damascus Santoku Chef Knife,Home & Kitchen,2023-02-13,84,7140,5
SKU-026,Japanese Damascus Santoku Chef Knife,Home & Kitchen,2023-02-20,96,8160,3
SKU-026,Japanese Damascus Santoku Chef Knife,Home & Kitchen,2023-02-27,90,7650,5
SKU-026,Japanese Damascus Santoku Chef Knife,Home & Kitchen,2023-03-06,95,8075,5
SKU-026,Japanese Damascus Santoku Chef Knife,Home & Kitchen,2023-03-13,97,8245,3
SKU-026,Japanese Damascus Santoku Chef Knife,Home & Kitchen,2023-03-20,88,7480,3
SKU-026,Japanese Damascus Santoku Chef Knife,Home & Kitchen,2023-03-27,92,7820,4
SKU-026,Japanese Damascus Santoku Chef Knife,Home & Kitchen,2023-04-03,106,9010,4
SKU-026,Japanese Damascus Santoku Chef Knife,Home & Kitchen,2023-04-10,89,7565,3
SKU-026,Japanese Damascus Santoku Chef Knife,Home & Kitchen,2023-04-17,70,5950,3
SKU-026,Japanese Damascus Santoku Chef Knife,Home & Kitchen,2023-04-24,98,8330,3
SKU-026,Japanese Damascus Santoku Chef Knife,Home & Kitchen,2023-05-01,75,6375,3
SKU-026,Japanese Damascus Santoku Chef Knife,Home & Kitchen,2023-05-08,120,10200,5
SKU-026,Japanese Damascus Santoku Chef Knife,Home & Kitchen,2023-05-15,96,8160,5
SKU-026,Japanese Damascus Santoku Chef Knife,Home & Kitchen,2023-05-22,92,7820,4
SKU-026,Japanese Damascus Santoku Chef Knife,Home & Kitchen,2023-05-29,86,7310,5
SKU-026,Japanese Damascus Santoku Chef Knife,Home & Kitchen,2023-06-05,80,6800,4
SKU-026,Japanese Damascus Santoku Chef Knife,Home & Kitchen,2023-06-12,86,7310,4
SKU-026,Japanese Damascus Santoku Chef Knife,Home & Kitchen,2023-06-19,79,6715,5
SKU-026,Japanese Damascus Santoku Chef Knife,Home & Kitchen,2023-06-26,88,7480,4
SKU-026,Japanese Damascus Santoku Chef Knife,Home & Kitchen,2023-07-03,80,6800,3
SKU-026,Japanese Damascus Santoku Chef Knife,Home & Kitchen,2023-07-10,107,9095,4
SKU-026,Japanese Damascus Santoku Chef Knife,Home & Kitchen,2023-07-17,95,8075,3
SKU-026,Japanese Damascus Santoku Chef Knife,Home & Kitchen,2023-07-24,97,8245,5
SKU-026,Japanese Damascus Santoku Chef Knife,Home & Kitchen,2023-07-31,81,6885,3
SKU-026,Japanese Damascus Santoku Chef Knife,Home & Kitchen,2023-08-07,75,6375,5
SKU-026,Japanese Damascus Santoku Chef Knife,Home & Kitchen,2023-08-14,103,8755,3
SKU-026,Japanese Damascus Santoku Chef Knife,Home & Kitchen,2023-08-21,77,6545,4
SKU-026,Japanese Damascus Santoku Chef Knife,Home & Kitchen,2023-08-28,86,7310,3
SKU-026,Japanese Damascus Santoku Chef Knife,Home & Kitchen,2023-09-04,94,7990,3
SKU-026,Japanese Damascus Santoku Chef Knife,Home & Kitchen,2023-09-11,95,8075,3
SKU-026,Japanese Damascus Santoku Chef Knife,Home & Kitchen,2023-09-18,70,5950,4
SKU-026,Japanese Damascus Santoku Chef Knife,Home & Kitchen,2023-09-25,92,7820,5
SKU-026,Japanese Damascus Santoku Chef Knife,Home & Kitchen,2023-10-02,91,7735,4
SKU-026,Japanese Damascus Santoku Chef Knife,Home & Kitchen,2023-10-09,76,6460,3
SKU-026,Japanese Damascus Santoku Chef Knife,Home & Kitchen,2023-10-16,87,7395,3
SKU-026,Japanese Damascus Santoku Chef Knife,Home & Kitchen,2023-10-23,82,6970,4
SKU-026,Japanese Damascus Santoku Chef Knife,Home & Kitchen,2023-10-30,86,7310,4
SKU-026,Japanese Damascus Santoku Chef Knife,Home & Kitchen,2023-11-06,127,10795,5
SKU-026,Japanese Damascus Santoku Chef Knife,Home & Kitchen,2023-11-13,172,14620,4
SKU-026,Japanese Damascus Santoku Chef Knife,Home & Kitchen,2023-11-20,149,12665,4
SKU-026,Japanese Damascus Santoku Chef Knife,Home & Kitchen,2023-11-27,160,13600,3
SKU-026,Japanese Damascus Santoku Chef Knife,Home & Kitchen,2023-12-04,162,13770,4
SKU-026,Japanese Damascus Santoku Chef Knife,Home & Kitchen,2023-12-11,179,15215,3
SKU-026,Japanese Damascus Santoku Chef Knife,Home & Kitchen,2023-12-18,186,15810,3
SKU-026,Japanese Damascus Santoku Chef Knife,Home & Kitchen,2023-12-25,114,9690,4
SKU-026,Japanese Damascus Santoku Chef Knife,Home & Kitchen,2024-01-01,92,7820,4
SKU-026,Japanese Damascus Santoku Chef Knife,Home & Kitchen,2024-01-08,77,6545,4
SKU-026,Japanese Damascus Santoku Chef Knife,Home & Kitchen,2024-01-15,80,6800,3
SKU-026,Japanese Damascus Santoku Chef Knife,Home & Kitchen,2024-01-22,86,7310,5
SKU-026,Japanese Damascus Santoku Chef Knife,Home & Kitchen,2024-01-29,70,5950,4
SKU-026,Japanese Damascus Santoku Chef Knife,Home & Kitchen,2024-02-05,93,7905,5
SKU-026,Japanese Damascus Santoku Chef Knife,Home & Kitchen,2024-02-12,83,7055,3
SKU-026,Japanese Damascus Santoku Chef Knife,Home & Kitchen,2024-02-19,100,8500,5
SKU-026,Japanese Damascus Santoku Chef Knife,Home & Kitchen,2024-02-26,93,7905,4
SKU-026,Japanese Damascus Santoku Chef Knife,Home & Kitchen,2024-03-04,85,7225,5
SKU-026,Japanese Damascus Santoku Chef Knife,Home & Kitchen,2024-03-11,93,7905,5
SKU-026,Japanese Damascus Santoku Chef Knife,Home & Kitchen,2024-03-18,115,9775,4
SKU-026,Japanese Damascus Santoku Chef Knife,Home & Kitchen,2024-03-25,99,8415,4
SKU-026,Japanese Damascus Santoku Chef Knife,Home & Kitchen,2024-04-01,75,6375,4
SKU-026,Japanese Damascus Santoku Chef Knife,Home & Kitchen,2024-04-08,117,9945,4
SKU-026,Japanese Damascus Santoku Chef Knife,Home & Kitchen,2024-04-15,78,6630,5
SKU-026,Japanese Damascus Santoku Chef Knife,Home & Kitchen,2024-04-22,98,8330,5
SKU-026,Japanese Damascus Santoku Chef Knife,Home & Kitchen,2024-04-29,92,7820,3
SKU-026,Japanese Damascus Santoku Chef Knife,Home & Kitchen,2024-05-06,91,7735,3
SKU-026,Japanese Damascus Santoku Chef Knife,Home & Kitchen,2024-05-13,89,7565,4
SKU-026,Japanese Damascus Santoku Chef Knife,Home & Kitchen,2024-05-20,101,8585,3
SKU-026,Japanese Damascus Santoku Chef Knife,Home & Kitchen,2024-05-27,89,7565,5
SKU-026,Japanese Damascus Santoku Chef Knife,Home & Kitchen,2024-06-03,103,8755,4
SKU-026,Japanese Damascus Santoku Chef Knife,Home & Kitchen,2024-06-10,90,7650,4
SKU-026,Japanese Damascus Santoku Chef Knife,Home & Kitchen,2024-06-17,83,7055,3
SKU-026,Japanese Damascus Santoku Chef Knife,Home & Kitchen,2024-06-24,102,8670,4
SKU-026,Japanese Damascus Santoku Chef Knife,Home & Kitchen,2024-07-01,75,6375,5
SKU-026,Japanese Damascus Santoku Chef Knife,Home & Kitchen,2024-07-08,84,7140,5
SKU-026,Japanese Damascus Santoku Chef Knife,Home & Kitchen,2024-07-15,81,6885,5
SKU-026,Japanese Damascus Santoku Chef Knife,Home & Kitchen,2024-07-22,84,7140,5
SKU-026,Japanese Damascus Santoku Chef Knife,Home & Kitchen,2024-07-29,106,9010,3
SKU-026,Japanese Damascus Santoku Chef Knife,Home & Kitchen,2024-08-05,85,7225,3
SKU-026,Japanese Damascus Santoku Chef Knife,Home & Kitchen,2024-08-12,105,8925,3
SKU-026,Japanese Damascus Santoku Chef Knife,Home & Kitchen,2024-08-19,107,9095,3
SKU-026,Japanese Damascus Santoku Chef Knife,Home & Kitchen,2024-08-26,93,7905,3
SKU-026,Japanese Damascus Santoku Chef Knife,Home & Kitchen,2024-09-02,86,7310,4
SKU-026,Japanese Damascus Santoku Chef Knife,Home & Kitchen,2024-09-09,85,7225,4
SKU-026,Japanese Damascus Santoku Chef Knife,Home & Kitchen,2024-09-16,81,6885,4
SKU-026,Japanese Damascus Santoku Chef Knife,Home & Kitchen,2024-09-23,102,8670,3
SKU-026,Japanese Damascus Santoku Chef Knife,Home & Kitchen,2024-09-30,102,8670,4
SKU-026,Japanese Damascus Santoku Chef Knife,Home & Kitchen,2024-10-07,81,6885,3
SKU-026,Japanese Damascus Santoku Chef Knife,Home & Kitchen,2024-10-14,93,7905,4
SKU-026,Japanese Damascus Santoku Chef Knife,Home & Kitchen,2024-10-21,108,9180,3
SKU-026,Japanese Damascus Santoku Chef Knife,Home & Kitchen,2024-10-28,91,7735,5
SKU-026,Japanese Damascus Santoku Chef Knife,Home & Kitchen,2024-11-04,153,13005,3
SKU-026,Japanese Damascus Santoku Chef Knife,Home & Kitchen,2024-11-11,168,14280,3
SKU-026,Japanese Damascus Santoku Chef Knife,Home & Kitchen,2024-11-18,168,14280,5
SKU-026,Japanese Damascus Santoku Chef Knife,Home & Kitchen,2024-11-25,155,13175,5
SKU-026,Japanese Damascus Santoku Chef Knife,Home & Kitchen,2024-12-02,144,12240,3
SKU-026,Japanese Damascus Santoku Chef Knife,Home & Kitchen,2024-12-09,170,14450,3
SKU-026,Japanese Damascus Santoku Chef Knife,Home & Kitchen,2024-12-16,149,12665,3
SKU-026,Japanese Damascus Santoku Chef Knife,Home & Kitchen,2024-12-23,129,10965,4
SKU-027,Insulated Hydro Flask Stainless 32oz,Outdoor & Sports,2023-01-02,154,6468,4
SKU-027,Insulated Hydro Flask Stainless 32oz,Outdoor & Sports,2023-01-09,153,6426,5
SKU-027,Insulated Hydro Flask Stainless 32oz,Outdoor & Sports,2023-01-16,177,7434,4
SKU-027,Insulated Hydro Flask Stainless 32oz,Outdoor & Sports,2023-01-23,176,7392,5
SKU-027,Insulated Hydro Flask Stainless 32oz,Outdoor & Sports,2023-01-30,159,6678,3
SKU-027,Insulated Hydro Flask Stainless 32oz,Outdoor & Sports,2023-02-06,161,6762,3
SKU-027,Insulated Hydro Flask Stainless 32oz,Outdoor & Sports,2023-02-13,189,7938,5
SKU-027,Insulated Hydro Flask Stainless 32oz,Outdoor & Sports,2023-02-20,158,6636,4
SKU-027,Insulated Hydro Flask Stainless 32oz,Outdoor & Sports,2023-02-27,172,7224,3
SKU-027,Insulated Hydro Flask Stainless 32oz,Outdoor & Sports,2023-03-06,164,6888,3
SKU-027,Insulated Hydro Flask Stainless 32oz,Outdoor & Sports,2023-03-13,192,8064,4
SKU-027,Insulated Hydro Flask Stainless 32oz,Outdoor & Sports,2023-03-20,171,7182,5
SKU-027,Insulated Hydro Flask Stainless 32oz,Outdoor & Sports,2023-03-27,151,6342,5
SKU-027,Insulated Hydro Flask Stainless 32oz,Outdoor & Sports,2023-04-03,187,7854,5
SKU-027,Insulated Hydro Flask Stainless 32oz,Outdoor & Sports,2023-04-10,152,6384,3
SKU-027,Insulated Hydro Flask Stainless 32oz,Outdoor & Sports,2023-04-17,176,7392,4
SKU-027,Insulated Hydro Flask Stainless 32oz,Outdoor & Sports,2023-04-24,168,7056,5
SKU-027,Insulated Hydro Flask Stainless 32oz,Outdoor & Sports,2023-05-01,268,11256,4
SKU-027,Insulated Hydro Flask Stainless 32oz,Outdoor & Sports,2023-05-08,313,13146,3
SKU-027,Insulated Hydro Flask Stainless 32oz,Outdoor & Sports,2023-05-15,332,13944,4
SKU-027,Insulated Hydro Flask Stainless 32oz,Outdoor & Sports,2023-05-22,300,12600,3
SKU-027,Insulated Hydro Flask Stainless 32oz,Outdoor & Sports,2023-05-29,333,13986,3
SKU-027,Insulated Hydro Flask Stainless 32oz,Outdoor & Sports,2023-06-05,364,15288,4
SKU-027,Insulated Hydro Flask Stainless 32oz,Outdoor & Sports,2023-06-12,330,13860,3
SKU-027,Insulated Hydro Flask Stainless 32oz,Outdoor & Sports,2023-06-19,302,12684,3
SKU-027,Insulated Hydro Flask Stainless 32oz,Outdoor & Sports,2023-06-26,376,15792,3
SKU-027,Insulated Hydro Flask Stainless 32oz,Outdoor & Sports,2023-07-03,338,14196,4
SKU-027,Insulated Hydro Flask Stainless 32oz,Outdoor & Sports,2023-07-10,331,13902,4
SKU-027,Insulated Hydro Flask Stainless 32oz,Outdoor & Sports,2023-07-17,345,14490,4
SKU-027,Insulated Hydro Flask Stainless 32oz,Outdoor & Sports,2023-07-24,299,12558,4
SKU-027,Insulated Hydro Flask Stainless 32oz,Outdoor & Sports,2023-07-31,302,12684,5
SKU-027,Insulated Hydro Flask Stainless 32oz,Outdoor & Sports,2023-08-07,310,13020,3
SKU-027,Insulated Hydro Flask Stainless 32oz,Outdoor & Sports,2023-08-14,365,15330,5
SKU-027,Insulated Hydro Flask Stainless 32oz,Outdoor & Sports,2023-08-21,291,12222,4
SKU-027,Insulated Hydro Flask Stainless 32oz,Outdoor & Sports,2023-08-28,348,14616,5
SKU-027,Insulated Hydro Flask Stainless 32oz,Outdoor & Sports,2023-09-04,171,7182,4
SKU-027,Insulated Hydro Flask Stainless 32oz,Outdoor & Sports,2023-09-11,172,7224,3
SKU-027,Insulated Hydro Flask Stainless 32oz,Outdoor & Sports,2023-09-18,175,7350,4
SKU-027,Insulated Hydro Flask Stainless 32oz,Outdoor & Sports,2023-09-25,166,6972,3
SKU-027,Insulated Hydro Flask Stainless 32oz,Outdoor & Sports,2023-10-02,176,7392,5
SKU-027,Insulated Hydro Flask Stainless 32oz,Outdoor & Sports,2023-10-09,181,7602,5
SKU-027,Insulated Hydro Flask Stainless 32oz,Outdoor & Sports,2023-10-16,159,6678,4
SKU-027,Insulated Hydro Flask Stainless 32oz,Outdoor & Sports,2023-10-23,169,7098,3
SKU-027,Insulated Hydro Flask Stainless 32oz,Outdoor & Sports,2023-10-30,188,7896,3
SKU-027,Insulated Hydro Flask Stainless 32oz,Outdoor & Sports,2023-11-06,185,7770,5
SKU-027,Insulated Hydro Flask Stainless 32oz,Outdoor & Sports,2023-11-13,180,7560,5
SKU-027,Insulated Hydro Flask Stainless 32oz,Outdoor & Sports,2023-11-20,180,7560,3
SKU-027,Insulated Hydro Flask Stainless 32oz,Outdoor & Sports,2023-11-27,203,8526,5
SKU-027,Insulated Hydro Flask Stainless 32oz,Outdoor & Sports,2023-12-04,200,8400,4
SKU-027,Insulated Hydro Flask Stainless 32oz,Outdoor & Sports,2023-12-11,174,7308,4
SKU-027,Insulated Hydro Flask Stainless 32oz,Outdoor & Sports,2023-12-18,132,5544,4
SKU-027,Insulated Hydro Flask Stainless 32oz,Outdoor & Sports,2023-12-25,181,7602,4
SKU-027,Insulated Hydro Flask Stainless 32oz,Outdoor & Sports,2024-01-01,191,8022,5
SKU-027,Insulated Hydro Flask Stainless 32oz,Outdoor & Sports,2024-01-08,185,7770,4
SKU-027,Insulated Hydro Flask Stainless 32oz,Outdoor & Sports,2024-01-15,165,6930,5
SKU-027,Insulated Hydro Flask Stainless 32oz,Outdoor & Sports,2024-01-22,180,7560,5
SKU-027,Insulated Hydro Flask Stainless 32oz,Outdoor & Sports,2024-01-29,167,7014,4
SKU-027,Insulated Hydro Flask Stainless 32oz,Outdoor & Sports,2024-02-05,193,8106,3
SKU-027,Insulated Hydro Flask Stainless 32oz,Outdoor & Sports,2024-02-12,163,6846,3
SKU-027,Insulated Hydro Flask Stainless 32oz,Outdoor & Sports,2024-02-19,152,6384,4
SKU-027,Insulated Hydro Flask Stainless 32oz,Outdoor & Sports,2024-02-26,191,8022,5
SKU-027,Insulated Hydro Flask Stainless 32oz,Outdoor & Sports,2024-03-04,176,7392,5
SKU-027,Insulated Hydro Flask Stainless 32oz,Outdoor & Sports,2024-03-11,192,8064,3
SKU-027,Insulated Hydro Flask Stainless 32oz,Outdoor & Sports,2024-03-18,185,7770,4
SKU-027,Insulated Hydro Flask Stainless 32oz,Outdoor & Sports,2024-03-25,196,8232,4
SKU-027,Insulated Hydro Flask Stainless 32oz,Outdoor & Sports,2024-04-01,175,7350,4
SKU-027,Insulated Hydro Flask Stainless 32oz,Outdoor & Sports,2024-04-08,170,7140,3
SKU-027,Insulated Hydro Flask Stainless 32oz,Outdoor & Sports,2024-04-15,191,8022,4
SKU-027,Insulated Hydro Flask Stainless 32oz,Outdoor & Sports,2024-04-22,165,6930,5
SKU-027,Insulated Hydro Flask Stainless 32oz,Outdoor & Sports,2024-04-29,174,7308,4
SKU-027,Insulated Hydro Flask Stainless 32oz,Outdoor & Sports,2024-05-06,329,13818,5
SKU-027,Insulated Hydro Flask Stainless 32oz,Outdoor & Sports,2024-05-13,323,13566,3
SKU-027,Insulated Hydro Flask Stainless 32oz,Outdoor & Sports,2024-05-20,334,14028,3
SKU-027,Insulated Hydro Flask Stainless 32oz,Outdoor & Sports,2024-05-27,322,13524,3
SKU-027,Insulated Hydro Flask Stainless 32oz,Outdoor & Sports,2024-06-03,369,15498,4
SKU-027,Insulated Hydro Flask Stainless 32oz,Outdoor & Sports,2024-06-10,386,16212,3
SKU-027,Insulated Hydro Flask Stainless 32oz,Outdoor & Sports,2024-06-17,359,15078,4
SKU-027,Insulated Hydro Flask Stainless 32oz,Outdoor & Sports,2024-06-24,402,16884,5
SKU-027,Insulated Hydro Flask Stainless 32oz,Outdoor & Sports,2024-07-01,391,16422,3
SKU-027,Insulated Hydro Flask Stainless 32oz,Outdoor & Sports,2024-07-08,361,15162,5
SKU-027,Insulated Hydro Flask Stainless 32oz,Outdoor & Sports,2024-07-15,368,15456,4
SKU-027,Insulated Hydro Flask Stainless 32oz,Outdoor & Sports,2024-07-22,336,14112,4
SKU-027,Insulated Hydro Flask Stainless 32oz,Outdoor & Sports,2024-07-29,337,14154,4
SKU-027,Insulated Hydro Flask Stainless 32oz,Outdoor & Sports,2024-08-05,329,13818,5
SKU-027,Insulated Hydro Flask Stainless 32oz,Outdoor & Sports,2024-08-12,313,13146,4
SKU-027,Insulated Hydro Flask Stainless 32oz,Outdoor & Sports,2024-08-19,353,14826,3
SKU-027,Insulated Hydro Flask Stainless 32oz,Outdoor & Sports,2024-08-26,277,11634,4
SKU-027,Insulated Hydro Flask Stainless 32oz,Outdoor & Sports,2024-09-02,191,8022,4
SKU-027,Insulated Hydro Flask Stainless 32oz,Outdoor & Sports,2024-09-09,185,7770,3
SKU-027,Insulated Hydro Flask Stainless 32oz,Outdoor & Sports,2024-09-16,178,7476,4
SKU-027,Insulated Hydro Flask Stainless 32oz,Outdoor & Sports,2024-09-23,179,7518,5
SKU-027,Insulated Hydro Flask Stainless 32oz,Outdoor & Sports,2024-09-30,156,6552,4
SKU-027,Insulated Hydro Flask Stainless 32oz,Outdoor & Sports,2024-10-07,199,8358,5
SKU-027,Insulated Hydro Flask Stainless 32oz,Outdoor & Sports,2024-10-14,185,7770,3
SKU-027,Insulated Hydro Flask Stainless 32oz,Outdoor & Sports,2024-10-21,178,7476,3
SKU-027,Insulated Hydro Flask Stainless 32oz,Outdoor & Sports,2024-10-28,153,6426,4
SKU-027,Insulated Hydro Flask Stainless 32oz,Outdoor & Sports,2024-11-04,188,7896,5
SKU-027,Insulated Hydro Flask Stainless 32oz,Outdoor & Sports,2024-11-11,148,6216,5
SKU-027,Insulated Hydro Flask Stainless 32oz,Outdoor & Sports,2024-11-18,182,7644,3
SKU-027,Insulated Hydro Flask Stainless 32oz,Outdoor & Sports,2024-11-25,157,6594,5
SKU-027,Insulated Hydro Flask Stainless 32oz,Outdoor & Sports,2024-12-02,168,7056,3
SKU-027,Insulated Hydro Flask Stainless 32oz,Outdoor & Sports,2024-12-09,172,7224,4
SKU-027,Insulated Hydro Flask Stainless 32oz,Outdoor & Sports,2024-12-16,169,7098,4
SKU-027,Insulated Hydro Flask Stainless 32oz,Outdoor & Sports,2024-12-23,202,8484,4
SKU-028,Carbon Trekking Poles Pair,Outdoor & Sports,2023-01-02,98,6664,4
SKU-028,Carbon Trekking Poles Pair,Outdoor & Sports,2023-01-09,74,5032,3
SKU-028,Carbon Trekking Poles Pair,Outdoor & Sports,2023-01-16,92,6256,3
SKU-028,Carbon Trekking Poles Pair,Outdoor & Sports,2023-01-23,99,6732,3
SKU-028,Carbon Trekking Poles Pair,Outdoor & Sports,2023-01-30,85,5780,4
SKU-028,Carbon Trekking Poles Pair,Outdoor & Sports,2023-02-06,74,5032,4
SKU-028,Carbon Trekking Poles Pair,Outdoor & Sports,2023-02-13,94,6392,3
SKU-028,Carbon Trekking Poles Pair,Outdoor & Sports,2023-02-20,85,5780,5
SKU-028,Carbon Trekking Poles Pair,Outdoor & Sports,2023-02-27,99,6732,4
SKU-028,Carbon Trekking Poles Pair,Outdoor & Sports,2023-03-06,87,5916,3
SKU-028,Carbon Trekking Poles Pair,Outdoor & Sports,2023-03-13,86,5848,5
SKU-028,Carbon Trekking Poles Pair,Outdoor & Sports,2023-03-20,66,4488,5
SKU-028,Carbon Trekking Poles Pair,Outdoor & Sports,2023-03-27,52,3536,3
SKU-028,Carbon Trekking Poles Pair,Outdoor & Sports,2023-04-03,93,6324,3
SKU-028,Carbon Trekking Poles Pair,Outdoor & Sports,2023-04-10,83,5644,5
SKU-028,Carbon Trekking Poles Pair,Outdoor & Sports,2023-04-17,73,4964,5
SKU-028,Carbon Trekking Poles Pair,Outdoor & Sports,2023-04-24,85,5780,5
SKU-028,Carbon Trekking Poles Pair,Outdoor & Sports,2023-05-01,164,11152,4
SKU-028,Carbon Trekking Poles Pair,Outdoor & Sports,2023-05-08,142,9656,3
SKU-028,Carbon Trekking Poles Pair,Outdoor & Sports,2023-05-15,160,10880,3
SKU-028,Carbon Trekking Poles Pair,Outdoor & Sports,2023-05-22,177,12036,3
SKU-028,Carbon Trekking Poles Pair,Outdoor & Sports,2023-05-29,159,10812,3
SKU-028,Carbon Trekking Poles Pair,Outdoor & Sports,2023-06-05,185,12580,4
SKU-028,Carbon Trekking Poles Pair,Outdoor & Sports,2023-06-12,153,10404,5
SKU-028,Carbon Trekking Poles Pair,Outdoor & Sports,2023-06-19,181,12308,5
SKU-028,Carbon Trekking Poles Pair,Outdoor & Sports,2023-06-26,167,11356,5
SKU-028,Carbon Trekking Poles Pair,Outdoor & Sports,2023-07-03,177,12036,5
SKU-028,Carbon Trekking Poles Pair,Outdoor & Sports,2023-07-10,167,11356,3
SKU-028,Carbon Trekking Poles Pair,Outdoor & Sports,2023-07-17,189,12852,4
SKU-028,Carbon Trekking Poles Pair,Outdoor & Sports,2023-07-24,157,10676,4
SKU-028,Carbon Trekking Poles Pair,Outdoor & Sports,2023-07-31,180,12240,5
SKU-028,Carbon Trekking Poles Pair,Outdoor & Sports,2023-08-07,153,10404,4
SKU-028,Carbon Trekking Poles Pair,Outdoor & Sports,2023-08-14,156,10608,4
SKU-028,Carbon Trekking Poles Pair,Outdoor & Sports,2023-08-21,151,10268,5
SKU-028,Carbon Trekking Poles Pair,Outdoor & Sports,2023-08-28,126,8568,3
SKU-028,Carbon Trekking Poles Pair,Outdoor & Sports,2023-09-04,71,4828,3
SKU-028,Carbon Trekking Poles Pair,Outdoor & Sports,2023-09-11,86,5848,3
SKU-028,Carbon Trekking Poles Pair,Outdoor & Sports,2023-09-18,107,7276,5
SKU-028,Carbon Trekking Poles Pair,Outdoor & Sports,2023-09-25,97,6596,5
SKU-028,Carbon Trekking Poles Pair,Outdoor & Sports,2023-10-02,51,3468,5
SKU-028,Carbon Trekking Poles Pair,Outdoor & Sports,2023-10-09,103,7004,3
SKU-028,Carbon Trekking Poles Pair,Outdoor & Sports,2023-10-16,101,6868,4
SKU-028,Carbon Trekking Poles Pair,Outdoor & Sports,2023-10-23,84,5712,3
SKU-028,Carbon Trekking Poles Pair,Outdoor & Sports,2023-10-30,77,5236,5
SKU-028,Carbon Trekking Poles Pair,Outdoor & Sports,2023-11-06,83,5644,3
SKU-028,Carbon Trekking Poles Pair,Outdoor & Sports,2023-11-13,100,6800,5
SKU-028,Carbon Trekking Poles Pair,Outdoor & Sports,2023-11-20,82,5576,4
SKU-028,Carbon Trekking Poles Pair,Outdoor & Sports,2023-11-27,66,4488,5
SKU-028,Carbon Trekking Poles Pair,Outdoor & Sports,2023-12-04,90,6120,3
SKU-028,Carbon Trekking Poles Pair,Outdoor & Sports,2023-12-11,97,6596,5
SKU-028,Carbon Trekking Poles Pair,Outdoor & Sports,2023-12-18,97,6596,5
SKU-028,Carbon Trekking Poles Pair,Outdoor & Sports,2023-12-25,62,4216,4
SKU-028,Carbon Trekking Poles Pair,Outdoor & Sports,2024-01-01,82,5576,5
SKU-028,Carbon Trekking Poles Pair,Outdoor & Sports,2024-01-08,61,4148,3
SKU-028,Carbon Trekking Poles Pair,Outdoor & Sports,2024-01-15,89,6052,5
SKU-028,Carbon Trekking Poles Pair,Outdoor & Sports,2024-01-22,90,6120,4
SKU-028,Carbon Trekking Poles Pair,Outdoor & Sports,2024-01-29,93,6324,4
SKU-028,Carbon Trekking Poles Pair,Outdoor & Sports,2024-02-05,90,6120,4
SKU-028,Carbon Trekking Poles Pair,Outdoor & Sports,2024-02-12,80,5440,5
SKU-028,Carbon Trekking Poles Pair,Outdoor & Sports,2024-02-19,92,6256,4
SKU-028,Carbon Trekking Poles Pair,Outdoor & Sports,2024-02-26,74,5032,4
SKU-028,Carbon Trekking Poles Pair,Outdoor & Sports,2024-03-04,107,7276,3
SKU-028,Carbon Trekking Poles Pair,Outdoor & Sports,2024-03-11,75,5100,4
SKU-028,Carbon Trekking Poles Pair,Outdoor & Sports,2024-03-18,90,6120,5
SKU-028,Carbon Trekking Poles Pair,Outdoor & Sports,2024-03-25,83,5644,4
SKU-028,Carbon Trekking Poles Pair,Outdoor & Sports,2024-04-01,69,4692,4
SKU-028,Carbon Trekking Poles Pair,Outdoor & Sports,2024-04-08,84,5712,5
SKU-028,Carbon Trekking Poles Pair,Outdoor & Sports,2024-04-15,93,6324,3
SKU-028,Carbon Trekking Poles Pair,Outdoor & Sports,2024-04-22,85,5780,4
SKU-028,Carbon Trekking Poles Pair,Outdoor & Sports,2024-04-29,97,6596,4
SKU-028,Carbon Trekking Poles Pair,Outdoor & Sports,2024-05-06,166,11288,3
SKU-028,Carbon Trekking Poles Pair,Outdoor & Sports,2024-05-13,140,9520,3
SKU-028,Carbon Trekking Poles Pair,Outdoor & Sports,2024-05-20,172,11696,4
SKU-028,Carbon Trekking Poles Pair,Outdoor & Sports,2024-05-27,166,11288,3
SKU-028,Carbon Trekking Poles Pair,Outdoor & Sports,2024-06-03,166,11288,5
SKU-028,Carbon Trekking Poles Pair,Outdoor & Sports,2024-06-10,164,11152,3
SKU-028,Carbon Trekking Poles Pair,Outdoor & Sports,2024-06-17,166,11288,3
SKU-028,Carbon Trekking Poles Pair,Outdoor & Sports,2024-06-24,156,10608,3
SKU-028,Carbon Trekking Poles Pair,Outdoor & Sports,2024-07-01,162,11016,5
SKU-028,Carbon Trekking Poles Pair,Outdoor & Sports,2024-07-08,169,11492,4
SKU-028,Carbon Trekking Poles Pair,Outdoor & Sports,2024-07-15,178,12104,3
SKU-028,Carbon Trekking Poles Pair,Outdoor & Sports,2024-07-22,191,12988,5
SKU-028,Carbon Trekking Poles Pair,Outdoor & Sports,2024-07-29,181,12308,4
SKU-028,Carbon Trekking Poles Pair,Outdoor & Sports,2024-08-05,156,10608,3
SKU-028,Carbon Trekking Poles Pair,Outdoor & Sports,2024-08-12,153,10404,5
SKU-028,Carbon Trekking Poles Pair,Outdoor & Sports,2024-08-19,148,10064,3
SKU-028,Carbon Trekking Poles Pair,Outdoor & Sports,2024-08-26,151,10268,3
SKU-028,Carbon Trekking Poles Pair,Outdoor & Sports,2024-09-02,109,7412,4
SKU-028,Carbon Trekking Poles Pair,Outdoor & Sports,2024-09-09,76,5168,4
SKU-028,Carbon Trekking Poles Pair,Outdoor & Sports,2024-09-16,92,6256,3
SKU-028,Carbon Trekking Poles Pair,Outdoor & Sports,2024-09-23,104,7072,5
SKU-028,Carbon Trekking Poles Pair,Outdoor & Sports,2024-09-30,102,6936,3
SKU-028,Carbon Trekking Poles Pair,Outdoor & Sports,2024-10-07,108,7344,5
SKU-028,Carbon Trekking Poles Pair,Outdoor & Sports,2024-10-14,83,5644,4
SKU-028,Carbon Trekking Poles Pair,Outdoor & Sports,2024-10-21,77,5236,3
SKU-028,Carbon Trekking Poles Pair,Outdoor & Sports,2024-10-28,62,4216,3
SKU-028,Carbon Trekking Poles Pair,Outdoor & Sports,2024-11-04,95,6460,5
SKU-028,Carbon Trekking Poles Pair,Outdoor & Sports,2024-11-11,57,3876,3
SKU-028,Carbon Trekking Poles Pair,Outdoor & Sports,2024-11-18,103,7004,4
SKU-028,Carbon Trekking Poles Pair,Outdoor & Sports,2024-11-25,83,5644,5
SKU-028,Carbon Trekking Poles Pair,Outdoor & Sports,2024-12-02,84,5712,4
SKU-028,Carbon Trekking Poles Pair,Outdoor & Sports,2024-12-09,79,5372,4
SKU-028,Carbon Trekking Poles Pair,Outdoor & Sports,2024-12-16,100,6800,3
SKU-028,Carbon Trekking Poles Pair,Outdoor & Sports,2024-12-23,72,4896,5
SKU-029,Breathable Quick-Dry Gym Shorts,Apparel & Footwear,2023-01-02,170,5780,5
SKU-029,Breathable Quick-Dry Gym Shorts,Apparel & Footwear,2023-01-09,171,5814,5
SKU-029,Breathable Quick-Dry Gym Shorts,Apparel & Footwear,2023-01-16,168,5712,4
SKU-029,Breathable Quick-Dry Gym Shorts,Apparel & Footwear,2023-01-23,172,5848,4
SKU-029,Breathable Quick-Dry Gym Shorts,Apparel & Footwear,2023-01-30,194,6596,4
SKU-029,Breathable Quick-Dry Gym Shorts,Apparel & Footwear,2023-02-06,148,5032,5
SKU-029,Breathable Quick-Dry Gym Shorts,Apparel & Footwear,2023-02-13,175,5950,4
SKU-029,Breathable Quick-Dry Gym Shorts,Apparel & Footwear,2023-02-20,168,5712,4
SKU-029,Breathable Quick-Dry Gym Shorts,Apparel & Footwear,2023-02-27,170,5780,5
SKU-029,Breathable Quick-Dry Gym Shorts,Apparel & Footwear,2023-03-06,160,5440,4
SKU-029,Breathable Quick-Dry Gym Shorts,Apparel & Footwear,2023-03-13,169,5746,3
SKU-029,Breathable Quick-Dry Gym Shorts,Apparel & Footwear,2023-03-20,154,5236,4
SKU-029,Breathable Quick-Dry Gym Shorts,Apparel & Footwear,2023-03-27,173,5882,3
SKU-029,Breathable Quick-Dry Gym Shorts,Apparel & Footwear,2023-04-03,202,6868,4
SKU-029,Breathable Quick-Dry Gym Shorts,Apparel & Footwear,2023-04-10,205,6970,5
SKU-029,Breathable Quick-Dry Gym Shorts,Apparel & Footwear,2023-04-17,182,6188,5
SKU-029,Breathable Quick-Dry Gym Shorts,Apparel & Footwear,2023-04-24,171,5814,4
SKU-029,Breathable Quick-Dry Gym Shorts,Apparel & Footwear,2023-05-01,314,10676,5
SKU-029,Breathable Quick-Dry Gym Shorts,Apparel & Footwear,2023-05-08,355,12070,5
SKU-029,Breathable Quick-Dry Gym Shorts,Apparel & Footwear,2023-05-15,356,12104,5
SKU-029,Breathable Quick-Dry Gym Shorts,Apparel & Footwear,2023-05-22,367,12478,4
SKU-029,Breathable Quick-Dry Gym Shorts,Apparel & Footwear,2023-05-29,355,12070,3
SKU-029,Breathable Quick-Dry Gym Shorts,Apparel & Footwear,2023-06-05,347,11798,5
SKU-029,Breathable Quick-Dry Gym Shorts,Apparel & Footwear,2023-06-12,375,12750,4
SKU-029,Breathable Quick-Dry Gym Shorts,Apparel & Footwear,2023-06-19,374,12716,4
SKU-029,Breathable Quick-Dry Gym Shorts,Apparel & Footwear,2023-06-26,356,12104,3
SKU-029,Breathable Quick-Dry Gym Shorts,Apparel & Footwear,2023-07-03,409,13906,4
SKU-029,Breathable Quick-Dry Gym Shorts,Apparel & Footwear,2023-07-10,395,13430,4
SKU-029,Breathable Quick-Dry Gym Shorts,Apparel & Footwear,2023-07-17,381,12954,3
SKU-029,Breathable Quick-Dry Gym Shorts,Apparel & Footwear,2023-07-24,370,12580,3
SKU-029,Breathable Quick-Dry Gym Shorts,Apparel & Footwear,2023-07-31,374,12716,4
SKU-029,Breathable Quick-Dry Gym Shorts,Apparel & Footwear,2023-08-07,316,10744,4
SKU-029,Breathable Quick-Dry Gym Shorts,Apparel & Footwear,2023-08-14,312,10608,3
SKU-029,Breathable Quick-Dry Gym Shorts,Apparel & Footwear,2023-08-21,350,11900,5
SKU-029,Breathable Quick-Dry Gym Shorts,Apparel & Footwear,2023-08-28,313,10642,5
SKU-029,Breathable Quick-Dry Gym Shorts,Apparel & Footwear,2023-09-04,175,5950,4
SKU-029,Breathable Quick-Dry Gym Shorts,Apparel & Footwear,2023-09-11,179,6086,3
SKU-029,Breathable Quick-Dry Gym Shorts,Apparel & Footwear,2023-09-18,148,5032,3
SKU-029,Breathable Quick-Dry Gym Shorts,Apparel & Footwear,2023-09-25,184,6256,4
SKU-029,Breathable Quick-Dry Gym Shorts,Apparel & Footwear,2023-10-02,183,6222,3
SKU-029,Breathable Quick-Dry Gym Shorts,Apparel & Footwear,2023-10-09,188,6392,5
SKU-029,Breathable Quick-Dry Gym Shorts,Apparel & Footwear,2023-10-16,170,5780,5
SKU-029,Breathable Quick-Dry Gym Shorts,Apparel & Footwear,2023-10-23,158,5372,5
SKU-029,Breathable Quick-Dry Gym Shorts,Apparel & Footwear,2023-10-30,168,5712,4
SKU-029,Breathable Quick-Dry Gym Shorts,Apparel & Footwear,2023-11-06,175,5950,5
SKU-029,Breathable Quick-Dry Gym Shorts,Apparel & Footwear,2023-11-13,189,6426,5
SKU-029,Breathable Quick-Dry Gym Shorts,Apparel & Footwear,2023-11-20,162,5508,3
SKU-029,Breathable Quick-Dry Gym Shorts,Apparel & Footwear,2023-11-27,175,5950,3
SKU-029,Breathable Quick-Dry Gym Shorts,Apparel & Footwear,2023-12-04,205,6970,3
SKU-029,Breathable Quick-Dry Gym Shorts,Apparel & Footwear,2023-12-11,222,7548,5
SKU-029,Breathable Quick-Dry Gym Shorts,Apparel & Footwear,2023-12-18,212,7208,5
SKU-029,Breathable Quick-Dry Gym Shorts,Apparel & Footwear,2023-12-25,170,5780,4
SKU-029,Breathable Quick-Dry Gym Shorts,Apparel & Footwear,2024-01-01,208,7072,4
SKU-029,Breathable Quick-Dry Gym Shorts,Apparel & Footwear,2024-01-08,185,6290,5
SKU-029,Breathable Quick-Dry Gym Shorts,Apparel & Footwear,2024-01-15,171,5814,4
SKU-029,Breathable Quick-Dry Gym Shorts,Apparel & Footwear,2024-01-22,192,6528,4
SKU-029,Breathable Quick-Dry Gym Shorts,Apparel & Footwear,2024-01-29,193,6562,4
SKU-029,Breathable Quick-Dry Gym Shorts,Apparel & Footwear,2024-02-05,187,6358,3
SKU-029,Breathable Quick-Dry Gym Shorts,Apparel & Footwear,2024-02-12,157,5338,4
SKU-029,Breathable Quick-Dry Gym Shorts,Apparel & Footwear,2024-02-19,183,6222,5
SKU-029,Breathable Quick-Dry Gym Shorts,Apparel & Footwear,2024-02-26,152,5168,3
SKU-029,Breathable Quick-Dry Gym Shorts,Apparel & Footwear,2024-03-04,200,6800,3
SKU-029,Breathable Quick-Dry Gym Shorts,Apparel & Footwear,2024-03-11,191,6494,5
SKU-029,Breathable Quick-Dry Gym Shorts,Apparel & Footwear,2024-03-18,185,6290,5
SKU-029,Breathable Quick-Dry Gym Shorts,Apparel & Footwear,2024-03-25,154,5236,4
SKU-029,Breathable Quick-Dry Gym Shorts,Apparel & Footwear,2024-04-01,178,6052,3
SKU-029,Breathable Quick-Dry Gym Shorts,Apparel & Footwear,2024-04-08,171,5814,5
SKU-029,Breathable Quick-Dry Gym Shorts,Apparel & Footwear,2024-04-15,216,7344,3
SKU-029,Breathable Quick-Dry Gym Shorts,Apparel & Footwear,2024-04-22,188,6392,3
SKU-029,Breathable Quick-Dry Gym Shorts,Apparel & Footwear,2024-04-29,204,6936,3
SKU-029,Breathable Quick-Dry Gym Shorts,Apparel & Footwear,2024-05-06,327,11118,3
SKU-029,Breathable Quick-Dry Gym Shorts,Apparel & Footwear,2024-05-13,344,11696,5
SKU-029,Breathable Quick-Dry Gym Shorts,Apparel & Footwear,2024-05-20,338,11492,5
SKU-029,Breathable Quick-Dry Gym Shorts,Apparel & Footwear,2024-05-27,335,11390,4
SKU-029,Breathable Quick-Dry Gym Shorts,Apparel & Footwear,2024-06-03,319,10846,5
SKU-029,Breathable Quick-Dry Gym Shorts,Apparel & Footwear,2024-06-10,351,11934,5
SKU-029,Breathable Quick-Dry Gym Shorts,Apparel & Footwear,2024-06-17,421,14314,5
SKU-029,Breathable Quick-Dry Gym Shorts,Apparel & Footwear,2024-06-24,376,12784,5
SKU-029,Breathable Quick-Dry Gym Shorts,Apparel & Footwear,2024-07-01,364,12376,3
SKU-029,Breathable Quick-Dry Gym Shorts,Apparel & Footwear,2024-07-08,412,14008,3
SKU-029,Breathable Quick-Dry Gym Shorts,Apparel & Footwear,2024-07-15,363,12342,4
SKU-029,Breathable Quick-Dry Gym Shorts,Apparel & Footwear,2024-07-22,371,12614,3
SKU-029,Breathable Quick-Dry Gym Shorts,Apparel & Footwear,2024-07-29,341,11594,3
SKU-029,Breathable Quick-Dry Gym Shorts,Apparel & Footwear,2024-08-05,367,12478,5
SKU-029,Breathable Quick-Dry Gym Shorts,Apparel & Footwear,2024-08-12,361,12274,5
SKU-029,Breathable Quick-Dry Gym Shorts,Apparel & Footwear,2024-08-19,375,12750,3
SKU-029,Breathable Quick-Dry Gym Shorts,Apparel & Footwear,2024-08-26,309,10506,5
SKU-029,Breathable Quick-Dry Gym Shorts,Apparel & Footwear,2024-09-02,209,7106,4
SKU-029,Breathable Quick-Dry Gym Shorts,Apparel & Footwear,2024-09-09,201,6834,3
SKU-029,Breathable Quick-Dry Gym Shorts,Apparel & Footwear,2024-09-16,188,6392,4
SKU-029,Breathable Quick-Dry Gym Shorts,Apparel & Footwear,2024-09-23,201,6834,4
SKU-029,Breathable Quick-Dry Gym Shorts,Apparel & Footwear,2024-09-30,184,6256,3
SKU-029,Breathable Quick-Dry Gym Shorts,Apparel & Footwear,2024-10-07,186,6324,5
SKU-029,Breathable Quick-Dry Gym Shorts,Apparel & Footwear,2024-10-14,170,5780,5
SKU-029,Breathable Quick-Dry Gym Shorts,Apparel & Footwear,2024-10-21,190,6460,5
SKU-029,Breathable Quick-Dry Gym Shorts,Apparel & Footwear,2024-10-28,224,7616,4
SKU-029,Breathable Quick-Dry Gym Shorts,Apparel & Footwear,2024-11-04,201,6834,5
SKU-029,Breathable Quick-Dry Gym Shorts,Apparel & Footwear,2024-11-11,174,5916,3
SKU-029,Breathable Quick-Dry Gym Shorts,Apparel & Footwear,2024-11-18,195,6630,5
SKU-029,Breathable Quick-Dry Gym Shorts,Apparel & Footwear,2024-11-25,187,6358,3
SKU-029,Breathable Quick-Dry Gym Shorts,Apparel & Footwear,2024-12-02,203,6902,3
SKU-029,Breathable Quick-Dry Gym Shorts,Apparel & Footwear,2024-12-09,214,7276,3
SKU-029,Breathable Quick-Dry Gym Shorts,Apparel & Footwear,2024-12-16,170,5780,3
SKU-029,Breathable Quick-Dry Gym Shorts,Apparel & Footwear,2024-12-23,180,6120,5
SKU-030,Seamless High-Rise Compression Leggings,Apparel & Footwear,2023-01-02,298,16092,4
SKU-030,Seamless High-Rise Compression Leggings,Apparel & Footwear,2023-01-09,291,15714,3
SKU-030,Seamless High-Rise Compression Leggings,Apparel & Footwear,2023-01-16,261,14094,3
SKU-030,Seamless High-Rise Compression Leggings,Apparel & Footwear,2023-01-23,251,13554,4
SKU-030,Seamless High-Rise Compression Leggings,Apparel & Footwear,2023-01-30,309,16686,4
SKU-030,Seamless High-Rise Compression Leggings,Apparel & Footwear,2023-02-06,280,15120,4
SKU-030,Seamless High-Rise Compression Leggings,Apparel & Footwear,2023-02-13,264,14256,3
SKU-030,Seamless High-Rise Compression Leggings,Apparel & Footwear,2023-02-20,280,15120,5
SKU-030,Seamless High-Rise Compression Leggings,Apparel & Footwear,2023-02-27,281,15174,4
SKU-030,Seamless High-Rise Compression Leggings,Apparel & Footwear,2023-03-06,165,8910,4
SKU-030,Seamless High-Rise Compression Leggings,Apparel & Footwear,2023-03-13,161,8694,3
SKU-030,Seamless High-Rise Compression Leggings,Apparel & Footwear,2023-03-20,160,8640,4
SKU-030,Seamless High-Rise Compression Leggings,Apparel & Footwear,2023-03-27,138,7452,4
SKU-030,Seamless High-Rise Compression Leggings,Apparel & Footwear,2023-04-03,171,9234,5
SKU-030,Seamless High-Rise Compression Leggings,Apparel & Footwear,2023-04-10,142,7668,5
SKU-030,Seamless High-Rise Compression Leggings,Apparel & Footwear,2023-04-17,161,8694,4
SKU-030,Seamless High-Rise Compression Leggings,Apparel & Footwear,2023-04-24,160,8640,4
SKU-030,Seamless High-Rise Compression Leggings,Apparel & Footwear,2023-05-01,126,6804,3
SKU-030,Seamless High-Rise Compression Leggings,Apparel & Footwear,2023-05-08,167,9018,4
SKU-030,Seamless High-Rise Compression Leggings,Apparel & Footwear,2023-05-15,136,7344,5
SKU-030,Seamless High-Rise Compression Leggings,Apparel & Footwear,2023-05-22,174,9396,5
SKU-030,Seamless High-Rise Compression Leggings,Apparel & Footwear,2023-05-29,183,9882,4
SKU-030,Seamless High-Rise Compression Leggings,Apparel & Footwear,2023-06-05,180,9720,3
SKU-030,Seamless High-Rise Compression Leggings,Apparel & Footwear,2023-06-12,204,11016,3
SKU-030,Seamless High-Rise Compression Leggings,Apparel & Footwear,2023-06-19,162,8748,4
SKU-030,Seamless High-Rise Compression Leggings,Apparel & Footwear,2023-06-26,154,8316,4
SKU-030,Seamless High-Rise Compression Leggings,Apparel & Footwear,2023-07-03,157,8478,3
SKU-030,Seamless High-Rise Compression Leggings,Apparel & Footwear,2023-07-10,171,9234,3
SKU-030,Seamless High-Rise Compression Leggings,Apparel & Footwear,2023-07-17,174,9396,5
SKU-030,Seamless High-Rise Compression Leggings,Apparel & Footwear,2023-07-24,170,9180,4
SKU-030,Seamless High-Rise Compression Leggings,Apparel & Footwear,2023-07-31,177,9558,5
SKU-030,Seamless High-Rise Compression Leggings,Apparel & Footwear,2023-08-07,166,8964,3
SKU-030,Seamless High-Rise Compression Leggings,Apparel & Footwear,2023-08-14,150,8100,3
SKU-030,Seamless High-Rise Compression Leggings,Apparel & Footwear,2023-08-21,145,7830,4
SKU-030,Seamless High-Rise Compression Leggings,Apparel & Footwear,2023-08-28,171,9234,4
SKU-030,Seamless High-Rise Compression Leggings,Apparel & Footwear,2023-09-04,156,8424,3
SKU-030,Seamless High-Rise Compression Leggings,Apparel & Footwear,2023-09-11,144,7776,5
SKU-030,Seamless High-Rise Compression Leggings,Apparel & Footwear,2023-09-18,156,8424,5
SKU-030,Seamless High-Rise Compression Leggings,Apparel & Footwear,2023-09-25,156,8424,5
SKU-030,Seamless High-Rise Compression Leggings,Apparel & Footwear,2023-10-02,175,9450,4
SKU-030,Seamless High-Rise Compression Leggings,Apparel & Footwear,2023-10-09,169,9126,4
SKU-030,Seamless High-Rise Compression Leggings,Apparel & Footwear,2023-10-16,184,9936,4
SKU-030,Seamless High-Rise Compression Leggings,Apparel & Footwear,2023-10-23,162,8748,4
SKU-030,Seamless High-Rise Compression Leggings,Apparel & Footwear,2023-10-30,143,7722,3
SKU-030,Seamless High-Rise Compression Leggings,Apparel & Footwear,2023-11-06,251,13554,4
SKU-030,Seamless High-Rise Compression Leggings,Apparel & Footwear,2023-11-13,232,12528,5
SKU-030,Seamless High-Rise Compression Leggings,Apparel & Footwear,2023-11-20,213,11502,4
SKU-030,Seamless High-Rise Compression Leggings,Apparel & Footwear,2023-11-27,207,11178,4
SKU-030,Seamless High-Rise Compression Leggings,Apparel & Footwear,2023-12-04,263,14202,3
SKU-030,Seamless High-Rise Compression Leggings,Apparel & Footwear,2023-12-11,197,10638,3
SKU-030,Seamless High-Rise Compression Leggings,Apparel & Footwear,2023-12-18,231,12474,3
SKU-030,Seamless High-Rise Compression Leggings,Apparel & Footwear,2023-12-25,256,13824,5
SKU-030,Seamless High-Rise Compression Leggings,Apparel & Footwear,2024-01-01,308,16632,3
SKU-030,Seamless High-Rise Compression Leggings,Apparel & Footwear,2024-01-08,298,16092,3
SKU-030,Seamless High-Rise Compression Leggings,Apparel & Footwear,2024-01-15,304,16416,5
SKU-030,Seamless High-Rise Compression Leggings,Apparel & Footwear,2024-01-22,296,15984,4
SKU-030,Seamless High-Rise Compression Leggings,Apparel & Footwear,2024-01-29,283,15282,3
SKU-030,Seamless High-Rise Compression Leggings,Apparel & Footwear,2024-02-05,253,13662,4
SKU-030,Seamless High-Rise Compression Leggings,Apparel & Footwear,2024-02-12,282,15228,4
SKU-030,Seamless High-Rise Compression Leggings,Apparel & Footwear,2024-02-19,301,16254,3
SKU-030,Seamless High-Rise Compression Leggings,Apparel & Footwear,2024-02-26,275,14850,3
SKU-030,Seamless High-Rise Compression Leggings,Apparel & Footwear,2024-03-04,177,9558,4
SKU-030,Seamless High-Rise Compression Leggings,Apparel & Footwear,2024-03-11,129,6966,3
SKU-030,Seamless High-Rise Compression Leggings,Apparel & Footwear,2024-03-18,166,8964,3
SKU-030,Seamless High-Rise Compression Leggings,Apparel & Footwear,2024-03-25,157,8478,5
SKU-030,Seamless High-Rise Compression Leggings,Apparel & Footwear,2024-04-01,168,9072,5
SKU-030,Seamless High-Rise Compression Leggings,Apparel & Footwear,2024-04-08,171,9234,3
SKU-030,Seamless High-Rise Compression Leggings,Apparel & Footwear,2024-04-15,158,8532,3
SKU-030,Seamless High-Rise Compression Leggings,Apparel & Footwear,2024-04-22,170,9180,3
SKU-030,Seamless High-Rise Compression Leggings,Apparel & Footwear,2024-04-29,160,8640,4
SKU-030,Seamless High-Rise Compression Leggings,Apparel & Footwear,2024-05-06,156,8424,3
SKU-030,Seamless High-Rise Compression Leggings,Apparel & Footwear,2024-05-13,182,9828,4
SKU-030,Seamless High-Rise Compression Leggings,Apparel & Footwear,2024-05-20,163,8802,4
SKU-030,Seamless High-Rise Compression Leggings,Apparel & Footwear,2024-05-27,193,10422,3
SKU-030,Seamless High-Rise Compression Leggings,Apparel & Footwear,2024-06-03,168,9072,4
SKU-030,Seamless High-Rise Compression Leggings,Apparel & Footwear,2024-06-10,149,8046,4
SKU-030,Seamless High-Rise Compression Leggings,Apparel & Footwear,2024-06-17,163,8802,5
SKU-030,Seamless High-Rise Compression Leggings,Apparel & Footwear,2024-06-24,176,9504,5
SKU-030,Seamless High-Rise Compression Leggings,Apparel & Footwear,2024-07-01,153,8262,5
SKU-030,Seamless High-Rise Compression Leggings,Apparel & Footwear,2024-07-08,178,9612,4
SKU-030,Seamless High-Rise Compression Leggings,Apparel & Footwear,2024-07-15,151,8154,3
SKU-030,Seamless High-Rise Compression Leggings,Apparel & Footwear,2024-07-22,194,10476,5
SKU-030,Seamless High-Rise Compression Leggings,Apparel & Footwear,2024-07-29,172,9288,3
SKU-030,Seamless High-Rise Compression Leggings,Apparel & Footwear,2024-08-05,149,8046,3
SKU-030,Seamless High-Rise Compression Leggings,Apparel & Footwear,2024-08-12,171,9234,3
SKU-030,Seamless High-Rise Compression Leggings,Apparel & Footwear,2024-08-19,166,8964,4
SKU-030,Seamless High-Rise Compression Leggings,Apparel & Footwear,2024-08-26,152,8208,3
SKU-030,Seamless High-Rise Compression Leggings,Apparel & Footwear,2024-09-02,186,10044,3
SKU-030,Seamless High-Rise Compression Leggings,Apparel & Footwear,2024-09-09,148,7992,5
SKU-030,Seamless High-Rise Compression Leggings,Apparel & Footwear,2024-09-16,166,8964,5
SKU-030,Seamless High-Rise Compression Leggings,Apparel & Footwear,2024-09-23,170,9180,4
SKU-030,Seamless High-Rise Compression Leggings,Apparel & Footwear,2024-09-30,161,8694,3
SKU-030,Seamless High-Rise Compression Leggings,Apparel & Footwear,2024-10-07,181,9774,4
SKU-030,Seamless High-Rise Compression Leggings,Apparel & Footwear,2024-10-14,130,7020,3
SKU-030,Seamless High-Rise Compression Leggings,Apparel & Footwear,2024-10-21,155,8370,5
SKU-030,Seamless High-Rise Compression Leggings,Apparel & Footwear,2024-10-28,139,7506,5
SKU-030,Seamless High-Rise Compression Leggings,Apparel & Footwear,2024-11-04,235,12690,4
SKU-030,Seamless High-Rise Compression Leggings,Apparel & Footwear,2024-11-11,236,12744,3
SKU-030,Seamless High-Rise Compression Leggings,Apparel & Footwear,2024-11-18,231,12474,4
SKU-030,Seamless High-Rise Compression Leggings,Apparel & Footwear,2024-11-25,249,13446,4
SKU-030,Seamless High-Rise Compression Leggings,Apparel & Footwear,2024-12-02,249,13446,3
SKU-030,Seamless High-Rise Compression Leggings,Apparel & Footwear,2024-12-09,240,12960,3
SKU-030,Seamless High-Rise Compression Leggings,Apparel & Footwear,2024-12-16,239,12906,4
SKU-030,Seamless High-Rise Compression Leggings,Apparel & Footwear,2024-12-23,212,11448,3
SKU-031,Fast-Charging 65W GaN Wall Adapter,Consumer Electronics,2023-01-02,107,5348.93,5
SKU-031,Fast-Charging 65W GaN Wall Adapter,Consumer Electronics,2023-01-09,139,6948.610000000001,4
SKU-031,Fast-Charging 65W GaN Wall Adapter,Consumer Electronics,2023-01-16,139,6948.610000000001,5
SKU-031,Fast-Charging 65W GaN Wall Adapter,Consumer Electronics,2023-01-23,126,6298.74,4
SKU-031,Fast-Charging 65W GaN Wall Adapter,Consumer Electronics,2023-01-30,124,6198.76,3
SKU-031,Fast-Charging 65W GaN Wall Adapter,Consumer Electronics,2023-02-06,153,7648.47,5
SKU-031,Fast-Charging 65W GaN Wall Adapter,Consumer Electronics,2023-02-13,155,7748.450000000001,3
SKU-031,Fast-Charging 65W GaN Wall Adapter,Consumer Electronics,2023-02-20,146,7298.54,5
SKU-031,Fast-Charging 65W GaN Wall Adapter,Consumer Electronics,2023-02-27,135,6748.65,5
SKU-031,Fast-Charging 65W GaN Wall Adapter,Consumer Electronics,2023-03-06,149,7448.51,3
SKU-031,Fast-Charging 65W GaN Wall Adapter,Consumer Electronics,2023-03-13,160,7998.4,5
SKU-031,Fast-Charging 65W GaN Wall Adapter,Consumer Electronics,2023-03-20,146,7298.540000000001,4
SKU-031,Fast-Charging 65W GaN Wall Adapter,Consumer Electronics,2023-03-27,144,7198.56,5
SKU-031,Fast-Charging 65W GaN Wall Adapter,Consumer Electronics,2023-04-03,155,7748.45,4
SKU-031,Fast-Charging 65W GaN Wall Adapter,Consumer Electronics,2023-04-10,172,8598.28,5
SKU-031,Fast-Charging 65W GaN Wall Adapter,Consumer Electronics,2023-04-17,146,7298.54,3
SKU-031,Fast-Charging 65W GaN Wall Adapter,Consumer Electronics,2023-04-24,151,7548.49,4
SKU-031,Fast-Charging 65W GaN Wall Adapter,Consumer Electronics,2023-05-01,167,8348.33,4
SKU-031,Fast-Charging 65W GaN Wall Adapter,Consumer Electronics,2023-05-08,142,7098.58,3
SKU-031,Fast-Charging 65W GaN Wall Adapter,Consumer Electronics,2023-05-15,128,6398.72,3
SKU-031,Fast-Charging 65W GaN Wall Adapter,Consumer Electronics,2023-05-22,135,6748.65,5
SKU-031,Fast-Charging 65W GaN Wall Adapter,Consumer Electronics,2023-05-29,164,8198.36,5
SKU-031,Fast-Charging 65W GaN Wall Adapter,Consumer Electronics,2023-06-05,189,9448.11,5
SKU-031,Fast-Charging 65W GaN Wall Adapter,Consumer Electronics,2023-06-12,148,7398.52,3
SKU-031,Fast-Charging 65W GaN Wall Adapter,Consumer Electronics,2023-06-19,160,7998.4,3
SKU-031,Fast-Charging 65W GaN Wall Adapter,Consumer Electronics,2023-06-26,145,7248.55,5
SKU-031,Fast-Charging 65W GaN Wall Adapter,Consumer Electronics,2023-07-03,170,8498.3,3
SKU-031,Fast-Charging 65W GaN Wall Adapter,Consumer Electronics,2023-07-10,169,8448.31,5
SKU-031,Fast-Charging 65W GaN Wall Adapter,Consumer Electronics,2023-07-17,166,8298.34,5
SKU-031,Fast-Charging 65W GaN Wall Adapter,Consumer Electronics,2023-07-24,152,7598.48,3
SKU-031,Fast-Charging 65W GaN Wall Adapter,Consumer Electronics,2023-07-31,168,8398.32,3
SKU-031,Fast-Charging 65W GaN Wall Adapter,Consumer Electronics,2023-08-07,150,7498.5,5
SKU-031,Fast-Charging 65W GaN Wall Adapter,Consumer Electronics,2023-08-14,143,7148.57,5
SKU-031,Fast-Charging 65W GaN Wall Adapter,Consumer Electronics,2023-08-21,175,8748.25,3
SKU-031,Fast-Charging 65W GaN Wall Adapter,Consumer Electronics,2023-08-28,160,7998.4,5
SKU-031,Fast-Charging 65W GaN Wall Adapter,Consumer Electronics,2023-09-04,182,9098.18,4
SKU-031,Fast-Charging 65W GaN Wall Adapter,Consumer Electronics,2023-09-11,182,9098.18,3
SKU-031,Fast-Charging 65W GaN Wall Adapter,Consumer Electronics,2023-09-18,174,8698.26,3
SKU-031,Fast-Charging 65W GaN Wall Adapter,Consumer Electronics,2023-09-25,172,8598.28,3
SKU-031,Fast-Charging 65W GaN Wall Adapter,Consumer Electronics,2023-10-02,148,7398.52,4
SKU-031,Fast-Charging 65W GaN Wall Adapter,Consumer Electronics,2023-10-09,125,6248.75,4
SKU-031,Fast-Charging 65W GaN Wall Adapter,Consumer Electronics,2023-10-16,105,5248.95,3
SKU-031,Fast-Charging 65W GaN Wall Adapter,Consumer Electronics,2023-10-23,197,9848.029999999999,4
SKU-031,Fast-Charging 65W GaN Wall Adapter,Consumer Electronics,2023-10-30,147,7348.53,5
SKU-031,Fast-Charging 65W GaN Wall Adapter,Consumer Electronics,2023-11-06,236,11797.64,3
SKU-031,Fast-Charging 65W GaN Wall Adapter,Consumer Electronics,2023-11-13,273,13647.27,3
SKU-031,Fast-Charging 65W GaN Wall Adapter,Consumer Electronics,2023-11-20,277,13847.23,3
SKU-031,Fast-Charging 65W GaN Wall Adapter,Consumer Electronics,2023-11-27,313,15646.869999999999,4
SKU-031,Fast-Charging 65W GaN Wall Adapter,Consumer Electronics,2023-12-04,281,14047.189999999999,5
SKU-031,Fast-Charging 65W GaN Wall Adapter,Consumer Electronics,2023-12-11,255,12747.45,4
SKU-031,Fast-Charging 65W GaN Wall Adapter,Consumer Electronics,2023-12-18,253,12647.470000000001,3
SKU-031,Fast-Charging 65W GaN Wall Adapter,Consumer Electronics,2023-12-25,254,12697.460000000001,4
SKU-031,Fast-Charging 65W GaN Wall Adapter,Consumer Electronics,2024-01-01,150,7498.5,4
SKU-031,Fast-Charging 65W GaN Wall Adapter,Consumer Electronics,2024-01-08,126,6298.74,4
SKU-031,Fast-Charging 65W GaN Wall Adapter,Consumer Electronics,2024-01-15,163,8148.37,5
SKU-031,Fast-Charging 65W GaN Wall Adapter,Consumer Electronics,2024-01-22,149,7448.51,3
SKU-031,Fast-Charging 65W GaN Wall Adapter,Consumer Electronics,2024-01-29,121,6048.79,3
SKU-031,Fast-Charging 65W GaN Wall Adapter,Consumer Electronics,2024-02-05,165,8248.35,5
SKU-031,Fast-Charging 65W GaN Wall Adapter,Consumer Electronics,2024-02-12,142,7098.58,5
SKU-031,Fast-Charging 65W GaN Wall Adapter,Consumer Electronics,2024-02-19,156,7798.4400000000005,3
SKU-031,Fast-Charging 65W GaN Wall Adapter,Consumer Electronics,2024-02-26,169,8448.31,3
SKU-031,Fast-Charging 65W GaN Wall Adapter,Consumer Electronics,2024-03-04,173,8648.27,4
SKU-031,Fast-Charging 65W GaN Wall Adapter,Consumer Electronics,2024-03-11,126,6298.74,3
SKU-031,Fast-Charging 65W GaN Wall Adapter,Consumer Electronics,2024-03-18,158,7898.42,5
SKU-031,Fast-Charging 65W GaN Wall Adapter,Consumer Electronics,2024-03-25,181,9048.19,4
SKU-031,Fast-Charging 65W GaN Wall Adapter,Consumer Electronics,2024-04-01,167,8348.33,3
SKU-031,Fast-Charging 65W GaN Wall Adapter,Consumer Electronics,2024-04-08,168,8398.32,4
SKU-031,Fast-Charging 65W GaN Wall Adapter,Consumer Electronics,2024-04-15,143,7148.57,4
SKU-031,Fast-Charging 65W GaN Wall Adapter,Consumer Electronics,2024-04-22,162,8098.38,5
SKU-031,Fast-Charging 65W GaN Wall Adapter,Consumer Electronics,2024-04-29,148,7398.52,4
SKU-031,Fast-Charging 65W GaN Wall Adapter,Consumer Electronics,2024-05-06,163,8148.37,5
SKU-031,Fast-Charging 65W GaN Wall Adapter,Consumer Electronics,2024-05-13,167,8348.33,4
SKU-031,Fast-Charging 65W GaN Wall Adapter,Consumer Electronics,2024-05-20,176,8798.24,4
SKU-031,Fast-Charging 65W GaN Wall Adapter,Consumer Electronics,2024-05-27,176,8798.24,5
SKU-031,Fast-Charging 65W GaN Wall Adapter,Consumer Electronics,2024-06-03,171,8548.29,3
SKU-031,Fast-Charging 65W GaN Wall Adapter,Consumer Electronics,2024-06-10,170,8498.3,4
SKU-031,Fast-Charging 65W GaN Wall Adapter,Consumer Electronics,2024-06-17,170,8498.3,3
SKU-031,Fast-Charging 65W GaN Wall Adapter,Consumer Electronics,2024-06-24,143,7148.57,3
SKU-031,Fast-Charging 65W GaN Wall Adapter,Consumer Electronics,2024-07-01,155,7748.45,5
SKU-031,Fast-Charging 65W GaN Wall Adapter,Consumer Electronics,2024-07-08,179,8948.21,3
SKU-031,Fast-Charging 65W GaN Wall Adapter,Consumer Electronics,2024-07-15,201,10047.99,4
SKU-031,Fast-Charging 65W GaN Wall Adapter,Consumer Electronics,2024-07-22,130,6498.700000000001,3
SKU-031,Fast-Charging 65W GaN Wall Adapter,Consumer Electronics,2024-07-29,178,8898.22,5
SKU-031,Fast-Charging 65W GaN Wall Adapter,Consumer Electronics,2024-08-05,194,9698.06,4
SKU-031,Fast-Charging 65W GaN Wall Adapter,Consumer Electronics,2024-08-12,171,8548.29,4
SKU-031,Fast-Charging 65W GaN Wall Adapter,Consumer Electronics,2024-08-19,196,9798.04,3
SKU-031,Fast-Charging 65W GaN Wall Adapter,Consumer Electronics,2024-08-26,166,8298.34,5
SKU-031,Fast-Charging 65W GaN Wall Adapter,Consumer Electronics,2024-09-02,171,8548.29,5
SKU-031,Fast-Charging 65W GaN Wall Adapter,Consumer Electronics,2024-09-09,166,8298.34,5
SKU-031,Fast-Charging 65W GaN Wall Adapter,Consumer Electronics,2024-09-16,154,7698.46,4
SKU-031,Fast-Charging 65W GaN Wall Adapter,Consumer Electronics,2024-09-23,164,8198.36,3
SKU-031,Fast-Charging 65W GaN Wall Adapter,Consumer Electronics,2024-09-30,198,9898.02,4
SKU-031,Fast-Charging 65W GaN Wall Adapter,Consumer Electronics,2024-10-07,160,7998.4,4
SKU-031,Fast-Charging 65W GaN Wall Adapter,Consumer Electronics,2024-10-14,161,8048.39,5
SKU-031,Fast-Charging 65W GaN Wall Adapter,Consumer Electronics,2024-10-21,157,7848.43,3
SKU-031,Fast-Charging 65W GaN Wall Adapter,Consumer Electronics,2024-10-28,160,7998.400000000001,5
SKU-031,Fast-Charging 65W GaN Wall Adapter,Consumer Electronics,2024-11-04,286,14297.14,5
SKU-031,Fast-Charging 65W GaN Wall Adapter,Consumer Electronics,2024-11-11,300,14997.0,3
SKU-031,Fast-Charging 65W GaN Wall Adapter,Consumer Electronics,2024-11-18,347,17346.53,4
SKU-031,Fast-Charging 65W GaN Wall Adapter,Consumer Electronics,2024-11-25,317,15846.83,3
SKU-031,Fast-Charging 65W GaN Wall Adapter,Consumer Electronics,2024-12-02,294,14697.06,3
SKU-031,Fast-Charging 65W GaN Wall Adapter,Consumer Electronics,2024-12-09,312,15596.880000000001,4
SKU-031,Fast-Charging 65W GaN Wall Adapter,Consumer Electronics,2024-12-16,271,13547.29,5
SKU-031,Fast-Charging 65W GaN Wall Adapter,Consumer Electronics,2024-12-23,229,11447.71,5
SKU-032,Anti-Fatigue Standing Desk Floor Mat,Office & Productivity,2023-01-02,86,5332,5
SKU-032,Anti-Fatigue Standing Desk Floor Mat,Office & Productivity,2023-01-09,105,6510,5
SKU-032,Anti-Fatigue Standing Desk Floor Mat,Office & Productivity,2023-01-16,103,6386,4
SKU-032,Anti-Fatigue Standing Desk Floor Mat,Office & Productivity,2023-01-23,107,6634,3
SKU-032,Anti-Fatigue Standing Desk Floor Mat,Office & Productivity,2023-01-30,109,6758,5
SKU-032,Anti-Fatigue Standing Desk Floor Mat,Office & Productivity,2023-02-06,126,7812,5
SKU-032,Anti-Fatigue Standing Desk Floor Mat,Office & Productivity,2023-02-13,123,7626,4
SKU-032,Anti-Fatigue Standing Desk Floor Mat,Office & Productivity,2023-02-20,93,5766,3
SKU-032,Anti-Fatigue Standing Desk Floor Mat,Office & Productivity,2023-02-27,114,7068,5
SKU-032,Anti-Fatigue Standing Desk Floor Mat,Office & Productivity,2023-03-06,120,7440,3
SKU-032,Anti-Fatigue Standing Desk Floor Mat,Office & Productivity,2023-03-13,105,6510,3
SKU-032,Anti-Fatigue Standing Desk Floor Mat,Office & Productivity,2023-03-20,125,7750,3
SKU-032,Anti-Fatigue Standing Desk Floor Mat,Office & Productivity,2023-03-27,102,6324,3
SKU-032,Anti-Fatigue Standing Desk Floor Mat,Office & Productivity,2023-04-03,113,7006,3
SKU-032,Anti-Fatigue Standing Desk Floor Mat,Office & Productivity,2023-04-10,109,6758,5
SKU-032,Anti-Fatigue Standing Desk Floor Mat,Office & Productivity,2023-04-17,107,6634,4
SKU-032,Anti-Fatigue Standing Desk Floor Mat,Office & Productivity,2023-04-24,114,7068,5
SKU-032,Anti-Fatigue Standing Desk Floor Mat,Office & Productivity,2023-05-01,110,6820,4
SKU-032,Anti-Fatigue Standing Desk Floor Mat,Office & Productivity,2023-05-08,111,6882,5
SKU-032,Anti-Fatigue Standing Desk Floor Mat,Office & Productivity,2023-05-15,123,7626,4
SKU-032,Anti-Fatigue Standing Desk Floor Mat,Office & Productivity,2023-05-22,116,7192,4
SKU-032,Anti-Fatigue Standing Desk Floor Mat,Office & Productivity,2023-05-29,106,6572,4
SKU-032,Anti-Fatigue Standing Desk Floor Mat,Office & Productivity,2023-06-05,112,6944,5
SKU-032,Anti-Fatigue Standing Desk Floor Mat,Office & Productivity,2023-06-12,100,6200,5
SKU-032,Anti-Fatigue Standing Desk Floor Mat,Office & Productivity,2023-06-19,126,7812,5
SKU-032,Anti-Fatigue Standing Desk Floor Mat,Office & Productivity,2023-06-26,131,8122,5
SKU-032,Anti-Fatigue Standing Desk Floor Mat,Office & Productivity,2023-07-03,101,6262,3
SKU-032,Anti-Fatigue Standing Desk Floor Mat,Office & Productivity,2023-07-10,106,6572,4
SKU-032,Anti-Fatigue Standing Desk Floor Mat,Office & Productivity,2023-07-17,111,6882,4
SKU-032,Anti-Fatigue Standing Desk Floor Mat,Office & Productivity,2023-07-24,119,7378,5
SKU-032,Anti-Fatigue Standing Desk Floor Mat,Office & Productivity,2023-07-31,113,7006,3
SKU-032,Anti-Fatigue Standing Desk Floor Mat,Office & Productivity,2023-08-07,132,8184,4
SKU-032,Anti-Fatigue Standing Desk Floor Mat,Office & Productivity,2023-08-14,113,7006,4
SKU-032,Anti-Fatigue Standing Desk Floor Mat,Office & Productivity,2023-08-21,98,6076,4
SKU-032,Anti-Fatigue Standing Desk Floor Mat,Office & Productivity,2023-08-28,109,6758,4
SKU-032,Anti-Fatigue Standing Desk Floor Mat,Office & Productivity,2023-09-04,111,6882,4
SKU-032,Anti-Fatigue Standing Desk Floor Mat,Office & Productivity,2023-09-11,111,6882,4
SKU-032,Anti-Fatigue Standing Desk Floor Mat,Office & Productivity,2023-09-18,102,6324,5
SKU-032,Anti-Fatigue Standing Desk Floor Mat,Office & Productivity,2023-09-25,93,5766,5
SKU-032,Anti-Fatigue Standing Desk Floor Mat,Office & Productivity,2023-10-02,118,7316,4
SKU-032,Anti-Fatigue Standing Desk Floor Mat,Office & Productivity,2023-10-09,107,6634,4
SKU-032,Anti-Fatigue Standing Desk Floor Mat,Office & Productivity,2023-10-16,118,7316,5
SKU-032,Anti-Fatigue Standing Desk Floor Mat,Office & Productivity,2023-10-23,111,6882,3
SKU-032,Anti-Fatigue Standing Desk Floor Mat,Office & Productivity,2023-10-30,102,6324,4
SKU-032,Anti-Fatigue Standing Desk Floor Mat,Office & Productivity,2023-11-06,104,6448,5
SKU-032,Anti-Fatigue Standing Desk Floor Mat,Office & Productivity,2023-11-13,105,6510,5
SKU-032,Anti-Fatigue Standing Desk Floor Mat,Office & Productivity,2023-11-20,133,8246,5
SKU-032,Anti-Fatigue Standing Desk Floor Mat,Office & Productivity,2023-11-27,124,7688,3
SKU-032,Anti-Fatigue Standing Desk Floor Mat,Office & Productivity,2023-12-04,120,7440,3
SKU-032,Anti-Fatigue Standing Desk Floor Mat,Office & Productivity,2023-12-11,120,7440,5
SKU-032,Anti-Fatigue Standing Desk Floor Mat,Office & Productivity,2023-12-18,118,7316,3
SKU-032,Anti-Fatigue Standing Desk Floor Mat,Office & Productivity,2023-12-25,114,7068,3
SKU-032,Anti-Fatigue Standing Desk Floor Mat,Office & Productivity,2024-01-01,124,7688,5
SKU-032,Anti-Fatigue Standing Desk Floor Mat,Office & Productivity,2024-01-08,125,7750,4
SKU-032,Anti-Fatigue Standing Desk Floor Mat,Office & Productivity,2024-01-15,102,6324,5
SKU-032,Anti-Fatigue Standing Desk Floor Mat,Office & Productivity,2024-01-22,86,5332,3
SKU-032,Anti-Fatigue Standing Desk Floor Mat,Office & Productivity,2024-01-29,127,7874,3
SKU-032,Anti-Fatigue Standing Desk Floor Mat,Office & Productivity,2024-02-05,89,5518,4
SKU-032,Anti-Fatigue Standing Desk Floor Mat,Office & Productivity,2024-02-12,124,7688,5
SKU-032,Anti-Fatigue Standing Desk Floor Mat,Office & Productivity,2024-02-19,123,7626,4
SKU-032,Anti-Fatigue Standing Desk Floor Mat,Office & Productivity,2024-02-26,130,8060,5
SKU-032,Anti-Fatigue Standing Desk Floor Mat,Office & Productivity,2024-03-04,101,6262,3
SKU-032,Anti-Fatigue Standing Desk Floor Mat,Office & Productivity,2024-03-11,132,8184,3
SKU-032,Anti-Fatigue Standing Desk Floor Mat,Office & Productivity,2024-03-18,111,6882,3
SKU-032,Anti-Fatigue Standing Desk Floor Mat,Office & Productivity,2024-03-25,100,6200,3
SKU-032,Anti-Fatigue Standing Desk Floor Mat,Office & Productivity,2024-04-01,102,6324,3
SKU-032,Anti-Fatigue Standing Desk Floor Mat,Office & Productivity,2024-04-08,112,6944,4
SKU-032,Anti-Fatigue Standing Desk Floor Mat,Office & Productivity,2024-04-15,128,7936,4
SKU-032,Anti-Fatigue Standing Desk Floor Mat,Office & Productivity,2024-04-22,135,8370,5
SKU-032,Anti-Fatigue Standing Desk Floor Mat,Office & Productivity,2024-04-29,141,8742,4
SKU-032,Anti-Fatigue Standing Desk Floor Mat,Office & Productivity,2024-05-06,99,6138,3
SKU-032,Anti-Fatigue Standing Desk Floor Mat,Office & Productivity,2024-05-13,120,7440,4
SKU-032,Anti-Fatigue Standing Desk Floor Mat,Office & Productivity,2024-05-20,96,5952,4
SKU-032,Anti-Fatigue Standing Desk Floor Mat,Office & Productivity,2024-05-27,89,5518,5
SKU-032,Anti-Fatigue Standing Desk Floor Mat,Office & Productivity,2024-06-03,111,6882,4
SKU-032,Anti-Fatigue Standing Desk Floor Mat,Office & Productivity,2024-06-10,134,8308,5
SKU-032,Anti-Fatigue Standing Desk Floor Mat,Office & Productivity,2024-06-17,108,6696,5
SKU-032,Anti-Fatigue Standing Desk Floor Mat,Office & Productivity,2024-06-24,124,7688,5
SKU-032,Anti-Fatigue Standing Desk Floor Mat,Office & Productivity,2024-07-01,128,7936,4
SKU-032,Anti-Fatigue Standing Desk Floor Mat,Office & Productivity,2024-07-08,111,6882,4
SKU-032,Anti-Fatigue Standing Desk Floor Mat,Office & Productivity,2024-07-15,107,6634,3
SKU-032,Anti-Fatigue Standing Desk Floor Mat,Office & Productivity,2024-07-22,116,7192,3
SKU-032,Anti-Fatigue Standing Desk Floor Mat,Office & Productivity,2024-07-29,91,5642,4
SKU-032,Anti-Fatigue Standing Desk Floor Mat,Office & Productivity,2024-08-05,112,6944,5
SKU-032,Anti-Fatigue Standing Desk Floor Mat,Office & Productivity,2024-08-12,139,8618,5
SKU-032,Anti-Fatigue Standing Desk Floor Mat,Office & Productivity,2024-08-19,122,7564,5
SKU-032,Anti-Fatigue Standing Desk Floor Mat,Office & Productivity,2024-08-26,126,7812,4
SKU-032,Anti-Fatigue Standing Desk Floor Mat,Office & Productivity,2024-09-02,96,5952,4
SKU-032,Anti-Fatigue Standing Desk Floor Mat,Office & Productivity,2024-09-09,90,5580,3
SKU-032,Anti-Fatigue Standing Desk Floor Mat,Office & Productivity,2024-09-16,145,8990,5
SKU-032,Anti-Fatigue Standing Desk Floor Mat,Office & Productivity,2024-09-23,128,7936,3
SKU-032,Anti-Fatigue Standing Desk Floor Mat,Office & Productivity,2024-09-30,101,6262,4
SKU-032,Anti-Fatigue Standing Desk Floor Mat,Office & Productivity,2024-10-07,104,6448,3
SKU-032,Anti-Fatigue Standing Desk Floor Mat,Office & Productivity,2024-10-14,124,7688,3
SKU-032,Anti-Fatigue Standing Desk Floor Mat,Office & Productivity,2024-10-21,108,6696,3
SKU-032,Anti-Fatigue Standing Desk Floor Mat,Office & Productivity,2024-10-28,96,5952,3
SKU-032,Anti-Fatigue Standing Desk Floor Mat,Office & Productivity,2024-11-04,107,6634,3
SKU-032,Anti-Fatigue Standing Desk Floor Mat,Office & Productivity,2024-11-11,121,7502,4
SKU-032,Anti-Fatigue Standing Desk Floor Mat,Office & Productivity,2024-11-18,103,6386,3
SKU-032,Anti-Fatigue Standing Desk Floor Mat,Office & Productivity,2024-11-25,117,7254,5
SKU-032,Anti-Fatigue Standing Desk Floor Mat,Office & Productivity,2024-12-02,112,6944,3
SKU-032,Anti-Fatigue Standing Desk Floor Mat,Office & Productivity,2024-12-09,101,6262,4
SKU-032,Anti-Fatigue Standing Desk Floor Mat,Office & Productivity,2024-12-16,120,7440,4
SKU-032,Anti-Fatigue Standing Desk Floor Mat,Office & Productivity,2024-12-23,124,7688,3
SKU-033,Cast Iron Dutch Oven 6-Quart Enameled,Home & Kitchen,2023-01-02,61,5489.389999999999,3
SKU-033,Cast Iron Dutch Oven 6-Quart Enameled,Home & Kitchen,2023-01-09,75,6749.25,5
SKU-033,Cast Iron Dutch Oven 6-Quart Enameled,Home & Kitchen,2023-01-16,96,8639.039999999999,5
SKU-033,Cast Iron Dutch Oven 6-Quart Enameled,Home & Kitchen,2023-01-23,96,8639.04,5
SKU-033,Cast Iron Dutch Oven 6-Quart Enameled,Home & Kitchen,2023-01-30,69,6209.3099999999995,5
SKU-033,Cast Iron Dutch Oven 6-Quart Enameled,Home & Kitchen,2023-02-06,102,9178.98,4
SKU-033,Cast Iron Dutch Oven 6-Quart Enameled,Home & Kitchen,2023-02-13,61,5489.39,3
SKU-033,Cast Iron Dutch Oven 6-Quart Enameled,Home & Kitchen,2023-02-20,88,7919.12,5
SKU-033,Cast Iron Dutch Oven 6-Quart Enameled,Home & Kitchen,2023-02-27,102,9178.98,4
SKU-033,Cast Iron Dutch Oven 6-Quart Enameled,Home & Kitchen,2023-03-06,85,7649.150000000001,4
SKU-033,Cast Iron Dutch Oven 6-Quart Enameled,Home & Kitchen,2023-03-13,84,7559.16,4
SKU-033,Cast Iron Dutch Oven 6-Quart Enameled,Home & Kitchen,2023-03-20,88,7919.12,4
SKU-033,Cast Iron Dutch Oven 6-Quart Enameled,Home & Kitchen,2023-03-27,94,8459.06,4
SKU-033,Cast Iron Dutch Oven 6-Quart Enameled,Home & Kitchen,2023-04-03,84,7559.16,4
SKU-033,Cast Iron Dutch Oven 6-Quart Enameled,Home & Kitchen,2023-04-10,80,7199.2,4
SKU-033,Cast Iron Dutch Oven 6-Quart Enameled,Home & Kitchen,2023-04-17,79,7109.21,3
SKU-033,Cast Iron Dutch Oven 6-Quart Enameled,Home & Kitchen,2023-04-24,72,6479.28,5
SKU-033,Cast Iron Dutch Oven 6-Quart Enameled,Home & Kitchen,2023-05-01,87,7829.129999999999,5
SKU-033,Cast Iron Dutch Oven 6-Quart Enameled,Home & Kitchen,2023-05-08,93,8369.07,4
SKU-033,Cast Iron Dutch Oven 6-Quart Enameled,Home & Kitchen,2023-05-15,106,9538.94,3
SKU-033,Cast Iron Dutch Oven 6-Quart Enameled,Home & Kitchen,2023-05-22,108,9718.92,3
SKU-033,Cast Iron Dutch Oven 6-Quart Enameled,Home & Kitchen,2023-05-29,75,6749.25,3
SKU-033,Cast Iron Dutch Oven 6-Quart Enameled,Home & Kitchen,2023-06-05,72,6479.28,5
SKU-033,Cast Iron Dutch Oven 6-Quart Enameled,Home & Kitchen,2023-06-12,95,8549.05,3
SKU-033,Cast Iron Dutch Oven 6-Quart Enameled,Home & Kitchen,2023-06-19,92,8279.08,4
SKU-033,Cast Iron Dutch Oven 6-Quart Enameled,Home & Kitchen,2023-06-26,76,6839.24,3
SKU-033,Cast Iron Dutch Oven 6-Quart Enameled,Home & Kitchen,2023-07-03,75,6749.25,5
SKU-033,Cast Iron Dutch Oven 6-Quart Enameled,Home & Kitchen,2023-07-10,97,8729.03,3
SKU-033,Cast Iron Dutch Oven 6-Quart Enameled,Home & Kitchen,2023-07-17,94,8459.06,5
SKU-033,Cast Iron Dutch Oven 6-Quart Enameled,Home & Kitchen,2023-07-24,81,7289.19,4
SKU-033,Cast Iron Dutch Oven 6-Quart Enameled,Home & Kitchen,2023-07-31,81,7289.19,4
SKU-033,Cast Iron Dutch Oven 6-Quart Enameled,Home & Kitchen,2023-08-07,90,8099.099999999999,5
SKU-033,Cast Iron Dutch Oven 6-Quart Enameled,Home & Kitchen,2023-08-14,86,7739.14,3
SKU-033,Cast Iron Dutch Oven 6-Quart Enameled,Home & Kitchen,2023-08-21,91,8189.09,4
SKU-033,Cast Iron Dutch Oven 6-Quart Enameled,Home & Kitchen,2023-08-28,108,9718.92,5
SKU-033,Cast Iron Dutch Oven 6-Quart Enameled,Home & Kitchen,2023-09-04,95,8549.05,3
SKU-033,Cast Iron Dutch Oven 6-Quart Enameled,Home & Kitchen,2023-09-11,96,8639.039999999999,5
SKU-033,Cast Iron Dutch Oven 6-Quart Enameled,Home & Kitchen,2023-09-18,89,8009.11,5
SKU-033,Cast Iron Dutch Oven 6-Quart Enameled,Home & Kitchen,2023-09-25,75,6749.25,3
SKU-033,Cast Iron Dutch Oven 6-Quart Enameled,Home & Kitchen,2023-10-02,80,7199.2,3
SKU-033,Cast Iron Dutch Oven 6-Quart Enameled,Home & Kitchen,2023-10-09,77,6929.23,3
SKU-033,Cast Iron Dutch Oven 6-Quart Enameled,Home & Kitchen,2023-10-16,98,8819.02,3
SKU-033,Cast Iron Dutch Oven 6-Quart Enameled,Home & Kitchen,2023-10-23,83,7469.17,5
SKU-033,Cast Iron Dutch Oven 6-Quart Enameled,Home & Kitchen,2023-10-30,105,9448.95,3
SKU-033,Cast Iron Dutch Oven 6-Quart Enameled,Home & Kitchen,2023-11-06,82,7379.18,4
SKU-033,Cast Iron Dutch Oven 6-Quart Enameled,Home & Kitchen,2023-11-13,95,8549.05,3
SKU-033,Cast Iron Dutch Oven 6-Quart Enameled,Home & Kitchen,2023-11-20,91,8189.09,4
SKU-033,Cast Iron Dutch Oven 6-Quart Enameled,Home & Kitchen,2023-11-27,79,7109.209999999999,4
SKU-033,Cast Iron Dutch Oven 6-Quart Enameled,Home & Kitchen,2023-12-04,67,6029.33,4
SKU-033,Cast Iron Dutch Oven 6-Quart Enameled,Home & Kitchen,2023-12-11,80,7199.2,4
SKU-033,Cast Iron Dutch Oven 6-Quart Enameled,Home & Kitchen,2023-12-18,81,7289.19,3
SKU-033,Cast Iron Dutch Oven 6-Quart Enameled,Home & Kitchen,2023-12-25,101,9088.99,3
SKU-033,Cast Iron Dutch Oven 6-Quart Enameled,Home & Kitchen,2024-01-01,73,6569.2699999999995,5
SKU-033,Cast Iron Dutch Oven 6-Quart Enameled,Home & Kitchen,2024-01-08,83,7469.17,5
SKU-033,Cast Iron Dutch Oven 6-Quart Enameled,Home & Kitchen,2024-01-15,85,7649.15,3
SKU-033,Cast Iron Dutch Oven 6-Quart Enameled,Home & Kitchen,2024-01-22,94,8459.06,4
SKU-033,Cast Iron Dutch Oven 6-Quart Enameled,Home & Kitchen,2024-01-29,97,8729.029999999999,5
SKU-033,Cast Iron Dutch Oven 6-Quart Enameled,Home & Kitchen,2024-02-05,103,9268.970000000001,3
SKU-033,Cast Iron Dutch Oven 6-Quart Enameled,Home & Kitchen,2024-02-12,57,5129.429999999999,4
SKU-033,Cast Iron Dutch Oven 6-Quart Enameled,Home & Kitchen,2024-02-19,77,6929.23,3
SKU-033,Cast Iron Dutch Oven 6-Quart Enameled,Home & Kitchen,2024-02-26,87,7829.13,5
SKU-033,Cast Iron Dutch Oven 6-Quart Enameled,Home & Kitchen,2024-03-04,90,8099.1,3
SKU-033,Cast Iron Dutch Oven 6-Quart Enameled,Home & Kitchen,2024-03-11,98,8819.02,5
SKU-033,Cast Iron Dutch Oven 6-Quart Enameled,Home & Kitchen,2024-03-18,91,8189.09,5
SKU-033,Cast Iron Dutch Oven 6-Quart Enameled,Home & Kitchen,2024-03-25,59,5309.41,5
SKU-033,Cast Iron Dutch Oven 6-Quart Enameled,Home & Kitchen,2024-04-01,76,6839.24,3
SKU-033,Cast Iron Dutch Oven 6-Quart Enameled,Home & Kitchen,2024-04-08,78,7019.219999999999,4
SKU-033,Cast Iron Dutch Oven 6-Quart Enameled,Home & Kitchen,2024-04-15,81,7289.19,5
SKU-033,Cast Iron Dutch Oven 6-Quart Enameled,Home & Kitchen,2024-04-22,91,8189.089999999999,5
SKU-033,Cast Iron Dutch Oven 6-Quart Enameled,Home & Kitchen,2024-04-29,69,6209.3099999999995,5
SKU-033,Cast Iron Dutch Oven 6-Quart Enameled,Home & Kitchen,2024-05-06,93,8369.07,5
SKU-033,Cast Iron Dutch Oven 6-Quart Enameled,Home & Kitchen,2024-05-13,87,7829.13,4
SKU-033,Cast Iron Dutch Oven 6-Quart Enameled,Home & Kitchen,2024-05-20,85,7649.15,5
SKU-033,Cast Iron Dutch Oven 6-Quart Enameled,Home & Kitchen,2024-05-27,82,7379.179999999999,3
SKU-033,Cast Iron Dutch Oven 6-Quart Enameled,Home & Kitchen,2024-06-03,73,6569.27,3
SKU-033,Cast Iron Dutch Oven 6-Quart Enameled,Home & Kitchen,2024-06-10,93,8369.07,3
SKU-033,Cast Iron Dutch Oven 6-Quart Enameled,Home & Kitchen,2024-06-17,93,8369.07,5
SKU-033,Cast Iron Dutch Oven 6-Quart Enameled,Home & Kitchen,2024-06-24,86,7739.139999999999,4
SKU-033,Cast Iron Dutch Oven 6-Quart Enameled,Home & Kitchen,2024-07-01,86,7739.14,3
SKU-033,Cast Iron Dutch Oven 6-Quart Enameled,Home & Kitchen,2024-07-08,84,7559.16,3
SKU-033,Cast Iron Dutch Oven 6-Quart Enameled,Home & Kitchen,2024-07-15,82,7379.18,4
SKU-033,Cast Iron Dutch Oven 6-Quart Enameled,Home & Kitchen,2024-07-22,80,7199.2,3
SKU-033,Cast Iron Dutch Oven 6-Quart Enameled,Home & Kitchen,2024-07-29,81,7289.1900000000005,4
SKU-033,Cast Iron Dutch Oven 6-Quart Enameled,Home & Kitchen,2024-08-05,84,7559.16,4
SKU-033,Cast Iron Dutch Oven 6-Quart Enameled,Home & Kitchen,2024-08-12,99,8909.01,3
SKU-033,Cast Iron Dutch Oven 6-Quart Enameled,Home & Kitchen,2024-08-19,79,7109.21,5
SKU-033,Cast Iron Dutch Oven 6-Quart Enameled,Home & Kitchen,2024-08-26,86,7739.139999999999,4
SKU-033,Cast Iron Dutch Oven 6-Quart Enameled,Home & Kitchen,2024-09-02,82,7379.179999999999,4
SKU-033,Cast Iron Dutch Oven 6-Quart Enameled,Home & Kitchen,2024-09-09,89,8009.11,3
SKU-033,Cast Iron Dutch Oven 6-Quart Enameled,Home & Kitchen,2024-09-16,89,8009.11,5
SKU-033,Cast Iron Dutch Oven 6-Quart Enameled,Home & Kitchen,2024-09-23,80,7199.2,4
SKU-033,Cast Iron Dutch Oven 6-Quart Enameled,Home & Kitchen,2024-09-30,66,5939.34,3
SKU-033,Cast Iron Dutch Oven 6-Quart Enameled,Home & Kitchen,2024-10-07,92,8279.08,3
SKU-033,Cast Iron Dutch Oven 6-Quart Enameled,Home & Kitchen,2024-10-14,80,7199.200000000001,3
SKU-033,Cast Iron Dutch Oven 6-Quart Enameled,Home & Kitchen,2024-10-21,96,8639.039999999999,5
SKU-033,Cast Iron Dutch Oven 6-Quart Enameled,Home & Kitchen,2024-10-28,71,6389.29,3
SKU-033,Cast Iron Dutch Oven 6-Quart Enameled,Home & Kitchen,2024-11-04,92,8279.08,5
SKU-033,Cast Iron Dutch Oven 6-Quart Enameled,Home & Kitchen,2024-11-11,80,7199.2,4
SKU-033,Cast Iron Dutch Oven 6-Quart Enameled,Home & Kitchen,2024-11-18,101,9088.99,3
SKU-033,Cast Iron Dutch Oven 6-Quart Enameled,Home & Kitchen,2024-11-25,90,8099.1,3
SKU-033,Cast Iron Dutch Oven 6-Quart Enameled,Home & Kitchen,2024-12-02,81,7289.19,3
SKU-033,Cast Iron Dutch Oven 6-Quart Enameled,Home & Kitchen,2024-12-09,100,8999.0,4
SKU-033,Cast Iron Dutch Oven 6-Quart Enameled,Home & Kitchen,2024-12-16,86,7739.139999999999,3
SKU-033,Cast Iron Dutch Oven 6-Quart Enameled,Home & Kitchen,2024-12-23,92,8279.08,4
SKU-034,Ultra-Thick Non-Slip Yoga Mat 6mm,Outdoor & Sports,2023-01-02,192,9216,4
SKU-034,Ultra-Thick Non-Slip Yoga Mat 6mm,Outdoor & Sports,2023-01-09,215,10320,5
SKU-034,Ultra-Thick Non-Slip Yoga Mat 6mm,Outdoor & Sports,2023-01-16,240,11520,4
SKU-034,Ultra-Thick Non-Slip Yoga Mat 6mm,Outdoor & Sports,2023-01-23,222,10656,3
SKU-034,Ultra-Thick Non-Slip Yoga Mat 6mm,Outdoor & Sports,2023-01-30,233,11184,5
SKU-034,Ultra-Thick Non-Slip Yoga Mat 6mm,Outdoor & Sports,2023-02-06,230,11040,4
SKU-034,Ultra-Thick Non-Slip Yoga Mat 6mm,Outdoor & Sports,2023-02-13,208,9984,5
SKU-034,Ultra-Thick Non-Slip Yoga Mat 6mm,Outdoor & Sports,2023-02-20,221,10608,4
SKU-034,Ultra-Thick Non-Slip Yoga Mat 6mm,Outdoor & Sports,2023-02-27,237,11376,3
SKU-034,Ultra-Thick Non-Slip Yoga Mat 6mm,Outdoor & Sports,2023-03-06,124,5952,4
SKU-034,Ultra-Thick Non-Slip Yoga Mat 6mm,Outdoor & Sports,2023-03-13,136,6528,4
SKU-034,Ultra-Thick Non-Slip Yoga Mat 6mm,Outdoor & Sports,2023-03-20,158,7584,3
SKU-034,Ultra-Thick Non-Slip Yoga Mat 6mm,Outdoor & Sports,2023-03-27,134,6432,3
SKU-034,Ultra-Thick Non-Slip Yoga Mat 6mm,Outdoor & Sports,2023-04-03,125,6000,4
SKU-034,Ultra-Thick Non-Slip Yoga Mat 6mm,Outdoor & Sports,2023-04-10,120,5760,5
SKU-034,Ultra-Thick Non-Slip Yoga Mat 6mm,Outdoor & Sports,2023-04-17,151,7248,4
SKU-034,Ultra-Thick Non-Slip Yoga Mat 6mm,Outdoor & Sports,2023-04-24,130,6240,5
SKU-034,Ultra-Thick Non-Slip Yoga Mat 6mm,Outdoor & Sports,2023-05-01,129,6192,4
SKU-034,Ultra-Thick Non-Slip Yoga Mat 6mm,Outdoor & Sports,2023-05-08,139,6672,4
SKU-034,Ultra-Thick Non-Slip Yoga Mat 6mm,Outdoor & Sports,2023-05-15,110,5280,3
SKU-034,Ultra-Thick Non-Slip Yoga Mat 6mm,Outdoor & Sports,2023-05-22,126,6048,3
SKU-034,Ultra-Thick Non-Slip Yoga Mat 6mm,Outdoor & Sports,2023-05-29,137,6576,5
SKU-034,Ultra-Thick Non-Slip Yoga Mat 6mm,Outdoor & Sports,2023-06-05,131,6288,3
SKU-034,Ultra-Thick Non-Slip Yoga Mat 6mm,Outdoor & Sports,2023-06-12,118,5664,3
SKU-034,Ultra-Thick Non-Slip Yoga Mat 6mm,Outdoor & Sports,2023-06-19,135,6480,5
SKU-034,Ultra-Thick Non-Slip Yoga Mat 6mm,Outdoor & Sports,2023-06-26,139,6672,3
SKU-034,Ultra-Thick Non-Slip Yoga Mat 6mm,Outdoor & Sports,2023-07-03,130,6240,3
SKU-034,Ultra-Thick Non-Slip Yoga Mat 6mm,Outdoor & Sports,2023-07-10,150,7200,3
SKU-034,Ultra-Thick Non-Slip Yoga Mat 6mm,Outdoor & Sports,2023-07-17,146,7008,5
SKU-034,Ultra-Thick Non-Slip Yoga Mat 6mm,Outdoor & Sports,2023-07-24,122,5856,4
SKU-034,Ultra-Thick Non-Slip Yoga Mat 6mm,Outdoor & Sports,2023-07-31,148,7104,3
SKU-034,Ultra-Thick Non-Slip Yoga Mat 6mm,Outdoor & Sports,2023-08-07,124,5952,4
SKU-034,Ultra-Thick Non-Slip Yoga Mat 6mm,Outdoor & Sports,2023-08-14,156,7488,4
SKU-034,Ultra-Thick Non-Slip Yoga Mat 6mm,Outdoor & Sports,2023-08-21,112,5376,3
SKU-034,Ultra-Thick Non-Slip Yoga Mat 6mm,Outdoor & Sports,2023-08-28,146,7008,5
SKU-034,Ultra-Thick Non-Slip Yoga Mat 6mm,Outdoor & Sports,2023-09-04,127,6096,5
SKU-034,Ultra-Thick Non-Slip Yoga Mat 6mm,Outdoor & Sports,2023-09-11,155,7440,3
SKU-034,Ultra-Thick Non-Slip Yoga Mat 6mm,Outdoor & Sports,2023-09-18,98,4704,5
SKU-034,Ultra-Thick Non-Slip Yoga Mat 6mm,Outdoor & Sports,2023-09-25,150,7200,3
SKU-034,Ultra-Thick Non-Slip Yoga Mat 6mm,Outdoor & Sports,2023-10-02,121,5808,3
SKU-034,Ultra-Thick Non-Slip Yoga Mat 6mm,Outdoor & Sports,2023-10-09,97,4656,4
SKU-034,Ultra-Thick Non-Slip Yoga Mat 6mm,Outdoor & Sports,2023-10-16,145,6960,3
SKU-034,Ultra-Thick Non-Slip Yoga Mat 6mm,Outdoor & Sports,2023-10-23,142,6816,4
SKU-034,Ultra-Thick Non-Slip Yoga Mat 6mm,Outdoor & Sports,2023-10-30,121,5808,5
SKU-034,Ultra-Thick Non-Slip Yoga Mat 6mm,Outdoor & Sports,2023-11-06,175,8400,3
SKU-034,Ultra-Thick Non-Slip Yoga Mat 6mm,Outdoor & Sports,2023-11-13,209,10032,5
SKU-034,Ultra-Thick Non-Slip Yoga Mat 6mm,Outdoor & Sports,2023-11-20,164,7872,3
SKU-034,Ultra-Thick Non-Slip Yoga Mat 6mm,Outdoor & Sports,2023-11-27,189,9072,5
SKU-034,Ultra-Thick Non-Slip Yoga Mat 6mm,Outdoor & Sports,2023-12-04,201,9648,3
SKU-034,Ultra-Thick Non-Slip Yoga Mat 6mm,Outdoor & Sports,2023-12-11,205,9840,3
SKU-034,Ultra-Thick Non-Slip Yoga Mat 6mm,Outdoor & Sports,2023-12-18,198,9504,3
SKU-034,Ultra-Thick Non-Slip Yoga Mat 6mm,Outdoor & Sports,2023-12-25,198,9504,5
SKU-034,Ultra-Thick Non-Slip Yoga Mat 6mm,Outdoor & Sports,2024-01-01,222,10656,5
SKU-034,Ultra-Thick Non-Slip Yoga Mat 6mm,Outdoor & Sports,2024-01-08,251,12048,4
SKU-034,Ultra-Thick Non-Slip Yoga Mat 6mm,Outdoor & Sports,2024-01-15,224,10752,4
SKU-034,Ultra-Thick Non-Slip Yoga Mat 6mm,Outdoor & Sports,2024-01-22,241,11568,4
SKU-034,Ultra-Thick Non-Slip Yoga Mat 6mm,Outdoor & Sports,2024-01-29,271,13008,3
SKU-034,Ultra-Thick Non-Slip Yoga Mat 6mm,Outdoor & Sports,2024-02-05,204,9792,3
SKU-034,Ultra-Thick Non-Slip Yoga Mat 6mm,Outdoor & Sports,2024-02-12,239,11472,5
SKU-034,Ultra-Thick Non-Slip Yoga Mat 6mm,Outdoor & Sports,2024-02-19,217,10416,5
SKU-034,Ultra-Thick Non-Slip Yoga Mat 6mm,Outdoor & Sports,2024-02-26,258,12384,3
SKU-034,Ultra-Thick Non-Slip Yoga Mat 6mm,Outdoor & Sports,2024-03-04,146,7008,4
SKU-034,Ultra-Thick Non-Slip Yoga Mat 6mm,Outdoor & Sports,2024-03-11,142,6816,5
SKU-034,Ultra-Thick Non-Slip Yoga Mat 6mm,Outdoor & Sports,2024-03-18,143,6864,5
SKU-034,Ultra-Thick Non-Slip Yoga Mat 6mm,Outdoor & Sports,2024-03-25,177,8496,5
SKU-034,Ultra-Thick Non-Slip Yoga Mat 6mm,Outdoor & Sports,2024-04-01,150,7200,3
SKU-034,Ultra-Thick Non-Slip Yoga Mat 6mm,Outdoor & Sports,2024-04-08,116,5568,4
SKU-034,Ultra-Thick Non-Slip Yoga Mat 6mm,Outdoor & Sports,2024-04-15,135,6480,3
SKU-034,Ultra-Thick Non-Slip Yoga Mat 6mm,Outdoor & Sports,2024-04-22,117,5616,4
SKU-034,Ultra-Thick Non-Slip Yoga Mat 6mm,Outdoor & Sports,2024-04-29,129,6192,3
SKU-034,Ultra-Thick Non-Slip Yoga Mat 6mm,Outdoor & Sports,2024-05-06,138,6624,5
SKU-034,Ultra-Thick Non-Slip Yoga Mat 6mm,Outdoor & Sports,2024-05-13,142,6816,3
SKU-034,Ultra-Thick Non-Slip Yoga Mat 6mm,Outdoor & Sports,2024-05-20,145,6960,5
SKU-034,Ultra-Thick Non-Slip Yoga Mat 6mm,Outdoor & Sports,2024-05-27,139,6672,3
SKU-034,Ultra-Thick Non-Slip Yoga Mat 6mm,Outdoor & Sports,2024-06-03,158,7584,4
SKU-034,Ultra-Thick Non-Slip Yoga Mat 6mm,Outdoor & Sports,2024-06-10,156,7488,3
SKU-034,Ultra-Thick Non-Slip Yoga Mat 6mm,Outdoor & Sports,2024-06-17,130,6240,3
SKU-034,Ultra-Thick Non-Slip Yoga Mat 6mm,Outdoor & Sports,2024-06-24,136,6528,4
SKU-034,Ultra-Thick Non-Slip Yoga Mat 6mm,Outdoor & Sports,2024-07-01,137,6576,4
SKU-034,Ultra-Thick Non-Slip Yoga Mat 6mm,Outdoor & Sports,2024-07-08,135,6480,3
SKU-034,Ultra-Thick Non-Slip Yoga Mat 6mm,Outdoor & Sports,2024-07-15,148,7104,3
SKU-034,Ultra-Thick Non-Slip Yoga Mat 6mm,Outdoor & Sports,2024-07-22,146,7008,5
SKU-034,Ultra-Thick Non-Slip Yoga Mat 6mm,Outdoor & Sports,2024-07-29,140,6720,5
SKU-034,Ultra-Thick Non-Slip Yoga Mat 6mm,Outdoor & Sports,2024-08-05,161,7728,3
SKU-034,Ultra-Thick Non-Slip Yoga Mat 6mm,Outdoor & Sports,2024-08-12,112,5376,5
SKU-034,Ultra-Thick Non-Slip Yoga Mat 6mm,Outdoor & Sports,2024-08-19,127,6096,4
SKU-034,Ultra-Thick Non-Slip Yoga Mat 6mm,Outdoor & Sports,2024-08-26,141,6768,4
SKU-034,Ultra-Thick Non-Slip Yoga Mat 6mm,Outdoor & Sports,2024-09-02,141,6768,4
SKU-034,Ultra-Thick Non-Slip Yoga Mat 6mm,Outdoor & Sports,2024-09-09,118,5664,5
SKU-034,Ultra-Thick Non-Slip Yoga Mat 6mm,Outdoor & Sports,2024-09-16,120,5760,4
SKU-034,Ultra-Thick Non-Slip Yoga Mat 6mm,Outdoor & Sports,2024-09-23,126,6048,3
SKU-034,Ultra-Thick Non-Slip Yoga Mat 6mm,Outdoor & Sports,2024-09-30,165,7920,3
SKU-034,Ultra-Thick Non-Slip Yoga Mat 6mm,Outdoor & Sports,2024-10-07,129,6192,5
SKU-034,Ultra-Thick Non-Slip Yoga Mat 6mm,Outdoor & Sports,2024-10-14,148,7104,5
SKU-034,Ultra-Thick Non-Slip Yoga Mat 6mm,Outdoor & Sports,2024-10-21,141,6768,3
SKU-034,Ultra-Thick Non-Slip Yoga Mat 6mm,Outdoor & Sports,2024-10-28,156,7488,5
SKU-034,Ultra-Thick Non-Slip Yoga Mat 6mm,Outdoor & Sports,2024-11-04,224,10752,5
SKU-034,Ultra-Thick Non-Slip Yoga Mat 6mm,Outdoor & Sports,2024-11-11,182,8736,5
SKU-034,Ultra-Thick Non-Slip Yoga Mat 6mm,Outdoor & Sports,2024-11-18,194,9312,5
SKU-034,Ultra-Thick Non-Slip Yoga Mat 6mm,Outdoor & Sports,2024-11-25,180,8640,4
SKU-034,Ultra-Thick Non-Slip Yoga Mat 6mm,Outdoor & Sports,2024-12-02,227,10896,3
SKU-034,Ultra-Thick Non-Slip Yoga Mat 6mm,Outdoor & Sports,2024-12-09,198,9504,3
SKU-034,Ultra-Thick Non-Slip Yoga Mat 6mm,Outdoor & Sports,2024-12-16,199,9552,4
SKU-034,Ultra-Thick Non-Slip Yoga Mat 6mm,Outdoor & Sports,2024-12-23,213,10224,5
SKU-035,Moisture-Wicking Athletic Running Socks 3pk,Apparel & Footwear,2023-01-02,301,6622,4
SKU-035,Moisture-Wicking Athletic Running Socks 3pk,Apparel & Footwear,2023-01-09,303,6666,5
SKU-035,Moisture-Wicking Athletic Running Socks 3pk,Apparel & Footwear,2023-01-16,282,6204,5
SKU-035,Moisture-Wicking Athletic Running Socks 3pk,Apparel & Footwear,2023-01-23,297,6534,3
SKU-035,Moisture-Wicking Athletic Running Socks 3pk,Apparel & Footwear,2023-01-30,285,6270,3
SKU-035,Moisture-Wicking Athletic Running Socks 3pk,Apparel & Footwear,2023-02-06,337,7414,4
SKU-035,Moisture-Wicking Athletic Running Socks 3pk,Apparel & Footwear,2023-02-13,308,6776,4
SKU-035,Moisture-Wicking Athletic Running Socks 3pk,Apparel & Footwear,2023-02-20,268,5896,4
SKU-035,Moisture-Wicking Athletic Running Socks 3pk,Apparel & Footwear,2023-02-27,305,6710,4
SKU-035,Moisture-Wicking Athletic Running Socks 3pk,Apparel & Footwear,2023-03-06,319,7018,4
SKU-035,Moisture-Wicking Athletic Running Socks 3pk,Apparel & Footwear,2023-03-13,283,6226,3
SKU-035,Moisture-Wicking Athletic Running Socks 3pk,Apparel & Footwear,2023-03-20,302,6644,4
SKU-035,Moisture-Wicking Athletic Running Socks 3pk,Apparel & Footwear,2023-03-27,351,7722,3
SKU-035,Moisture-Wicking Athletic Running Socks 3pk,Apparel & Footwear,2023-04-03,276,6072,3
SKU-035,Moisture-Wicking Athletic Running Socks 3pk,Apparel & Footwear,2023-04-10,347,7634,4
SKU-035,Moisture-Wicking Athletic Running Socks 3pk,Apparel & Footwear,2023-04-17,304,6688,3
SKU-035,Moisture-Wicking Athletic Running Socks 3pk,Apparel & Footwear,2023-04-24,293,6446,4
SKU-035,Moisture-Wicking Athletic Running Socks 3pk,Apparel & Footwear,2023-05-01,297,6534,4
SKU-035,Moisture-Wicking Athletic Running Socks 3pk,Apparel & Footwear,2023-05-08,316,6952,3
SKU-035,Moisture-Wicking Athletic Running Socks 3pk,Apparel & Footwear,2023-05-15,293,6446,4
SKU-035,Moisture-Wicking Athletic Running Socks 3pk,Apparel & Footwear,2023-05-22,299,6578,5
SKU-035,Moisture-Wicking Athletic Running Socks 3pk,Apparel & Footwear,2023-05-29,270,5940,3
SKU-035,Moisture-Wicking Athletic Running Socks 3pk,Apparel & Footwear,2023-06-05,292,6424,5
SKU-035,Moisture-Wicking Athletic Running Socks 3pk,Apparel & Footwear,2023-06-12,295,6490,4
SKU-035,Moisture-Wicking Athletic Running Socks 3pk,Apparel & Footwear,2023-06-19,315,6930,5
SKU-035,Moisture-Wicking Athletic Running Socks 3pk,Apparel & Footwear,2023-06-26,286,6292,4
SKU-035,Moisture-Wicking Athletic Running Socks 3pk,Apparel & Footwear,2023-07-03,308,6776,5
SKU-035,Moisture-Wicking Athletic Running Socks 3pk,Apparel & Footwear,2023-07-10,277,6094,4
SKU-035,Moisture-Wicking Athletic Running Socks 3pk,Apparel & Footwear,2023-07-17,274,6028,3
SKU-035,Moisture-Wicking Athletic Running Socks 3pk,Apparel & Footwear,2023-07-24,282,6204,3
SKU-035,Moisture-Wicking Athletic Running Socks 3pk,Apparel & Footwear,2023-07-31,316,6952,3
SKU-035,Moisture-Wicking Athletic Running Socks 3pk,Apparel & Footwear,2023-08-07,291,6402,5
SKU-035,Moisture-Wicking Athletic Running Socks 3pk,Apparel & Footwear,2023-08-14,308,6776,4
SKU-035,Moisture-Wicking Athletic Running Socks 3pk,Apparel & Footwear,2023-08-21,305,6710,3
SKU-035,Moisture-Wicking Athletic Running Socks 3pk,Apparel & Footwear,2023-08-28,263,5786,5
SKU-035,Moisture-Wicking Athletic Running Socks 3pk,Apparel & Footwear,2023-09-04,280,6160,4
SKU-035,Moisture-Wicking Athletic Running Socks 3pk,Apparel & Footwear,2023-09-11,280,6160,4
SKU-035,Moisture-Wicking Athletic Running Socks 3pk,Apparel & Footwear,2023-09-18,295,6490,4
SKU-035,Moisture-Wicking Athletic Running Socks 3pk,Apparel & Footwear,2023-09-25,287,6314,5
SKU-035,Moisture-Wicking Athletic Running Socks 3pk,Apparel & Footwear,2023-10-02,321,7062,4
SKU-035,Moisture-Wicking Athletic Running Socks 3pk,Apparel & Footwear,2023-10-09,305,6710,5
SKU-035,Moisture-Wicking Athletic Running Socks 3pk,Apparel & Footwear,2023-10-16,279,6138,4
SKU-035,Moisture-Wicking Athletic Running Socks 3pk,Apparel & Footwear,2023-10-23,315,6930,5
SKU-035,Moisture-Wicking Athletic Running Socks 3pk,Apparel & Footwear,2023-10-30,291,6402,5
SKU-035,Moisture-Wicking Athletic Running Socks 3pk,Apparel & Footwear,2023-11-06,293,6446,4
SKU-035,Moisture-Wicking Athletic Running Socks 3pk,Apparel & Footwear,2023-11-13,310,6820,4
SKU-035,Moisture-Wicking Athletic Running Socks 3pk,Apparel & Footwear,2023-11-20,309,6798,4
SKU-035,Moisture-Wicking Athletic Running Socks 3pk,Apparel & Footwear,2023-11-27,327,7194,5
SKU-035,Moisture-Wicking Athletic Running Socks 3pk,Apparel & Footwear,2023-12-04,311,6842,4
SKU-035,Moisture-Wicking Athletic Running Socks 3pk,Apparel & Footwear,2023-12-11,299,6578,5
SKU-035,Moisture-Wicking Athletic Running Socks 3pk,Apparel & Footwear,2023-12-18,300,6600,3
SKU-035,Moisture-Wicking Athletic Running Socks 3pk,Apparel & Footwear,2023-12-25,312,6864,3
SKU-035,Moisture-Wicking Athletic Running Socks 3pk,Apparel & Footwear,2024-01-01,316,6952,3
SKU-035,Moisture-Wicking Athletic Running Socks 3pk,Apparel & Footwear,2024-01-08,303,6666,3
SKU-035,Moisture-Wicking Athletic Running Socks 3pk,Apparel & Footwear,2024-01-15,315,6930,3
SKU-035,Moisture-Wicking Athletic Running Socks 3pk,Apparel & Footwear,2024-01-22,311,6842,5
SKU-035,Moisture-Wicking Athletic Running Socks 3pk,Apparel & Footwear,2024-01-29,282,6204,5
SKU-035,Moisture-Wicking Athletic Running Socks 3pk,Apparel & Footwear,2024-02-05,315,6930,4
SKU-035,Moisture-Wicking Athletic Running Socks 3pk,Apparel & Footwear,2024-02-12,324,7128,3
SKU-035,Moisture-Wicking Athletic Running Socks 3pk,Apparel & Footwear,2024-02-19,279,6138,5
SKU-035,Moisture-Wicking Athletic Running Socks 3pk,Apparel & Footwear,2024-02-26,278,6116,5
SKU-035,Moisture-Wicking Athletic Running Socks 3pk,Apparel & Footwear,2024-03-04,311,6842,3
SKU-035,Moisture-Wicking Athletic Running Socks 3pk,Apparel & Footwear,2024-03-11,307,6754,3
SKU-035,Moisture-Wicking Athletic Running Socks 3pk,Apparel & Footwear,2024-03-18,314,6908,3
SKU-035,Moisture-Wicking Athletic Running Socks 3pk,Apparel & Footwear,2024-03-25,287,6314,4
SKU-035,Moisture-Wicking Athletic Running Socks 3pk,Apparel & Footwear,2024-04-01,281,6182,3
SKU-035,Moisture-Wicking Athletic Running Socks 3pk,Apparel & Footwear,2024-04-08,313,6886,4
SKU-035,Moisture-Wicking Athletic Running Socks 3pk,Apparel & Footwear,2024-04-15,231,5082,3
SKU-035,Moisture-Wicking Athletic Running Socks 3pk,Apparel & Footwear,2024-04-22,291,6402,3
SKU-035,Moisture-Wicking Athletic Running Socks 3pk,Apparel & Footwear,2024-04-29,303,6666,3
SKU-035,Moisture-Wicking Athletic Running Socks 3pk,Apparel & Footwear,2024-05-06,292,6424,5
SKU-035,Moisture-Wicking Athletic Running Socks 3pk,Apparel & Footwear,2024-05-13,297,6534,5
SKU-035,Moisture-Wicking Athletic Running Socks 3pk,Apparel & Footwear,2024-05-20,354,7788,4
SKU-035,Moisture-Wicking Athletic Running Socks 3pk,Apparel & Footwear,2024-05-27,281,6182,3
SKU-035,Moisture-Wicking Athletic Running Socks 3pk,Apparel & Footwear,2024-06-03,329,7238,4
SKU-035,Moisture-Wicking Athletic Running Socks 3pk,Apparel & Footwear,2024-06-10,286,6292,4
SKU-035,Moisture-Wicking Athletic Running Socks 3pk,Apparel & Footwear,2024-06-17,307,6754,4
SKU-035,Moisture-Wicking Athletic Running Socks 3pk,Apparel & Footwear,2024-06-24,329,7238,4
SKU-035,Moisture-Wicking Athletic Running Socks 3pk,Apparel & Footwear,2024-07-01,322,7084,4
SKU-035,Moisture-Wicking Athletic Running Socks 3pk,Apparel & Footwear,2024-07-08,285,6270,5
SKU-035,Moisture-Wicking Athletic Running Socks 3pk,Apparel & Footwear,2024-07-15,289,6358,5
SKU-035,Moisture-Wicking Athletic Running Socks 3pk,Apparel & Footwear,2024-07-22,275,6050,5
SKU-035,Moisture-Wicking Athletic Running Socks 3pk,Apparel & Footwear,2024-07-29,304,6688,3
SKU-035,Moisture-Wicking Athletic Running Socks 3pk,Apparel & Footwear,2024-08-05,332,7304,5
SKU-035,Moisture-Wicking Athletic Running Socks 3pk,Apparel & Footwear,2024-08-12,296,6512,5
SKU-035,Moisture-Wicking Athletic Running Socks 3pk,Apparel & Footwear,2024-08-19,270,5940,4
SKU-035,Moisture-Wicking Athletic Running Socks 3pk,Apparel & Footwear,2024-08-26,325,7150,4
SKU-035,Moisture-Wicking Athletic Running Socks 3pk,Apparel & Footwear,2024-09-02,325,7150,3
SKU-035,Moisture-Wicking Athletic Running Socks 3pk,Apparel & Footwear,2024-09-09,299,6578,4
SKU-035,Moisture-Wicking Athletic Running Socks 3pk,Apparel & Footwear,2024-09-16,285,6270,5
SKU-035,Moisture-Wicking Athletic Running Socks 3pk,Apparel & Footwear,2024-09-23,291,6402,4
SKU-035,Moisture-Wicking Athletic Running Socks 3pk,Apparel & Footwear,2024-09-30,324,7128,3
SKU-035,Moisture-Wicking Athletic Running Socks 3pk,Apparel & Footwear,2024-10-07,289,6358,5
SKU-035,Moisture-Wicking Athletic Running Socks 3pk,Apparel & Footwear,2024-10-14,335,7370,4
SKU-035,Moisture-Wicking Athletic Running Socks 3pk,Apparel & Footwear,2024-10-21,314,6908,5
SKU-035,Moisture-Wicking Athletic Running Socks 3pk,Apparel & Footwear,2024-10-28,327,7194,4
SKU-035,Moisture-Wicking Athletic Running Socks 3pk,Apparel & Footwear,2024-11-04,301,6622,3
SKU-035,Moisture-Wicking Athletic Running Socks 3pk,Apparel & Footwear,2024-11-11,303,6666,3
SKU-035,Moisture-Wicking Athletic Running Socks 3pk,Apparel & Footwear,2024-11-18,296,6512,4
SKU-035,Moisture-Wicking Athletic Running Socks 3pk,Apparel & Footwear,2024-11-25,299,6578,5
SKU-035,Moisture-Wicking Athletic Running Socks 3pk,Apparel & Footwear,2024-12-02,284,6248,4
SKU-035,Moisture-Wicking Athletic Running Socks 3pk,Apparel & Footwear,2024-12-09,276,6072,5
SKU-035,Moisture-Wicking Athletic Running Socks 3pk,Apparel & Footwear,2024-12-16,304,6688,5
SKU-035,Moisture-Wicking Athletic Running Socks 3pk,Apparel & Footwear,2024-12-23,309,6798,4
SKU-036,Braided USB-C to Lightning Cable 2m,Consumer Electronics,2023-01-02,146,2918.54,5
SKU-036,Braided USB-C to Lightning Cable 2m,Consumer Electronics,2023-01-09,175,3498.25,4
SKU-036,Braided USB-C to Lightning Cable 2m,Consumer Electronics,2023-01-16,146,2918.54,3
SKU-036,Braided USB-C to Lightning Cable 2m,Consumer Electronics,2023-01-23,134,2678.66,5
SKU-036,Braided USB-C to Lightning Cable 2m,Consumer Electronics,2023-01-30,172,3438.28,4
SKU-036,Braided USB-C to Lightning Cable 2m,Consumer Electronics,2023-02-06,197,3938.03,5
SKU-036,Braided USB-C to Lightning Cable 2m,Consumer Electronics,2023-02-13,163,3258.37,3
SKU-036,Braided USB-C to Lightning Cable 2m,Consumer Electronics,2023-02-20,166,3318.34,4
SKU-036,Braided USB-C to Lightning Cable 2m,Consumer Electronics,2023-02-27,155,3098.45,4
SKU-036,Braided USB-C to Lightning Cable 2m,Consumer Electronics,2023-03-06,175,3498.25,3
SKU-036,Braided USB-C to Lightning Cable 2m,Consumer Electronics,2023-03-13,168,3358.32,5
SKU-036,Braided USB-C to Lightning Cable 2m,Consumer Electronics,2023-03-20,179,3578.21,3
SKU-036,Braided USB-C to Lightning Cable 2m,Consumer Electronics,2023-03-27,193,3858.07,3
SKU-036,Braided USB-C to Lightning Cable 2m,Consumer Electronics,2023-04-03,201,4017.99,3
SKU-036,Braided USB-C to Lightning Cable 2m,Consumer Electronics,2023-04-10,179,3578.21,4
SKU-036,Braided USB-C to Lightning Cable 2m,Consumer Electronics,2023-04-17,184,3678.16,4
SKU-036,Braided USB-C to Lightning Cable 2m,Consumer Electronics,2023-04-24,196,3918.04,4
SKU-036,Braided USB-C to Lightning Cable 2m,Consumer Electronics,2023-05-01,182,3638.1800000000003,3
SKU-036,Braided USB-C to Lightning Cable 2m,Consumer Electronics,2023-05-08,190,3798.1,4
SKU-036,Braided USB-C to Lightning Cable 2m,Consumer Electronics,2023-05-15,182,3638.18,4
SKU-036,Braided USB-C to Lightning Cable 2m,Consumer Electronics,2023-05-22,190,3798.1,5
SKU-036,Braided USB-C to Lightning Cable 2m,Consumer Electronics,2023-05-29,201,4017.99,4
SKU-036,Braided USB-C to Lightning Cable 2m,Consumer Electronics,2023-06-05,210,4197.9,5
SKU-036,Braided USB-C to Lightning Cable 2m,Consumer Electronics,2023-06-12,214,4277.86,4
SKU-036,Braided USB-C to Lightning Cable 2m,Consumer Electronics,2023-06-19,187,3738.13,3
SKU-036,Braided USB-C to Lightning Cable 2m,Consumer Electronics,2023-06-26,182,3638.1800000000003,5
SKU-036,Braided USB-C to Lightning Cable 2m,Consumer Electronics,2023-07-03,175,3498.25,4
SKU-036,Braided USB-C to Lightning Cable 2m,Consumer Electronics,2023-07-10,176,3518.24,5
SKU-036,Braided USB-C to Lightning Cable 2m,Consumer Electronics,2023-07-17,191,3818.09,4
SKU-036,Braided USB-C to Lightning Cable 2m,Consumer Electronics,2023-07-24,180,3598.2,5
SKU-036,Braided USB-C to Lightning Cable 2m,Consumer Electronics,2023-07-31,189,3778.11,3
SKU-036,Braided USB-C to Lightning Cable 2m,Consumer Electronics,2023-08-07,199,3978.01,3
SKU-036,Braided USB-C to Lightning Cable 2m,Consumer Electronics,2023-08-14,199,3978.01,3
SKU-036,Braided USB-C to Lightning Cable 2m,Consumer Electronics,2023-08-21,186,3718.14,4
SKU-036,Braided USB-C to Lightning Cable 2m,Consumer Electronics,2023-08-28,194,3878.06,4
SKU-036,Braided USB-C to Lightning Cable 2m,Consumer Electronics,2023-09-04,192,3838.08,5
SKU-036,Braided USB-C to Lightning Cable 2m,Consumer Electronics,2023-09-11,181,3618.19,5
SKU-036,Braided USB-C to Lightning Cable 2m,Consumer Electronics,2023-09-18,186,3718.14,3
SKU-036,Braided USB-C to Lightning Cable 2m,Consumer Electronics,2023-09-25,162,3238.38,4
SKU-036,Braided USB-C to Lightning Cable 2m,Consumer Electronics,2023-10-02,193,3858.0699999999997,5
SKU-036,Braided USB-C to Lightning Cable 2m,Consumer Electronics,2023-10-09,169,3378.31,3
SKU-036,Braided USB-C to Lightning Cable 2m,Consumer Electronics,2023-10-16,194,3878.06,4
SKU-036,Braided USB-C to Lightning Cable 2m,Consumer Electronics,2023-10-23,210,4197.900000000001,4
SKU-036,Braided USB-C to Lightning Cable 2m,Consumer Electronics,2023-10-30,176,3518.24,3
SKU-036,Braided USB-C to Lightning Cable 2m,Consumer Electronics,2023-11-06,287,5737.13,4
SKU-036,Braided USB-C to Lightning Cable 2m,Consumer Electronics,2023-11-13,350,6996.5,3
SKU-036,Braided USB-C to Lightning Cable 2m,Consumer Electronics,2023-11-20,359,7176.41,5
SKU-036,Braided USB-C to Lightning Cable 2m,Consumer Electronics,2023-11-27,338,6756.62,4
SKU-036,Braided USB-C to Lightning Cable 2m,Consumer Electronics,2023-12-04,344,6876.5599999999995,3
SKU-036,Braided USB-C to Lightning Cable 2m,Consumer Electronics,2023-12-11,354,7076.46,5
SKU-036,Braided USB-C to Lightning Cable 2m,Consumer Electronics,2023-12-18,307,6136.93,3
SKU-036,Braided USB-C to Lightning Cable 2m,Consumer Electronics,2023-12-25,293,5857.07,5
SKU-036,Braided USB-C to Lightning Cable 2m,Consumer Electronics,2024-01-01,180,3598.2,4
SKU-036,Braided USB-C to Lightning Cable 2m,Consumer Electronics,2024-01-08,158,3158.42,3
SKU-036,Braided USB-C to Lightning Cable 2m,Consumer Electronics,2024-01-15,185,3698.1499999999996,3
SKU-036,Braided USB-C to Lightning Cable 2m,Consumer Electronics,2024-01-22,170,3398.3,5
SKU-036,Braided USB-C to Lightning Cable 2m,Consumer Electronics,2024-01-29,187,3738.13,5
SKU-036,Braided USB-C to Lightning Cable 2m,Consumer Electronics,2024-02-05,159,3178.41,5
SKU-036,Braided USB-C to Lightning Cable 2m,Consumer Electronics,2024-02-12,182,3638.1800000000003,3
SKU-036,Braided USB-C to Lightning Cable 2m,Consumer Electronics,2024-02-19,171,3418.29,5
SKU-036,Braided USB-C to Lightning Cable 2m,Consumer Electronics,2024-02-26,182,3638.1800000000003,5
SKU-036,Braided USB-C to Lightning Cable 2m,Consumer Electronics,2024-03-04,178,3558.2200000000003,5
SKU-036,Braided USB-C to Lightning Cable 2m,Consumer Electronics,2024-03-11,196,3918.04,5
SKU-036,Braided USB-C to Lightning Cable 2m,Consumer Electronics,2024-03-18,163,3258.37,4
SKU-036,Braided USB-C to Lightning Cable 2m,Consumer Electronics,2024-03-25,206,4117.9400000000005,3
SKU-036,Braided USB-C to Lightning Cable 2m,Consumer Electronics,2024-04-01,194,3878.06,3
SKU-036,Braided USB-C to Lightning Cable 2m,Consumer Electronics,2024-04-08,196,3918.04,3
SKU-036,Braided USB-C to Lightning Cable 2m,Consumer Electronics,2024-04-15,145,2898.55,4
SKU-036,Braided USB-C to Lightning Cable 2m,Consumer Electronics,2024-04-22,196,3918.04,4
SKU-036,Braided USB-C to Lightning Cable 2m,Consumer Electronics,2024-04-29,190,3798.1,3
SKU-036,Braided USB-C to Lightning Cable 2m,Consumer Electronics,2024-05-06,172,3438.28,4
SKU-036,Braided USB-C to Lightning Cable 2m,Consumer Electronics,2024-05-13,167,3338.33,4
SKU-036,Braided USB-C to Lightning Cable 2m,Consumer Electronics,2024-05-20,193,3858.07,5
SKU-036,Braided USB-C to Lightning Cable 2m,Consumer Electronics,2024-05-27,176,3518.2400000000002,4
SKU-036,Braided USB-C to Lightning Cable 2m,Consumer Electronics,2024-06-03,159,3178.41,5
SKU-036,Braided USB-C to Lightning Cable 2m,Consumer Electronics,2024-06-10,194,3878.0600000000004,3
SKU-036,Braided USB-C to Lightning Cable 2m,Consumer Electronics,2024-06-17,156,3118.44,4
SKU-036,Braided USB-C to Lightning Cable 2m,Consumer Electronics,2024-06-24,173,3458.27,4
SKU-036,Braided USB-C to Lightning Cable 2m,Consumer Electronics,2024-07-01,179,3578.21,4
SKU-036,Braided USB-C to Lightning Cable 2m,Consumer Electronics,2024-07-08,189,3778.11,5
SKU-036,Braided USB-C to Lightning Cable 2m,Consumer Electronics,2024-07-15,161,3218.39,4
SKU-036,Braided USB-C to Lightning Cable 2m,Consumer Electronics,2024-07-22,219,4377.81,5
SKU-036,Braided USB-C to Lightning Cable 2m,Consumer Electronics,2024-07-29,165,3298.35,3
SKU-036,Braided USB-C to Lightning Cable 2m,Consumer Electronics,2024-08-05,177,3538.23,5
SKU-036,Braided USB-C to Lightning Cable 2m,Consumer Electronics,2024-08-12,188,3758.12,5
SKU-036,Braided USB-C to Lightning Cable 2m,Consumer Electronics,2024-08-19,149,2978.51,5
SKU-036,Braided USB-C to Lightning Cable 2m,Consumer Electronics,2024-08-26,144,2878.56,5
SKU-036,Braided USB-C to Lightning Cable 2m,Consumer Electronics,2024-09-02,191,3818.09,5
SKU-036,Braided USB-C to Lightning Cable 2m,Consumer Electronics,2024-09-09,169,3378.31,5
SKU-036,Braided USB-C to Lightning Cable 2m,Consumer Electronics,2024-09-16,184,3678.16,3
SKU-036,Braided USB-C to Lightning Cable 2m,Consumer Electronics,2024-09-23,164,3278.36,3
SKU-036,Braided USB-C to Lightning Cable 2m,Consumer Electronics,2024-09-30,182,3638.18,5
SKU-036,Braided USB-C to Lightning Cable 2m,Consumer Electronics,2024-10-07,184,3678.16,5
SKU-036,Braided USB-C to Lightning Cable 2m,Consumer Electronics,2024-10-14,206,4117.9400000000005,3
SKU-036,Braided USB-C to Lightning Cable 2m,Consumer Electronics,2024-10-21,171,3418.29,4
SKU-036,Braided USB-C to Lightning Cable 2m,Consumer Electronics,2024-10-28,187,3738.13,5
SKU-036,Braided USB-C to Lightning Cable 2m,Consumer Electronics,2024-11-04,317,6336.83,5
SKU-036,Braided USB-C to Lightning Cable 2m,Consumer Electronics,2024-11-11,326,6516.74,4
SKU-036,Braided USB-C to Lightning Cable 2m,Consumer Electronics,2024-11-18,317,6336.83,3
SKU-036,Braided USB-C to Lightning Cable 2m,Consumer Electronics,2024-11-25,341,6816.59,3
SKU-036,Braided USB-C to Lightning Cable 2m,Consumer Electronics,2024-12-02,332,6636.679999999999,3
SKU-036,Braided USB-C to Lightning Cable 2m,Consumer Electronics,2024-12-09,291,5817.09,3
SKU-036,Braided USB-C to Lightning Cable 2m,Consumer Electronics,2024-12-16,314,6276.860000000001,3
SKU-036,Braided USB-C to Lightning Cable 2m,Consumer Electronics,2024-12-23,299,5977.01,3
SKU-037,Silicone Cable Organizer Clips 6pk,Office & Productivity,2023-01-02,223,2787.5,4
SKU-037,Silicone Cable Organizer Clips 6pk,Office & Productivity,2023-01-09,250,3125.0,5
SKU-037,Silicone Cable Organizer Clips 6pk,Office & Productivity,2023-01-16,258,3225.0,5
SKU-037,Silicone Cable Organizer Clips 6pk,Office & Productivity,2023-01-23,266,3325.0,4
SKU-037,Silicone Cable Organizer Clips 6pk,Office & Productivity,2023-01-30,233,2912.5,5
SKU-037,Silicone Cable Organizer Clips 6pk,Office & Productivity,2023-02-06,241,3012.5,4
SKU-037,Silicone Cable Organizer Clips 6pk,Office & Productivity,2023-02-13,254,3175.0,5
SKU-037,Silicone Cable Organizer Clips 6pk,Office & Productivity,2023-02-20,257,3212.5,3
SKU-037,Silicone Cable Organizer Clips 6pk,Office & Productivity,2023-02-27,247,3087.5,5
SKU-037,Silicone Cable Organizer Clips 6pk,Office & Productivity,2023-03-06,250,3125.0,3
SKU-037,Silicone Cable Organizer Clips 6pk,Office & Productivity,2023-03-13,243,3037.5,4
SKU-037,Silicone Cable Organizer Clips 6pk,Office & Productivity,2023-03-20,257,3212.5,3
SKU-037,Silicone Cable Organizer Clips 6pk,Office & Productivity,2023-03-27,241,3012.5,3
SKU-037,Silicone Cable Organizer Clips 6pk,Office & Productivity,2023-04-03,252,3150.0,5
SKU-037,Silicone Cable Organizer Clips 6pk,Office & Productivity,2023-04-10,261,3262.5,5
SKU-037,Silicone Cable Organizer Clips 6pk,Office & Productivity,2023-04-17,234,2925.0,3
SKU-037,Silicone Cable Organizer Clips 6pk,Office & Productivity,2023-04-24,244,3050.0,4
SKU-037,Silicone Cable Organizer Clips 6pk,Office & Productivity,2023-05-01,249,3112.5,3
SKU-037,Silicone Cable Organizer Clips 6pk,Office & Productivity,2023-05-08,249,3112.5,3
SKU-037,Silicone Cable Organizer Clips 6pk,Office & Productivity,2023-05-15,268,3350.0,5
SKU-037,Silicone Cable Organizer Clips 6pk,Office & Productivity,2023-05-22,223,2787.5,5
SKU-037,Silicone Cable Organizer Clips 6pk,Office & Productivity,2023-05-29,272,3400.0,5
SKU-037,Silicone Cable Organizer Clips 6pk,Office & Productivity,2023-06-05,259,3237.5,5
SKU-037,Silicone Cable Organizer Clips 6pk,Office & Productivity,2023-06-12,241,3012.5,5
SKU-037,Silicone Cable Organizer Clips 6pk,Office & Productivity,2023-06-19,199,2487.5,5
SKU-037,Silicone Cable Organizer Clips 6pk,Office & Productivity,2023-06-26,253,3162.5,4
SKU-037,Silicone Cable Organizer Clips 6pk,Office & Productivity,2023-07-03,267,3337.5,5
SKU-037,Silicone Cable Organizer Clips 6pk,Office & Productivity,2023-07-10,256,3200.0,3
SKU-037,Silicone Cable Organizer Clips 6pk,Office & Productivity,2023-07-17,247,3087.5,3
SKU-037,Silicone Cable Organizer Clips 6pk,Office & Productivity,2023-07-24,273,3412.5,4
SKU-037,Silicone Cable Organizer Clips 6pk,Office & Productivity,2023-07-31,209,2612.5,3
SKU-037,Silicone Cable Organizer Clips 6pk,Office & Productivity,2023-08-07,236,2950,4
SKU-037,Silicone Cable Organizer Clips 6pk,Office & Productivity,2023-08-14,254,3175.0,5
SKU-037,Silicone Cable Organizer Clips 6pk,Office & Productivity,2023-08-21,216,2700.0,5
SKU-037,Silicone Cable Organizer Clips 6pk,Office & Productivity,2023-08-28,252,3150,3
SKU-037,Silicone Cable Organizer Clips 6pk,Office & Productivity,2023-09-04,223,2787.5,4
SKU-037,Silicone Cable Organizer Clips 6pk,Office & Productivity,2023-09-11,237,2962.5,3
SKU-037,Silicone Cable Organizer Clips 6pk,Office & Productivity,2023-09-18,269,3362.5,5
SKU-037,Silicone Cable Organizer Clips 6pk,Office & Productivity,2023-09-25,233,2912.5,4
SKU-037,Silicone Cable Organizer Clips 6pk,Office & Productivity,2023-10-02,248,3100.0,4
SKU-037,Silicone Cable Organizer Clips 6pk,Office & Productivity,2023-10-09,246,3075.0,4
SKU-037,Silicone Cable Organizer Clips 6pk,Office & Productivity,2023-10-16,267,3337.5,4
SKU-037,Silicone Cable Organizer Clips 6pk,Office & Productivity,2023-10-23,247,3087.5,5
SKU-037,Silicone Cable Organizer Clips 6pk,Office & Productivity,2023-10-30,238,2975.0,3
SKU-037,Silicone Cable Organizer Clips 6pk,Office & Productivity,2023-11-06,249,3112.5,3
SKU-037,Silicone Cable Organizer Clips 6pk,Office & Productivity,2023-11-13,222,2775.0,3
SKU-037,Silicone Cable Organizer Clips 6pk,Office & Productivity,2023-11-20,242,3025.0,3
SKU-037,Silicone Cable Organizer Clips 6pk,Office & Productivity,2023-11-27,234,2925.0,5
SKU-037,Silicone Cable Organizer Clips 6pk,Office & Productivity,2023-12-04,230,2875,3
SKU-037,Silicone Cable Organizer Clips 6pk,Office & Productivity,2023-12-11,241,3012.5,3
SKU-037,Silicone Cable Organizer Clips 6pk,Office & Productivity,2023-12-18,253,3162.5,5
SKU-037,Silicone Cable Organizer Clips 6pk,Office & Productivity,2023-12-25,232,2900.0,4
SKU-037,Silicone Cable Organizer Clips 6pk,Office & Productivity,2024-01-01,261,3262.5,5
SKU-037,Silicone Cable Organizer Clips 6pk,Office & Productivity,2024-01-08,257,3212.5,3
SKU-037,Silicone Cable Organizer Clips 6pk,Office & Productivity,2024-01-15,225,2812.5,3
SKU-037,Silicone Cable Organizer Clips 6pk,Office & Productivity,2024-01-22,252,3150.0,4
SKU-037,Silicone Cable Organizer Clips 6pk,Office & Productivity,2024-01-29,274,3425.0,4
SKU-037,Silicone Cable Organizer Clips 6pk,Office & Productivity,2024-02-05,218,2725.0,5
SKU-037,Silicone Cable Organizer Clips 6pk,Office & Productivity,2024-02-12,251,3137.5,5
SKU-037,Silicone Cable Organizer Clips 6pk,Office & Productivity,2024-02-19,236,2950.0,5
SKU-037,Silicone Cable Organizer Clips 6pk,Office & Productivity,2024-02-26,248,3100.0,3
SKU-037,Silicone Cable Organizer Clips 6pk,Office & Productivity,2024-03-04,254,3175.0,5
SKU-037,Silicone Cable Organizer Clips 6pk,Office & Productivity,2024-03-11,275,3437.5,5
SKU-037,Silicone Cable Organizer Clips 6pk,Office & Productivity,2024-03-18,241,3012.5,5
SKU-037,Silicone Cable Organizer Clips 6pk,Office & Productivity,2024-03-25,217,2712.5,3
SKU-037,Silicone Cable Organizer Clips 6pk,Office & Productivity,2024-04-01,264,3300,4
SKU-037,Silicone Cable Organizer Clips 6pk,Office & Productivity,2024-04-08,254,3175.0,5
SKU-037,Silicone Cable Organizer Clips 6pk,Office & Productivity,2024-04-15,264,3300.0,5
SKU-037,Silicone Cable Organizer Clips 6pk,Office & Productivity,2024-04-22,226,2825.0,4
SKU-037,Silicone Cable Organizer Clips 6pk,Office & Productivity,2024-04-29,272,3400,3
SKU-037,Silicone Cable Organizer Clips 6pk,Office & Productivity,2024-05-06,263,3287.5,4
SKU-037,Silicone Cable Organizer Clips 6pk,Office & Productivity,2024-05-13,222,2775.0,3
SKU-037,Silicone Cable Organizer Clips 6pk,Office & Productivity,2024-05-20,266,3325.0,5
SKU-037,Silicone Cable Organizer Clips 6pk,Office & Productivity,2024-05-27,260,3250.0,4
SKU-037,Silicone Cable Organizer Clips 6pk,Office & Productivity,2024-06-03,217,2712.5,5
SKU-037,Silicone Cable Organizer Clips 6pk,Office & Productivity,2024-06-10,244,3050.0,5
SKU-037,Silicone Cable Organizer Clips 6pk,Office & Productivity,2024-06-17,226,2825.0,3
SKU-037,Silicone Cable Organizer Clips 6pk,Office & Productivity,2024-06-24,250,3125.0,3
SKU-037,Silicone Cable Organizer Clips 6pk,Office & Productivity,2024-07-01,224,2800.0,3
SKU-037,Silicone Cable Organizer Clips 6pk,Office & Productivity,2024-07-08,231,2887.5,4
SKU-037,Silicone Cable Organizer Clips 6pk,Office & Productivity,2024-07-15,248,3100.0,4
SKU-037,Silicone Cable Organizer Clips 6pk,Office & Productivity,2024-07-22,227,2837.5,3
SKU-037,Silicone Cable Organizer Clips 6pk,Office & Productivity,2024-07-29,249,3112.5,5
SKU-037,Silicone Cable Organizer Clips 6pk,Office & Productivity,2024-08-05,232,2900.0,3
SKU-037,Silicone Cable Organizer Clips 6pk,Office & Productivity,2024-08-12,264,3300.0,5
SKU-037,Silicone Cable Organizer Clips 6pk,Office & Productivity,2024-08-19,202,2525.0,3
SKU-037,Silicone Cable Organizer Clips 6pk,Office & Productivity,2024-08-26,219,2737.5,3
SKU-037,Silicone Cable Organizer Clips 6pk,Office & Productivity,2024-09-02,246,3075.0,4
SKU-037,Silicone Cable Organizer Clips 6pk,Office & Productivity,2024-09-09,236,2950.0,4
SKU-037,Silicone Cable Organizer Clips 6pk,Office & Productivity,2024-09-16,263,3287.5,3
SKU-037,Silicone Cable Organizer Clips 6pk,Office & Productivity,2024-09-23,223,2787.5,4
SKU-037,Silicone Cable Organizer Clips 6pk,Office & Productivity,2024-09-30,272,3400.0,3
SKU-037,Silicone Cable Organizer Clips 6pk,Office & Productivity,2024-10-07,277,3462.5,4
SKU-037,Silicone Cable Organizer Clips 6pk,Office & Productivity,2024-10-14,230,2875.0,3
SKU-037,Silicone Cable Organizer Clips 6pk,Office & Productivity,2024-10-21,276,3450,4
SKU-037,Silicone Cable Organizer Clips 6pk,Office & Productivity,2024-10-28,235,2937.5,4
SKU-037,Silicone Cable Organizer Clips 6pk,Office & Productivity,2024-11-04,247,3087.5,3
SKU-037,Silicone Cable Organizer Clips 6pk,Office & Productivity,2024-11-11,228,2850.0,3
SKU-037,Silicone Cable Organizer Clips 6pk,Office & Productivity,2024-11-18,212,2650,5
SKU-037,Silicone Cable Organizer Clips 6pk,Office & Productivity,2024-11-25,234,2925.0,4
SKU-037,Silicone Cable Organizer Clips 6pk,Office & Productivity,2024-12-02,224,2800,3
SKU-037,Silicone Cable Organizer Clips 6pk,Office & Productivity,2024-12-09,235,2937.5,4
SKU-037,Silicone Cable Organizer Clips 6pk,Office & Productivity,2024-12-16,246,3075.0,4
SKU-037,Silicone Cable Organizer Clips 6pk,Office & Productivity,2024-12-23,252,3150.0,3
SKU-038,Bamboo Desk Organizer Drawer Tray,Office & Productivity,2023-01-02,110,3080,3
SKU-038,Bamboo Desk Organizer Drawer Tray,Office & Productivity,2023-01-09,107,2996,5
SKU-038,Bamboo Desk Organizer Drawer Tray,Office & Productivity,2023-01-16,102,2856,4
SKU-038,Bamboo Desk Organizer Drawer Tray,Office & Productivity,2023-01-23,99,2772,5
SKU-038,Bamboo Desk Organizer Drawer Tray,Office & Productivity,2023-01-30,84,2352,5
SKU-038,Bamboo Desk Organizer Drawer Tray,Office & Productivity,2023-02-06,72,2016,5
SKU-038,Bamboo Desk Organizer Drawer Tray,Office & Productivity,2023-02-13,65,1820,3
SKU-038,Bamboo Desk Organizer Drawer Tray,Office & Productivity,2023-02-20,76,2128,4
SKU-038,Bamboo Desk Organizer Drawer Tray,Office & Productivity,2023-02-27,62,1736,3
SKU-038,Bamboo Desk Organizer Drawer Tray,Office & Productivity,2023-03-06,88,2464,4
SKU-038,Bamboo Desk Organizer Drawer Tray,Office & Productivity,2023-03-13,81,2268,4
SKU-038,Bamboo Desk Organizer Drawer Tray,Office & Productivity,2023-03-20,67,1876,4
SKU-038,Bamboo Desk Organizer Drawer Tray,Office & Productivity,2023-03-27,71,1988,4
SKU-038,Bamboo Desk Organizer Drawer Tray,Office & Productivity,2023-04-03,78,2184,4
SKU-038,Bamboo Desk Organizer Drawer Tray,Office & Productivity,2023-04-10,97,2716,3
SKU-038,Bamboo Desk Organizer Drawer Tray,Office & Productivity,2023-04-17,55,1540,3
SKU-038,Bamboo Desk Organizer Drawer Tray,Office & Productivity,2023-04-24,71,1988,4
SKU-038,Bamboo Desk Organizer Drawer Tray,Office & Productivity,2023-05-01,73,2044,4
SKU-038,Bamboo Desk Organizer Drawer Tray,Office & Productivity,2023-05-08,60,1680,4
SKU-038,Bamboo Desk Organizer Drawer Tray,Office & Productivity,2023-05-15,60,1680,5
SKU-038,Bamboo Desk Organizer Drawer Tray,Office & Productivity,2023-05-22,70,1960,5
SKU-038,Bamboo Desk Organizer Drawer Tray,Office & Productivity,2023-05-29,89,2492,4
SKU-038,Bamboo Desk Organizer Drawer Tray,Office & Productivity,2023-06-05,70,1960,5
SKU-038,Bamboo Desk Organizer Drawer Tray,Office & Productivity,2023-06-12,75,2100,3
SKU-038,Bamboo Desk Organizer Drawer Tray,Office & Productivity,2023-06-19,80,2240,5
SKU-038,Bamboo Desk Organizer Drawer Tray,Office & Productivity,2023-06-26,68,1904,5
SKU-038,Bamboo Desk Organizer Drawer Tray,Office & Productivity,2023-07-03,67,1876,4
SKU-038,Bamboo Desk Organizer Drawer Tray,Office & Productivity,2023-07-10,72,2016,5
SKU-038,Bamboo Desk Organizer Drawer Tray,Office & Productivity,2023-07-17,65,1820,5
SKU-038,Bamboo Desk Organizer Drawer Tray,Office & Productivity,2023-07-24,66,1848,4
SKU-038,Bamboo Desk Organizer Drawer Tray,Office & Productivity,2023-07-31,77,2156,4
SKU-038,Bamboo Desk Organizer Drawer Tray,Office & Productivity,2023-08-07,94,2632,5
SKU-038,Bamboo Desk Organizer Drawer Tray,Office & Productivity,2023-08-14,117,3276,3
SKU-038,Bamboo Desk Organizer Drawer Tray,Office & Productivity,2023-08-21,87,2436,3
SKU-038,Bamboo Desk Organizer Drawer Tray,Office & Productivity,2023-08-28,97,2716,5
SKU-038,Bamboo Desk Organizer Drawer Tray,Office & Productivity,2023-09-04,112,3136,4
SKU-038,Bamboo Desk Organizer Drawer Tray,Office & Productivity,2023-09-11,94,2632,5
SKU-038,Bamboo Desk Organizer Drawer Tray,Office & Productivity,2023-09-18,106,2968,3
SKU-038,Bamboo Desk Organizer Drawer Tray,Office & Productivity,2023-09-25,96,2688,5
SKU-038,Bamboo Desk Organizer Drawer Tray,Office & Productivity,2023-10-02,81,2268,4
SKU-038,Bamboo Desk Organizer Drawer Tray,Office & Productivity,2023-10-09,90,2520,5
SKU-038,Bamboo Desk Organizer Drawer Tray,Office & Productivity,2023-10-16,74,2072,4
SKU-038,Bamboo Desk Organizer Drawer Tray,Office & Productivity,2023-10-23,74,2072,3
SKU-038,Bamboo Desk Organizer Drawer Tray,Office & Productivity,2023-10-30,71,1988,3
SKU-038,Bamboo Desk Organizer Drawer Tray,Office & Productivity,2023-11-06,74,2072,4
SKU-038,Bamboo Desk Organizer Drawer Tray,Office & Productivity,2023-11-13,81,2268,3
SKU-038,Bamboo Desk Organizer Drawer Tray,Office & Productivity,2023-11-20,64,1792,4
SKU-038,Bamboo Desk Organizer Drawer Tray,Office & Productivity,2023-11-27,83,2324,4
SKU-038,Bamboo Desk Organizer Drawer Tray,Office & Productivity,2023-12-04,83,2324,4
SKU-038,Bamboo Desk Organizer Drawer Tray,Office & Productivity,2023-12-11,70,1960,3
SKU-038,Bamboo Desk Organizer Drawer Tray,Office & Productivity,2023-12-18,64,1792,3
SKU-038,Bamboo Desk Organizer Drawer Tray,Office & Productivity,2023-12-25,69,1932,5
SKU-038,Bamboo Desk Organizer Drawer Tray,Office & Productivity,2024-01-01,83,2324,4
SKU-038,Bamboo Desk Organizer Drawer Tray,Office & Productivity,2024-01-08,105,2940,5
SKU-038,Bamboo Desk Organizer Drawer Tray,Office & Productivity,2024-01-15,90,2520,4
SKU-038,Bamboo Desk Organizer Drawer Tray,Office & Productivity,2024-01-22,108,3024,5
SKU-038,Bamboo Desk Organizer Drawer Tray,Office & Productivity,2024-01-29,109,3052,5
SKU-038,Bamboo Desk Organizer Drawer Tray,Office & Productivity,2024-02-05,84,2352,3
SKU-038,Bamboo Desk Organizer Drawer Tray,Office & Productivity,2024-02-12,63,1764,5
SKU-038,Bamboo Desk Organizer Drawer Tray,Office & Productivity,2024-02-19,64,1792,4
SKU-038,Bamboo Desk Organizer Drawer Tray,Office & Productivity,2024-02-26,75,2100,3
SKU-038,Bamboo Desk Organizer Drawer Tray,Office & Productivity,2024-03-04,47,1316,4
SKU-038,Bamboo Desk Organizer Drawer Tray,Office & Productivity,2024-03-11,80,2240,3
SKU-038,Bamboo Desk Organizer Drawer Tray,Office & Productivity,2024-03-18,83,2324,3
SKU-038,Bamboo Desk Organizer Drawer Tray,Office & Productivity,2024-03-25,83,2324,4
SKU-038,Bamboo Desk Organizer Drawer Tray,Office & Productivity,2024-04-01,46,1288,3
SKU-038,Bamboo Desk Organizer Drawer Tray,Office & Productivity,2024-04-08,93,2604,5
SKU-038,Bamboo Desk Organizer Drawer Tray,Office & Productivity,2024-04-15,81,2268,3
SKU-038,Bamboo Desk Organizer Drawer Tray,Office & Productivity,2024-04-22,90,2520,4
SKU-038,Bamboo Desk Organizer Drawer Tray,Office & Productivity,2024-04-29,74,2072,4
SKU-038,Bamboo Desk Organizer Drawer Tray,Office & Productivity,2024-05-06,77,2156,3
SKU-038,Bamboo Desk Organizer Drawer Tray,Office & Productivity,2024-05-13,71,1988,4
SKU-038,Bamboo Desk Organizer Drawer Tray,Office & Productivity,2024-05-20,67,1876,3
SKU-038,Bamboo Desk Organizer Drawer Tray,Office & Productivity,2024-05-27,62,1736,5
SKU-038,Bamboo Desk Organizer Drawer Tray,Office & Productivity,2024-06-03,74,2072,5
SKU-038,Bamboo Desk Organizer Drawer Tray,Office & Productivity,2024-06-10,84,2352,3
SKU-038,Bamboo Desk Organizer Drawer Tray,Office & Productivity,2024-06-17,79,2212,5
SKU-038,Bamboo Desk Organizer Drawer Tray,Office & Productivity,2024-06-24,64,1792,3
SKU-038,Bamboo Desk Organizer Drawer Tray,Office & Productivity,2024-07-01,63,1764,5
SKU-038,Bamboo Desk Organizer Drawer Tray,Office & Productivity,2024-07-08,64,1792,3
SKU-038,Bamboo Desk Organizer Drawer Tray,Office & Productivity,2024-07-15,63,1764,5
SKU-038,Bamboo Desk Organizer Drawer Tray,Office & Productivity,2024-07-22,96,2688,5
SKU-038,Bamboo Desk Organizer Drawer Tray,Office & Productivity,2024-07-29,78,2184,3
SKU-038,Bamboo Desk Organizer Drawer Tray,Office & Productivity,2024-08-05,111,3108,5
SKU-038,Bamboo Desk Organizer Drawer Tray,Office & Productivity,2024-08-12,90,2520,4
SKU-038,Bamboo Desk Organizer Drawer Tray,Office & Productivity,2024-08-19,107,2996,3
SKU-038,Bamboo Desk Organizer Drawer Tray,Office & Productivity,2024-08-26,87,2436,5
SKU-038,Bamboo Desk Organizer Drawer Tray,Office & Productivity,2024-09-02,95,2660,3
SKU-038,Bamboo Desk Organizer Drawer Tray,Office & Productivity,2024-09-09,113,3164,5
SKU-038,Bamboo Desk Organizer Drawer Tray,Office & Productivity,2024-09-16,107,2996,5
SKU-038,Bamboo Desk Organizer Drawer Tray,Office & Productivity,2024-09-23,72,2016,5
SKU-038,Bamboo Desk Organizer Drawer Tray,Office & Productivity,2024-09-30,102,2856,4
SKU-038,Bamboo Desk Organizer Drawer Tray,Office & Productivity,2024-10-07,70,1960,5
SKU-038,Bamboo Desk Organizer Drawer Tray,Office & Productivity,2024-10-14,70,1960,3
SKU-038,Bamboo Desk Organizer Drawer Tray,Office & Productivity,2024-10-21,81,2268,3
SKU-038,Bamboo Desk Organizer Drawer Tray,Office & Productivity,2024-10-28,83,2324,4
SKU-038,Bamboo Desk Organizer Drawer Tray,Office & Productivity,2024-11-04,57,1596,4
SKU-038,Bamboo Desk Organizer Drawer Tray,Office & Productivity,2024-11-11,87,2436,3
SKU-038,Bamboo Desk Organizer Drawer Tray,Office & Productivity,2024-11-18,71,1988,3
SKU-038,Bamboo Desk Organizer Drawer Tray,Office & Productivity,2024-11-25,67,1876,4
SKU-038,Bamboo Desk Organizer Drawer Tray,Office & Productivity,2024-12-02,61,1708,4
SKU-038,Bamboo Desk Organizer Drawer Tray,Office & Productivity,2024-12-09,84,2352,4
SKU-038,Bamboo Desk Organizer Drawer Tray,Office & Productivity,2024-12-16,61,1708,3
SKU-038,Bamboo Desk Organizer Drawer Tray,Office & Productivity,2024-12-23,72,2016,3
SKU-039,Stainless Steel Measuring Spoons Set,Home & Kitchen,2023-01-02,110,1868.8999999999999,3
SKU-039,Stainless Steel Measuring Spoons Set,Home & Kitchen,2023-01-09,106,1800.94,5
SKU-039,Stainless Steel Measuring Spoons Set,Home & Kitchen,2023-01-16,103,1749.9699999999998,3
SKU-039,Stainless Steel Measuring Spoons Set,Home & Kitchen,2023-01-23,105,1783.9499999999998,4
SKU-039,Stainless Steel Measuring Spoons Set,Home & Kitchen,2023-01-30,106,1800.94,4
SKU-039,Stainless Steel Measuring Spoons Set,Home & Kitchen,2023-02-06,126,2140.74,3
SKU-039,Stainless Steel Measuring Spoons Set,Home & Kitchen,2023-02-13,122,2072.7799999999997,5
SKU-039,Stainless Steel Measuring Spoons Set,Home & Kitchen,2023-02-20,120,2038.8,3
SKU-039,Stainless Steel Measuring Spoons Set,Home & Kitchen,2023-02-27,130,2208.7,3
SKU-039,Stainless Steel Measuring Spoons Set,Home & Kitchen,2023-03-06,118,2004.82,5
SKU-039,Stainless Steel Measuring Spoons Set,Home & Kitchen,2023-03-13,109,1851.91,4
SKU-039,Stainless Steel Measuring Spoons Set,Home & Kitchen,2023-03-20,116,1970.84,3
SKU-039,Stainless Steel Measuring Spoons Set,Home & Kitchen,2023-03-27,108,1834.92,3
SKU-039,Stainless Steel Measuring Spoons Set,Home & Kitchen,2023-04-03,116,1970.84,3
SKU-039,Stainless Steel Measuring Spoons Set,Home & Kitchen,2023-04-10,110,1868.9,4
SKU-039,Stainless Steel Measuring Spoons Set,Home & Kitchen,2023-04-17,111,1885.8899999999999,5
SKU-039,Stainless Steel Measuring Spoons Set,Home & Kitchen,2023-04-24,109,1851.91,3
SKU-039,Stainless Steel Measuring Spoons Set,Home & Kitchen,2023-05-01,139,2361.61,5
SKU-039,Stainless Steel Measuring Spoons Set,Home & Kitchen,2023-05-08,127,2157.73,3
SKU-039,Stainless Steel Measuring Spoons Set,Home & Kitchen,2023-05-15,142,2412.58,3
SKU-039,Stainless Steel Measuring Spoons Set,Home & Kitchen,2023-05-22,135,2293.65,5
SKU-039,Stainless Steel Measuring Spoons Set,Home & Kitchen,2023-05-29,118,2004.82,3
SKU-039,Stainless Steel Measuring Spoons Set,Home & Kitchen,2023-06-05,98,1665.02,3
SKU-039,Stainless Steel Measuring Spoons Set,Home & Kitchen,2023-06-12,120,2038.8,3
SKU-039,Stainless Steel Measuring Spoons Set,Home & Kitchen,2023-06-19,106,1800.94,5
SKU-039,Stainless Steel Measuring Spoons Set,Home & Kitchen,2023-06-26,121,2055.79,5
SKU-039,Stainless Steel Measuring Spoons Set,Home & Kitchen,2023-07-03,130,2208.7,5
SKU-039,Stainless Steel Measuring Spoons Set,Home & Kitchen,2023-07-10,123,2089.77,5
SKU-039,Stainless Steel Measuring Spoons Set,Home & Kitchen,2023-07-17,101,1715.99,5
SKU-039,Stainless Steel Measuring Spoons Set,Home & Kitchen,2023-07-24,96,1631.04,3
SKU-039,Stainless Steel Measuring Spoons Set,Home & Kitchen,2023-07-31,101,1715.99,4
SKU-039,Stainless Steel Measuring Spoons Set,Home & Kitchen,2023-08-07,112,1902.8799999999999,5
SKU-039,Stainless Steel Measuring Spoons Set,Home & Kitchen,2023-08-14,135,2293.65,5
SKU-039,Stainless Steel Measuring Spoons Set,Home & Kitchen,2023-08-21,117,1987.8300000000002,3
SKU-039,Stainless Steel Measuring Spoons Set,Home & Kitchen,2023-08-28,136,2310.64,5
SKU-039,Stainless Steel Measuring Spoons Set,Home & Kitchen,2023-09-04,104,1766.96,4
SKU-039,Stainless Steel Measuring Spoons Set,Home & Kitchen,2023-09-11,124,2106.76,3
SKU-039,Stainless Steel Measuring Spoons Set,Home & Kitchen,2023-09-18,116,1970.8400000000001,5
SKU-039,Stainless Steel Measuring Spoons Set,Home & Kitchen,2023-09-25,117,1987.83,3
SKU-039,Stainless Steel Measuring Spoons Set,Home & Kitchen,2023-10-02,129,2191.71,4
SKU-039,Stainless Steel Measuring Spoons Set,Home & Kitchen,2023-10-09,121,2055.79,5
SKU-039,Stainless Steel Measuring Spoons Set,Home & Kitchen,2023-10-16,81,1376.19,4
SKU-039,Stainless Steel Measuring Spoons Set,Home & Kitchen,2023-10-23,132,2242.68,3
SKU-039,Stainless Steel Measuring Spoons Set,Home & Kitchen,2023-10-30,121,2055.79,4
SKU-039,Stainless Steel Measuring Spoons Set,Home & Kitchen,2023-11-06,213,3618.87,3
SKU-039,Stainless Steel Measuring Spoons Set,Home & Kitchen,2023-11-13,197,3347.03,4
SKU-039,Stainless Steel Measuring Spoons Set,Home & Kitchen,2023-11-20,247,4196.53,4
SKU-039,Stainless Steel Measuring Spoons Set,Home & Kitchen,2023-11-27,227,3856.73,5
SKU-039,Stainless Steel Measuring Spoons Set,Home & Kitchen,2023-12-04,202,3431.98,3
SKU-039,Stainless Steel Measuring Spoons Set,Home & Kitchen,2023-12-11,242,4111.58,5
SKU-039,Stainless Steel Measuring Spoons Set,Home & Kitchen,2023-12-18,207,3516.93,5
SKU-039,Stainless Steel Measuring Spoons Set,Home & Kitchen,2023-12-25,196,3330.04,5
SKU-039,Stainless Steel Measuring Spoons Set,Home & Kitchen,2024-01-01,107,1817.9299999999998,5
SKU-039,Stainless Steel Measuring Spoons Set,Home & Kitchen,2024-01-08,115,1953.85,4
SKU-039,Stainless Steel Measuring Spoons Set,Home & Kitchen,2024-01-15,66,1121.34,4
SKU-039,Stainless Steel Measuring Spoons Set,Home & Kitchen,2024-01-22,91,1546.09,4
SKU-039,Stainless Steel Measuring Spoons Set,Home & Kitchen,2024-01-29,102,1732.98,3
SKU-039,Stainless Steel Measuring Spoons Set,Home & Kitchen,2024-02-05,113,1919.87,4
SKU-039,Stainless Steel Measuring Spoons Set,Home & Kitchen,2024-02-12,114,1936.86,4
SKU-039,Stainless Steel Measuring Spoons Set,Home & Kitchen,2024-02-19,120,2038.8,3
SKU-039,Stainless Steel Measuring Spoons Set,Home & Kitchen,2024-02-26,103,1749.97,5
SKU-039,Stainless Steel Measuring Spoons Set,Home & Kitchen,2024-03-04,124,2106.7599999999998,4
SKU-039,Stainless Steel Measuring Spoons Set,Home & Kitchen,2024-03-11,120,2038.8,3
SKU-039,Stainless Steel Measuring Spoons Set,Home & Kitchen,2024-03-18,124,2106.76,5
SKU-039,Stainless Steel Measuring Spoons Set,Home & Kitchen,2024-03-25,132,2242.68,5
SKU-039,Stainless Steel Measuring Spoons Set,Home & Kitchen,2024-04-01,129,2191.71,3
SKU-039,Stainless Steel Measuring Spoons Set,Home & Kitchen,2024-04-08,127,2157.73,3
SKU-039,Stainless Steel Measuring Spoons Set,Home & Kitchen,2024-04-15,143,2429.57,4
SKU-039,Stainless Steel Measuring Spoons Set,Home & Kitchen,2024-04-22,130,2208.7,4
SKU-039,Stainless Steel Measuring Spoons Set,Home & Kitchen,2024-04-29,98,1665.02,5
SKU-039,Stainless Steel Measuring Spoons Set,Home & Kitchen,2024-05-06,125,2123.75,5
SKU-039,Stainless Steel Measuring Spoons Set,Home & Kitchen,2024-05-13,111,1885.8899999999999,3
SKU-039,Stainless Steel Measuring Spoons Set,Home & Kitchen,2024-05-20,121,2055.79,5
SKU-039,Stainless Steel Measuring Spoons Set,Home & Kitchen,2024-05-27,138,2344.62,5
SKU-039,Stainless Steel Measuring Spoons Set,Home & Kitchen,2024-06-03,106,1800.94,3
SKU-039,Stainless Steel Measuring Spoons Set,Home & Kitchen,2024-06-10,120,2038.8000000000002,5
SKU-039,Stainless Steel Measuring Spoons Set,Home & Kitchen,2024-06-17,101,1715.99,4
SKU-039,Stainless Steel Measuring Spoons Set,Home & Kitchen,2024-06-24,119,2021.81,5
SKU-039,Stainless Steel Measuring Spoons Set,Home & Kitchen,2024-07-01,131,2225.69,4
SKU-039,Stainless Steel Measuring Spoons Set,Home & Kitchen,2024-07-08,120,2038.8,4
SKU-039,Stainless Steel Measuring Spoons Set,Home & Kitchen,2024-07-15,140,2378.6,4
SKU-039,Stainless Steel Measuring Spoons Set,Home & Kitchen,2024-07-22,114,1936.86,3
SKU-039,Stainless Steel Measuring Spoons Set,Home & Kitchen,2024-07-29,106,1800.94,5
SKU-039,Stainless Steel Measuring Spoons Set,Home & Kitchen,2024-08-05,125,2123.75,5
SKU-039,Stainless Steel Measuring Spoons Set,Home & Kitchen,2024-08-12,134,2276.66,3
SKU-039,Stainless Steel Measuring Spoons Set,Home & Kitchen,2024-08-19,116,1970.8400000000001,4
SKU-039,Stainless Steel Measuring Spoons Set,Home & Kitchen,2024-08-26,111,1885.89,3
SKU-039,Stainless Steel Measuring Spoons Set,Home & Kitchen,2024-09-02,97,1648.03,4
SKU-039,Stainless Steel Measuring Spoons Set,Home & Kitchen,2024-09-09,124,2106.7599999999998,5
SKU-039,Stainless Steel Measuring Spoons Set,Home & Kitchen,2024-09-16,126,2140.74,3
SKU-039,Stainless Steel Measuring Spoons Set,Home & Kitchen,2024-09-23,127,2157.73,5
SKU-039,Stainless Steel Measuring Spoons Set,Home & Kitchen,2024-09-30,135,2293.65,5
SKU-039,Stainless Steel Measuring Spoons Set,Home & Kitchen,2024-10-07,102,1732.98,3
SKU-039,Stainless Steel Measuring Spoons Set,Home & Kitchen,2024-10-14,94,1597.06,3
SKU-039,Stainless Steel Measuring Spoons Set,Home & Kitchen,2024-10-21,111,1885.89,3
SKU-039,Stainless Steel Measuring Spoons Set,Home & Kitchen,2024-10-28,103,1749.97,5
SKU-039,Stainless Steel Measuring Spoons Set,Home & Kitchen,2024-11-04,179,3041.21,4
SKU-039,Stainless Steel Measuring Spoons Set,Home & Kitchen,2024-11-11,202,3431.98,4
SKU-039,Stainless Steel Measuring Spoons Set,Home & Kitchen,2024-11-18,219,3720.81,4
SKU-039,Stainless Steel Measuring Spoons Set,Home & Kitchen,2024-11-25,199,3381.01,4
SKU-039,Stainless Steel Measuring Spoons Set,Home & Kitchen,2024-12-02,206,3499.9399999999996,5
SKU-039,Stainless Steel Measuring Spoons Set,Home & Kitchen,2024-12-09,215,3652.8500000000004,3
SKU-039,Stainless Steel Measuring Spoons Set,Home & Kitchen,2024-12-16,209,3550.91,5
SKU-039,Stainless Steel Measuring Spoons Set,Home & Kitchen,2024-12-23,199,3381.01,5
SKU-040,Heat-Resistant Silicone Spatula Set,Home & Kitchen,2023-01-02,89,1646.5,3
SKU-040,Heat-Resistant Silicone Spatula Set,Home & Kitchen,2023-01-09,114,2109.0,4
SKU-040,Heat-Resistant Silicone Spatula Set,Home & Kitchen,2023-01-16,107,1979.5,5
SKU-040,Heat-Resistant Silicone Spatula Set,Home & Kitchen,2023-01-23,118,2183.0,3
SKU-040,Heat-Resistant Silicone Spatula Set,Home & Kitchen,2023-01-30,115,2127.5,4
SKU-040,Heat-Resistant Silicone Spatula Set,Home & Kitchen,2023-02-06,123,2275.5,5
SKU-040,Heat-Resistant Silicone Spatula Set,Home & Kitchen,2023-02-13,113,2090.5,4
SKU-040,Heat-Resistant Silicone Spatula Set,Home & Kitchen,2023-02-20,134,2479.0,4
SKU-040,Heat-Resistant Silicone Spatula Set,Home & Kitchen,2023-02-27,106,1961.0,4
SKU-040,Heat-Resistant Silicone Spatula Set,Home & Kitchen,2023-03-06,89,1646.5,3
SKU-040,Heat-Resistant Silicone Spatula Set,Home & Kitchen,2023-03-13,133,2460.5,4
SKU-040,Heat-Resistant Silicone Spatula Set,Home & Kitchen,2023-03-20,103,1905.5,5
SKU-040,Heat-Resistant Silicone Spatula Set,Home & Kitchen,2023-03-27,123,2275.5,3
SKU-040,Heat-Resistant Silicone Spatula Set,Home & Kitchen,2023-04-03,119,2201.5,3
SKU-040,Heat-Resistant Silicone Spatula Set,Home & Kitchen,2023-04-10,110,2035.0,4
SKU-040,Heat-Resistant Silicone Spatula Set,Home & Kitchen,2023-04-17,107,1979.5,4
SKU-040,Heat-Resistant Silicone Spatula Set,Home & Kitchen,2023-04-24,118,2183.0,5
SKU-040,Heat-Resistant Silicone Spatula Set,Home & Kitchen,2023-05-01,120,2220.0,3
SKU-040,Heat-Resistant Silicone Spatula Set,Home & Kitchen,2023-05-08,125,2312.5,3
SKU-040,Heat-Resistant Silicone Spatula Set,Home & Kitchen,2023-05-15,114,2109.0,3
SKU-040,Heat-Resistant Silicone Spatula Set,Home & Kitchen,2023-05-22,107,1979.5,3
SKU-040,Heat-Resistant Silicone Spatula Set,Home & Kitchen,2023-05-29,110,2035.0,4
SKU-040,Heat-Resistant Silicone Spatula Set,Home & Kitchen,2023-06-05,84,1554.0,5
SKU-040,Heat-Resistant Silicone Spatula Set,Home & Kitchen,2023-06-12,101,1868.5,4
SKU-040,Heat-Resistant Silicone Spatula Set,Home & Kitchen,2023-06-19,134,2479.0,3
SKU-040,Heat-Resistant Silicone Spatula Set,Home & Kitchen,2023-06-26,109,2016.5,5
SKU-040,Heat-Resistant Silicone Spatula Set,Home & Kitchen,2023-07-03,101,1868.5,4
SKU-040,Heat-Resistant Silicone Spatula Set,Home & Kitchen,2023-07-10,120,2220.0,3
SKU-040,Heat-Resistant Silicone Spatula Set,Home & Kitchen,2023-07-17,103,1905.5,3
SKU-040,Heat-Resistant Silicone Spatula Set,Home & Kitchen,2023-07-24,102,1887.0,3
SKU-040,Heat-Resistant Silicone Spatula Set,Home & Kitchen,2023-07-31,99,1831.5,4
SKU-040,Heat-Resistant Silicone Spatula Set,Home & Kitchen,2023-08-07,121,2238.5,4
SKU-040,Heat-Resistant Silicone Spatula Set,Home & Kitchen,2023-08-14,136,2516.0,5
SKU-040,Heat-Resistant Silicone Spatula Set,Home & Kitchen,2023-08-21,106,1961.0,3
SKU-040,Heat-Resistant Silicone Spatula Set,Home & Kitchen,2023-08-28,91,1683.5,5
SKU-040,Heat-Resistant Silicone Spatula Set,Home & Kitchen,2023-09-04,116,2146.0,5
SKU-040,Heat-Resistant Silicone Spatula Set,Home & Kitchen,2023-09-11,90,1665.0,5
SKU-040,Heat-Resistant Silicone Spatula Set,Home & Kitchen,2023-09-18,124,2294,5
SKU-040,Heat-Resistant Silicone Spatula Set,Home & Kitchen,2023-09-25,116,2146,5
SKU-040,Heat-Resistant Silicone Spatula Set,Home & Kitchen,2023-10-02,121,2238.5,4
SKU-040,Heat-Resistant Silicone Spatula Set,Home & Kitchen,2023-10-09,139,2571.5,4
SKU-040,Heat-Resistant Silicone Spatula Set,Home & Kitchen,2023-10-16,130,2405.0,4
SKU-040,Heat-Resistant Silicone Spatula Set,Home & Kitchen,2023-10-23,112,2072.0,3
SKU-040,Heat-Resistant Silicone Spatula Set,Home & Kitchen,2023-10-30,118,2183.0,3
SKU-040,Heat-Resistant Silicone Spatula Set,Home & Kitchen,2023-11-06,190,3515.0,5
SKU-040,Heat-Resistant Silicone Spatula Set,Home & Kitchen,2023-11-13,183,3385.5,4
SKU-040,Heat-Resistant Silicone Spatula Set,Home & Kitchen,2023-11-20,195,3607.5,3
SKU-040,Heat-Resistant Silicone Spatula Set,Home & Kitchen,2023-11-27,229,4236.5,4
SKU-040,Heat-Resistant Silicone Spatula Set,Home & Kitchen,2023-12-04,203,3755.5,3
SKU-040,Heat-Resistant Silicone Spatula Set,Home & Kitchen,2023-12-11,218,4033.0,4
SKU-040,Heat-Resistant Silicone Spatula Set,Home & Kitchen,2023-12-18,181,3348.5,3
SKU-040,Heat-Resistant Silicone Spatula Set,Home & Kitchen,2023-12-25,168,3108.0,4
SKU-040,Heat-Resistant Silicone Spatula Set,Home & Kitchen,2024-01-01,119,2201.5,5
SKU-040,Heat-Resistant Silicone Spatula Set,Home & Kitchen,2024-01-08,100,1850.0,5
SKU-040,Heat-Resistant Silicone Spatula Set,Home & Kitchen,2024-01-15,84,1554.0,3
SKU-040,Heat-Resistant Silicone Spatula Set,Home & Kitchen,2024-01-22,106,1961.0,3
SKU-040,Heat-Resistant Silicone Spatula Set,Home & Kitchen,2024-01-29,115,2127.5,3
SKU-040,Heat-Resistant Silicone Spatula Set,Home & Kitchen,2024-02-05,120,2220.0,5
SKU-040,Heat-Resistant Silicone Spatula Set,Home & Kitchen,2024-02-12,127,2349.5,5
SKU-040,Heat-Resistant Silicone Spatula Set,Home & Kitchen,2024-02-19,123,2275.5,3
SKU-040,Heat-Resistant Silicone Spatula Set,Home & Kitchen,2024-02-26,118,2183.0,5
SKU-040,Heat-Resistant Silicone Spatula Set,Home & Kitchen,2024-03-04,122,2257.0,3
SKU-040,Heat-Resistant Silicone Spatula Set,Home & Kitchen,2024-03-11,123,2275.5,5
SKU-040,Heat-Resistant Silicone Spatula Set,Home & Kitchen,2024-03-18,142,2627.0,3
SKU-040,Heat-Resistant Silicone Spatula Set,Home & Kitchen,2024-03-25,96,1776.0,4
SKU-040,Heat-Resistant Silicone Spatula Set,Home & Kitchen,2024-04-01,118,2183.0,3
SKU-040,Heat-Resistant Silicone Spatula Set,Home & Kitchen,2024-04-08,122,2257.0,4
SKU-040,Heat-Resistant Silicone Spatula Set,Home & Kitchen,2024-04-15,97,1794.5,4
SKU-040,Heat-Resistant Silicone Spatula Set,Home & Kitchen,2024-04-22,119,2201.5,3
SKU-040,Heat-Resistant Silicone Spatula Set,Home & Kitchen,2024-04-29,123,2275.5,4
SKU-040,Heat-Resistant Silicone Spatula Set,Home & Kitchen,2024-05-06,147,2719.5,3
SKU-040,Heat-Resistant Silicone Spatula Set,Home & Kitchen,2024-05-13,118,2183.0,4
SKU-040,Heat-Resistant Silicone Spatula Set,Home & Kitchen,2024-05-20,120,2220.0,4
SKU-040,Heat-Resistant Silicone Spatula Set,Home & Kitchen,2024-05-27,109,2016.5,3
SKU-040,Heat-Resistant Silicone Spatula Set,Home & Kitchen,2024-06-03,135,2497.5,4
SKU-040,Heat-Resistant Silicone Spatula Set,Home & Kitchen,2024-06-10,116,2146.0,5
SKU-040,Heat-Resistant Silicone Spatula Set,Home & Kitchen,2024-06-17,132,2442.0,5
SKU-040,Heat-Resistant Silicone Spatula Set,Home & Kitchen,2024-06-24,138,2553.0,3
SKU-040,Heat-Resistant Silicone Spatula Set,Home & Kitchen,2024-07-01,126,2331.0,4
SKU-040,Heat-Resistant Silicone Spatula Set,Home & Kitchen,2024-07-08,121,2238.5,5
SKU-040,Heat-Resistant Silicone Spatula Set,Home & Kitchen,2024-07-15,121,2238.5,5
SKU-040,Heat-Resistant Silicone Spatula Set,Home & Kitchen,2024-07-22,103,1905.5,3
SKU-040,Heat-Resistant Silicone Spatula Set,Home & Kitchen,2024-07-29,111,2053.5,5
SKU-040,Heat-Resistant Silicone Spatula Set,Home & Kitchen,2024-08-05,118,2183.0,3
SKU-040,Heat-Resistant Silicone Spatula Set,Home & Kitchen,2024-08-12,117,2164.5,3
SKU-040,Heat-Resistant Silicone Spatula Set,Home & Kitchen,2024-08-19,123,2275.5,3
SKU-040,Heat-Resistant Silicone Spatula Set,Home & Kitchen,2024-08-26,147,2719.5,4
SKU-040,Heat-Resistant Silicone Spatula Set,Home & Kitchen,2024-09-02,111,2053.5,3
SKU-040,Heat-Resistant Silicone Spatula Set,Home & Kitchen,2024-09-09,115,2127.5,5
SKU-040,Heat-Resistant Silicone Spatula Set,Home & Kitchen,2024-09-16,129,2386.5,3
SKU-040,Heat-Resistant Silicone Spatula Set,Home & Kitchen,2024-09-23,126,2331.0,4
SKU-040,Heat-Resistant Silicone Spatula Set,Home & Kitchen,2024-09-30,135,2497.5,5
SKU-040,Heat-Resistant Silicone Spatula Set,Home & Kitchen,2024-10-07,119,2201.5,4
SKU-040,Heat-Resistant Silicone Spatula Set,Home & Kitchen,2024-10-14,112,2072,3
SKU-040,Heat-Resistant Silicone Spatula Set,Home & Kitchen,2024-10-21,130,2405.0,3
SKU-040,Heat-Resistant Silicone Spatula Set,Home & Kitchen,2024-10-28,90,1665.0,4
SKU-040,Heat-Resistant Silicone Spatula Set,Home & Kitchen,2024-11-04,199,3681.5,3
SKU-040,Heat-Resistant Silicone Spatula Set,Home & Kitchen,2024-11-11,206,3811,4
SKU-040,Heat-Resistant Silicone Spatula Set,Home & Kitchen,2024-11-18,247,4569.5,5
SKU-040,Heat-Resistant Silicone Spatula Set,Home & Kitchen,2024-11-25,237,4384.5,3
SKU-040,Heat-Resistant Silicone Spatula Set,Home & Kitchen,2024-12-02,210,3885,5
SKU-040,Heat-Resistant Silicone Spatula Set,Home & Kitchen,2024-12-09,213,3940.5,3
SKU-040,Heat-Resistant Silicone Spatula Set,Home & Kitchen,2024-12-16,195,3607.5,5
SKU-040,Heat-Resistant Silicone Spatula Set,Home & Kitchen,2024-12-23,164,3034.0,4
SKU-041,Aluminum Locking Carabiners 4pk,Outdoor & Sports,2023-01-02,104,1558.96,4
SKU-041,Aluminum Locking Carabiners 4pk,Outdoor & Sports,2023-01-09,95,1424.05,4
SKU-041,Aluminum Locking Carabiners 4pk,Outdoor & Sports,2023-01-16,102,1528.98,5
SKU-041,Aluminum Locking Carabiners 4pk,Outdoor & Sports,2023-01-23,105,1573.95,4
SKU-041,Aluminum Locking Carabiners 4pk,Outdoor & Sports,2023-01-30,100,1499.0,4
SKU-041,Aluminum Locking Carabiners 4pk,Outdoor & Sports,2023-02-06,110,1648.9,4
SKU-041,Aluminum Locking Carabiners 4pk,Outdoor & Sports,2023-02-13,107,1603.93,5
SKU-041,Aluminum Locking Carabiners 4pk,Outdoor & Sports,2023-02-20,121,1813.79,4
SKU-041,Aluminum Locking Carabiners 4pk,Outdoor & Sports,2023-02-27,102,1528.98,3
SKU-041,Aluminum Locking Carabiners 4pk,Outdoor & Sports,2023-03-06,141,2113.59,4
SKU-041,Aluminum Locking Carabiners 4pk,Outdoor & Sports,2023-03-13,110,1648.9,4
SKU-041,Aluminum Locking Carabiners 4pk,Outdoor & Sports,2023-03-20,109,1633.91,5
SKU-041,Aluminum Locking Carabiners 4pk,Outdoor & Sports,2023-03-27,115,1723.85,3
SKU-041,Aluminum Locking Carabiners 4pk,Outdoor & Sports,2023-04-03,99,1484.01,4
SKU-041,Aluminum Locking Carabiners 4pk,Outdoor & Sports,2023-04-10,91,1364.0900000000001,3
SKU-041,Aluminum Locking Carabiners 4pk,Outdoor & Sports,2023-04-17,132,1978.68,4
SKU-041,Aluminum Locking Carabiners 4pk,Outdoor & Sports,2023-04-24,123,1843.77,5
SKU-041,Aluminum Locking Carabiners 4pk,Outdoor & Sports,2023-05-01,198,2968.02,5
SKU-041,Aluminum Locking Carabiners 4pk,Outdoor & Sports,2023-05-08,197,2953.0299999999997,4
SKU-041,Aluminum Locking Carabiners 4pk,Outdoor & Sports,2023-05-15,213,3192.87,3
SKU-041,Aluminum Locking Carabiners 4pk,Outdoor & Sports,2023-05-22,224,3357.76,3
SKU-041,Aluminum Locking Carabiners 4pk,Outdoor & Sports,2023-05-29,219,3282.81,5
SKU-041,Aluminum Locking Carabiners 4pk,Outdoor & Sports,2023-06-05,222,3327.7799999999997,5
SKU-041,Aluminum Locking Carabiners 4pk,Outdoor & Sports,2023-06-12,216,3237.84,3
SKU-041,Aluminum Locking Carabiners 4pk,Outdoor & Sports,2023-06-19,225,3372.75,4
SKU-041,Aluminum Locking Carabiners 4pk,Outdoor & Sports,2023-06-26,232,3477.6800000000003,4
SKU-041,Aluminum Locking Carabiners 4pk,Outdoor & Sports,2023-07-03,221,3312.79,4
SKU-041,Aluminum Locking Carabiners 4pk,Outdoor & Sports,2023-07-10,234,3507.66,5
SKU-041,Aluminum Locking Carabiners 4pk,Outdoor & Sports,2023-07-17,213,3192.87,3
SKU-041,Aluminum Locking Carabiners 4pk,Outdoor & Sports,2023-07-24,227,3402.73,5
SKU-041,Aluminum Locking Carabiners 4pk,Outdoor & Sports,2023-07-31,220,3297.8,4
SKU-041,Aluminum Locking Carabiners 4pk,Outdoor & Sports,2023-08-07,200,2998.0,5
SKU-041,Aluminum Locking Carabiners 4pk,Outdoor & Sports,2023-08-14,234,3507.66,4
SKU-041,Aluminum Locking Carabiners 4pk,Outdoor & Sports,2023-08-21,230,3447.7,3
SKU-041,Aluminum Locking Carabiners 4pk,Outdoor & Sports,2023-08-28,175,2623.25,5
SKU-041,Aluminum Locking Carabiners 4pk,Outdoor & Sports,2023-09-04,92,1379.08,4
SKU-041,Aluminum Locking Carabiners 4pk,Outdoor & Sports,2023-09-11,99,1484.01,4
SKU-041,Aluminum Locking Carabiners 4pk,Outdoor & Sports,2023-09-18,110,1648.9,4
SKU-041,Aluminum Locking Carabiners 4pk,Outdoor & Sports,2023-09-25,122,1828.78,5
SKU-041,Aluminum Locking Carabiners 4pk,Outdoor & Sports,2023-10-02,116,1738.8400000000001,5
SKU-041,Aluminum Locking Carabiners 4pk,Outdoor & Sports,2023-10-09,124,1858.76,5
SKU-041,Aluminum Locking Carabiners 4pk,Outdoor & Sports,2023-10-16,133,1993.67,4
SKU-041,Aluminum Locking Carabiners 4pk,Outdoor & Sports,2023-10-23,142,2128.58,3
SKU-041,Aluminum Locking Carabiners 4pk,Outdoor & Sports,2023-10-30,119,1783.81,4
SKU-041,Aluminum Locking Carabiners 4pk,Outdoor & Sports,2023-11-06,112,1678.88,4
SKU-041,Aluminum Locking Carabiners 4pk,Outdoor & Sports,2023-11-13,110,1648.9,5
SKU-041,Aluminum Locking Carabiners 4pk,Outdoor & Sports,2023-11-20,123,1843.77,5
SKU-041,Aluminum Locking Carabiners 4pk,Outdoor & Sports,2023-11-27,137,2053.63,5
SKU-041,Aluminum Locking Carabiners 4pk,Outdoor & Sports,2023-12-04,126,1888.74,5
SKU-041,Aluminum Locking Carabiners 4pk,Outdoor & Sports,2023-12-11,107,1603.93,3
SKU-041,Aluminum Locking Carabiners 4pk,Outdoor & Sports,2023-12-18,91,1364.0900000000001,5
SKU-041,Aluminum Locking Carabiners 4pk,Outdoor & Sports,2023-12-25,109,1633.91,3
SKU-041,Aluminum Locking Carabiners 4pk,Outdoor & Sports,2024-01-01,106,1588.94,5
SKU-041,Aluminum Locking Carabiners 4pk,Outdoor & Sports,2024-01-08,120,1798.8,3
SKU-041,Aluminum Locking Carabiners 4pk,Outdoor & Sports,2024-01-15,123,1843.77,4
SKU-041,Aluminum Locking Carabiners 4pk,Outdoor & Sports,2024-01-22,126,1888.74,5
SKU-041,Aluminum Locking Carabiners 4pk,Outdoor & Sports,2024-01-29,120,1798.8,5
SKU-041,Aluminum Locking Carabiners 4pk,Outdoor & Sports,2024-02-05,110,1648.9,4
SKU-041,Aluminum Locking Carabiners 4pk,Outdoor & Sports,2024-02-12,111,1663.89,3
SKU-041,Aluminum Locking Carabiners 4pk,Outdoor & Sports,2024-02-19,107,1603.93,5
SKU-041,Aluminum Locking Carabiners 4pk,Outdoor & Sports,2024-02-26,113,1693.8700000000001,5
SKU-041,Aluminum Locking Carabiners 4pk,Outdoor & Sports,2024-03-04,110,1648.9,4
SKU-041,Aluminum Locking Carabiners 4pk,Outdoor & Sports,2024-03-11,114,1708.86,3
SKU-041,Aluminum Locking Carabiners 4pk,Outdoor & Sports,2024-03-18,123,1843.77,4
SKU-041,Aluminum Locking Carabiners 4pk,Outdoor & Sports,2024-03-25,122,1828.78,5
SKU-041,Aluminum Locking Carabiners 4pk,Outdoor & Sports,2024-04-01,108,1618.92,5
SKU-041,Aluminum Locking Carabiners 4pk,Outdoor & Sports,2024-04-08,118,1768.82,5
SKU-041,Aluminum Locking Carabiners 4pk,Outdoor & Sports,2024-04-15,97,1454.03,5
SKU-041,Aluminum Locking Carabiners 4pk,Outdoor & Sports,2024-04-22,135,2023.65,5
SKU-041,Aluminum Locking Carabiners 4pk,Outdoor & Sports,2024-04-29,109,1633.9099999999999,3
SKU-041,Aluminum Locking Carabiners 4pk,Outdoor & Sports,2024-05-06,232,3477.68,4
SKU-041,Aluminum Locking Carabiners 4pk,Outdoor & Sports,2024-05-13,197,2953.0299999999997,4
SKU-041,Aluminum Locking Carabiners 4pk,Outdoor & Sports,2024-05-20,235,3522.65,4
SKU-041,Aluminum Locking Carabiners 4pk,Outdoor & Sports,2024-05-27,210,3147.9,3
SKU-041,Aluminum Locking Carabiners 4pk,Outdoor & Sports,2024-06-03,205,3072.95,3
SKU-041,Aluminum Locking Carabiners 4pk,Outdoor & Sports,2024-06-10,225,3372.75,3
SKU-041,Aluminum Locking Carabiners 4pk,Outdoor & Sports,2024-06-17,241,3612.59,4
SKU-041,Aluminum Locking Carabiners 4pk,Outdoor & Sports,2024-06-24,260,3897.4,4
SKU-041,Aluminum Locking Carabiners 4pk,Outdoor & Sports,2024-07-01,225,3372.75,4
SKU-041,Aluminum Locking Carabiners 4pk,Outdoor & Sports,2024-07-08,232,3477.68,5
SKU-041,Aluminum Locking Carabiners 4pk,Outdoor & Sports,2024-07-15,236,3537.64,5
SKU-041,Aluminum Locking Carabiners 4pk,Outdoor & Sports,2024-07-22,202,3027.98,3
SKU-041,Aluminum Locking Carabiners 4pk,Outdoor & Sports,2024-07-29,240,3597.6,4
SKU-041,Aluminum Locking Carabiners 4pk,Outdoor & Sports,2024-08-05,199,2983.01,4
SKU-041,Aluminum Locking Carabiners 4pk,Outdoor & Sports,2024-08-12,251,3762.49,5
SKU-041,Aluminum Locking Carabiners 4pk,Outdoor & Sports,2024-08-19,219,3282.81,3
SKU-041,Aluminum Locking Carabiners 4pk,Outdoor & Sports,2024-08-26,201,3012.99,4
SKU-041,Aluminum Locking Carabiners 4pk,Outdoor & Sports,2024-09-02,117,1753.83,3
SKU-041,Aluminum Locking Carabiners 4pk,Outdoor & Sports,2024-09-09,89,1334.1100000000001,5
SKU-041,Aluminum Locking Carabiners 4pk,Outdoor & Sports,2024-09-16,113,1693.8700000000001,5
SKU-041,Aluminum Locking Carabiners 4pk,Outdoor & Sports,2024-09-23,131,1963.69,4
SKU-041,Aluminum Locking Carabiners 4pk,Outdoor & Sports,2024-09-30,114,1708.8600000000001,3
SKU-041,Aluminum Locking Carabiners 4pk,Outdoor & Sports,2024-10-07,105,1573.95,4
SKU-041,Aluminum Locking Carabiners 4pk,Outdoor & Sports,2024-10-14,138,2068.62,4
SKU-041,Aluminum Locking Carabiners 4pk,Outdoor & Sports,2024-10-21,134,2008.66,3
SKU-041,Aluminum Locking Carabiners 4pk,Outdoor & Sports,2024-10-28,106,1588.94,3
SKU-041,Aluminum Locking Carabiners 4pk,Outdoor & Sports,2024-11-04,88,1319.12,3
SKU-041,Aluminum Locking Carabiners 4pk,Outdoor & Sports,2024-11-11,99,1484.01,4
SKU-041,Aluminum Locking Carabiners 4pk,Outdoor & Sports,2024-11-18,113,1693.87,4
SKU-041,Aluminum Locking Carabiners 4pk,Outdoor & Sports,2024-11-25,130,1948.7,3
SKU-041,Aluminum Locking Carabiners 4pk,Outdoor & Sports,2024-12-02,113,1693.87,5
SKU-041,Aluminum Locking Carabiners 4pk,Outdoor & Sports,2024-12-09,109,1633.91,5
SKU-041,Aluminum Locking Carabiners 4pk,Outdoor & Sports,2024-12-16,123,1843.77,4
SKU-041,Aluminum Locking Carabiners 4pk,Outdoor & Sports,2024-12-23,122,1828.78,5
SKU-042,Quick-Dry Microfiber Camp Towel,Outdoor & Sports,2023-01-02,82,1722,3
SKU-042,Quick-Dry Microfiber Camp Towel,Outdoor & Sports,2023-01-09,124,2604,3
SKU-042,Quick-Dry Microfiber Camp Towel,Outdoor & Sports,2023-01-16,81,1701,3
SKU-042,Quick-Dry Microfiber Camp Towel,Outdoor & Sports,2023-01-23,76,1596,4
SKU-042,Quick-Dry Microfiber Camp Towel,Outdoor & Sports,2023-01-30,67,1407,4
SKU-042,Quick-Dry Microfiber Camp Towel,Outdoor & Sports,2023-02-06,93,1953,5
SKU-042,Quick-Dry Microfiber Camp Towel,Outdoor & Sports,2023-02-13,84,1764,4
SKU-042,Quick-Dry Microfiber Camp Towel,Outdoor & Sports,2023-02-20,61,1281,4
SKU-042,Quick-Dry Microfiber Camp Towel,Outdoor & Sports,2023-02-27,66,1386,4
SKU-042,Quick-Dry Microfiber Camp Towel,Outdoor & Sports,2023-03-06,88,1848,3
SKU-042,Quick-Dry Microfiber Camp Towel,Outdoor & Sports,2023-03-13,73,1533,5
SKU-042,Quick-Dry Microfiber Camp Towel,Outdoor & Sports,2023-03-20,74,1554,4
SKU-042,Quick-Dry Microfiber Camp Towel,Outdoor & Sports,2023-03-27,88,1848,3
SKU-042,Quick-Dry Microfiber Camp Towel,Outdoor & Sports,2023-04-03,78,1638,5
SKU-042,Quick-Dry Microfiber Camp Towel,Outdoor & Sports,2023-04-10,91,1911,3
SKU-042,Quick-Dry Microfiber Camp Towel,Outdoor & Sports,2023-04-17,68,1428,5
SKU-042,Quick-Dry Microfiber Camp Towel,Outdoor & Sports,2023-04-24,76,1596,5
SKU-042,Quick-Dry Microfiber Camp Towel,Outdoor & Sports,2023-05-01,138,2898,3
SKU-042,Quick-Dry Microfiber Camp Towel,Outdoor & Sports,2023-05-08,160,3360,4
SKU-042,Quick-Dry Microfiber Camp Towel,Outdoor & Sports,2023-05-15,133,2793,3
SKU-042,Quick-Dry Microfiber Camp Towel,Outdoor & Sports,2023-05-22,127,2667,5
SKU-042,Quick-Dry Microfiber Camp Towel,Outdoor & Sports,2023-05-29,152,3192,4
SKU-042,Quick-Dry Microfiber Camp Towel,Outdoor & Sports,2023-06-05,137,2877,5
SKU-042,Quick-Dry Microfiber Camp Towel,Outdoor & Sports,2023-06-12,169,3549,3
SKU-042,Quick-Dry Microfiber Camp Towel,Outdoor & Sports,2023-06-19,164,3444,4
SKU-042,Quick-Dry Microfiber Camp Towel,Outdoor & Sports,2023-06-26,160,3360,5
SKU-042,Quick-Dry Microfiber Camp Towel,Outdoor & Sports,2023-07-03,176,3696,4
SKU-042,Quick-Dry Microfiber Camp Towel,Outdoor & Sports,2023-07-10,153,3213,4
SKU-042,Quick-Dry Microfiber Camp Towel,Outdoor & Sports,2023-07-17,146,3066,3
SKU-042,Quick-Dry Microfiber Camp Towel,Outdoor & Sports,2023-07-24,129,2709,5
SKU-042,Quick-Dry Microfiber Camp Towel,Outdoor & Sports,2023-07-31,144,3024,5
SKU-042,Quick-Dry Microfiber Camp Towel,Outdoor & Sports,2023-08-07,163,3423,3
SKU-042,Quick-Dry Microfiber Camp Towel,Outdoor & Sports,2023-08-14,172,3612,5
SKU-042,Quick-Dry Microfiber Camp Towel,Outdoor & Sports,2023-08-21,124,2604,3
SKU-042,Quick-Dry Microfiber Camp Towel,Outdoor & Sports,2023-08-28,118,2478,4
SKU-042,Quick-Dry Microfiber Camp Towel,Outdoor & Sports,2023-09-04,72,1512,5
SKU-042,Quick-Dry Microfiber Camp Towel,Outdoor & Sports,2023-09-11,87,1827,3
SKU-042,Quick-Dry Microfiber Camp Towel,Outdoor & Sports,2023-09-18,75,1575,4
SKU-042,Quick-Dry Microfiber Camp Towel,Outdoor & Sports,2023-09-25,97,2037,3
SKU-042,Quick-Dry Microfiber Camp Towel,Outdoor & Sports,2023-10-02,74,1554,4
SKU-042,Quick-Dry Microfiber Camp Towel,Outdoor & Sports,2023-10-09,79,1659,4
SKU-042,Quick-Dry Microfiber Camp Towel,Outdoor & Sports,2023-10-16,91,1911,5
SKU-042,Quick-Dry Microfiber Camp Towel,Outdoor & Sports,2023-10-23,89,1869,4
SKU-042,Quick-Dry Microfiber Camp Towel,Outdoor & Sports,2023-10-30,72,1512,4
SKU-042,Quick-Dry Microfiber Camp Towel,Outdoor & Sports,2023-11-06,80,1680,3
SKU-042,Quick-Dry Microfiber Camp Towel,Outdoor & Sports,2023-11-13,80,1680,4
SKU-042,Quick-Dry Microfiber Camp Towel,Outdoor & Sports,2023-11-20,74,1554,4
SKU-042,Quick-Dry Microfiber Camp Towel,Outdoor & Sports,2023-11-27,68,1428,5
SKU-042,Quick-Dry Microfiber Camp Towel,Outdoor & Sports,2023-12-04,101,2121,3
SKU-042,Quick-Dry Microfiber Camp Towel,Outdoor & Sports,2023-12-11,88,1848,4
SKU-042,Quick-Dry Microfiber Camp Towel,Outdoor & Sports,2023-12-18,70,1470,4
SKU-042,Quick-Dry Microfiber Camp Towel,Outdoor & Sports,2023-12-25,68,1428,5
SKU-042,Quick-Dry Microfiber Camp Towel,Outdoor & Sports,2024-01-01,64,1344,4
SKU-042,Quick-Dry Microfiber Camp Towel,Outdoor & Sports,2024-01-08,82,1722,3
SKU-042,Quick-Dry Microfiber Camp Towel,Outdoor & Sports,2024-01-15,78,1638,5
SKU-042,Quick-Dry Microfiber Camp Towel,Outdoor & Sports,2024-01-22,81,1701,3
SKU-042,Quick-Dry Microfiber Camp Towel,Outdoor & Sports,2024-01-29,67,1407,3
SKU-042,Quick-Dry Microfiber Camp Towel,Outdoor & Sports,2024-02-05,82,1722,4
SKU-042,Quick-Dry Microfiber Camp Towel,Outdoor & Sports,2024-02-12,73,1533,4
SKU-042,Quick-Dry Microfiber Camp Towel,Outdoor & Sports,2024-02-19,68,1428,5
SKU-042,Quick-Dry Microfiber Camp Towel,Outdoor & Sports,2024-02-26,83,1743,5
SKU-042,Quick-Dry Microfiber Camp Towel,Outdoor & Sports,2024-03-04,81,1701,3
SKU-042,Quick-Dry Microfiber Camp Towel,Outdoor & Sports,2024-03-11,78,1638,3
SKU-042,Quick-Dry Microfiber Camp Towel,Outdoor & Sports,2024-03-18,79,1659,3
SKU-042,Quick-Dry Microfiber Camp Towel,Outdoor & Sports,2024-03-25,74,1554,4
SKU-042,Quick-Dry Microfiber Camp Towel,Outdoor & Sports,2024-04-01,84,1764,4
SKU-042,Quick-Dry Microfiber Camp Towel,Outdoor & Sports,2024-04-08,84,1764,5
SKU-042,Quick-Dry Microfiber Camp Towel,Outdoor & Sports,2024-04-15,81,1701,5
SKU-042,Quick-Dry Microfiber Camp Towel,Outdoor & Sports,2024-04-22,98,2058,4
SKU-042,Quick-Dry Microfiber Camp Towel,Outdoor & Sports,2024-04-29,85,1785,4
SKU-042,Quick-Dry Microfiber Camp Towel,Outdoor & Sports,2024-05-06,135,2835,5
SKU-042,Quick-Dry Microfiber Camp Towel,Outdoor & Sports,2024-05-13,164,3444,3
SKU-042,Quick-Dry Microfiber Camp Towel,Outdoor & Sports,2024-05-20,146,3066,3
SKU-042,Quick-Dry Microfiber Camp Towel,Outdoor & Sports,2024-05-27,180,3780,5
SKU-042,Quick-Dry Microfiber Camp Towel,Outdoor & Sports,2024-06-03,155,3255,3
SKU-042,Quick-Dry Microfiber Camp Towel,Outdoor & Sports,2024-06-10,155,3255,5
SKU-042,Quick-Dry Microfiber Camp Towel,Outdoor & Sports,2024-06-17,165,3465,4
SKU-042,Quick-Dry Microfiber Camp Towel,Outdoor & Sports,2024-06-24,161,3381,3
SKU-042,Quick-Dry Microfiber Camp Towel,Outdoor & Sports,2024-07-01,153,3213,4
SKU-042,Quick-Dry Microfiber Camp Towel,Outdoor & Sports,2024-07-08,165,3465,3
SKU-042,Quick-Dry Microfiber Camp Towel,Outdoor & Sports,2024-07-15,163,3423,5
SKU-042,Quick-Dry Microfiber Camp Towel,Outdoor & Sports,2024-07-22,163,3423,5
SKU-042,Quick-Dry Microfiber Camp Towel,Outdoor & Sports,2024-07-29,152,3192,4
SKU-042,Quick-Dry Microfiber Camp Towel,Outdoor & Sports,2024-08-05,151,3171,4
SKU-042,Quick-Dry Microfiber Camp Towel,Outdoor & Sports,2024-08-12,162,3402,5
SKU-042,Quick-Dry Microfiber Camp Towel,Outdoor & Sports,2024-08-19,143,3003,5
SKU-042,Quick-Dry Microfiber Camp Towel,Outdoor & Sports,2024-08-26,133,2793,5
SKU-042,Quick-Dry Microfiber Camp Towel,Outdoor & Sports,2024-09-02,69,1449,5
SKU-042,Quick-Dry Microfiber Camp Towel,Outdoor & Sports,2024-09-09,94,1974,3
SKU-042,Quick-Dry Microfiber Camp Towel,Outdoor & Sports,2024-09-16,95,1995,5
SKU-042,Quick-Dry Microfiber Camp Towel,Outdoor & Sports,2024-09-23,87,1827,5
SKU-042,Quick-Dry Microfiber Camp Towel,Outdoor & Sports,2024-09-30,79,1659,4
SKU-042,Quick-Dry Microfiber Camp Towel,Outdoor & Sports,2024-10-07,80,1680,4
SKU-042,Quick-Dry Microfiber Camp Towel,Outdoor & Sports,2024-10-14,64,1344,3
SKU-042,Quick-Dry Microfiber Camp Towel,Outdoor & Sports,2024-10-21,70,1470,5
SKU-042,Quick-Dry Microfiber Camp Towel,Outdoor & Sports,2024-10-28,73,1533,3
SKU-042,Quick-Dry Microfiber Camp Towel,Outdoor & Sports,2024-11-04,80,1680,5
SKU-042,Quick-Dry Microfiber Camp Towel,Outdoor & Sports,2024-11-11,77,1617,5
SKU-042,Quick-Dry Microfiber Camp Towel,Outdoor & Sports,2024-11-18,54,1134,3
SKU-042,Quick-Dry Microfiber Camp Towel,Outdoor & Sports,2024-11-25,65,1365,5
SKU-042,Quick-Dry Microfiber Camp Towel,Outdoor & Sports,2024-12-02,71,1491,4
SKU-042,Quick-Dry Microfiber Camp Towel,Outdoor & Sports,2024-12-09,62,1302,3
SKU-042,Quick-Dry Microfiber Camp Towel,Outdoor & Sports,2024-12-16,64,1344,4
SKU-042,Quick-Dry Microfiber Camp Towel,Outdoor & Sports,2024-12-23,76,1596,5
SKU-043,Organic Cotton Crew Neck Tee,Apparel & Footwear,2023-01-02,111,2886,4
SKU-043,Organic Cotton Crew Neck Tee,Apparel & Footwear,2023-01-09,110,2860,5
SKU-043,Organic Cotton Crew Neck Tee,Apparel & Footwear,2023-01-16,140,3640,3
SKU-043,Organic Cotton Crew Neck Tee,Apparel & Footwear,2023-01-23,103,2678,4
SKU-043,Organic Cotton Crew Neck Tee,Apparel & Footwear,2023-01-30,151,3926,4
SKU-043,Organic Cotton Crew Neck Tee,Apparel & Footwear,2023-02-06,99,2574,4
SKU-043,Organic Cotton Crew Neck Tee,Apparel & Footwear,2023-02-13,142,3692,3
SKU-043,Organic Cotton Crew Neck Tee,Apparel & Footwear,2023-02-20,127,3302,5
SKU-043,Organic Cotton Crew Neck Tee,Apparel & Footwear,2023-02-27,117,3042,3
SKU-043,Organic Cotton Crew Neck Tee,Apparel & Footwear,2023-03-06,95,2470,5
SKU-043,Organic Cotton Crew Neck Tee,Apparel & Footwear,2023-03-13,138,3588,5
SKU-043,Organic Cotton Crew Neck Tee,Apparel & Footwear,2023-03-20,122,3172,5
SKU-043,Organic Cotton Crew Neck Tee,Apparel & Footwear,2023-03-27,119,3094,5
SKU-043,Organic Cotton Crew Neck Tee,Apparel & Footwear,2023-04-03,112,2912,3
SKU-043,Organic Cotton Crew Neck Tee,Apparel & Footwear,2023-04-10,143,3718,5
SKU-043,Organic Cotton Crew Neck Tee,Apparel & Footwear,2023-04-17,135,3510,3
SKU-043,Organic Cotton Crew Neck Tee,Apparel & Footwear,2023-04-24,130,3380,4
SKU-043,Organic Cotton Crew Neck Tee,Apparel & Footwear,2023-05-01,196,5096,5
SKU-043,Organic Cotton Crew Neck Tee,Apparel & Footwear,2023-05-08,213,5538,3
SKU-043,Organic Cotton Crew Neck Tee,Apparel & Footwear,2023-05-15,256,6656,4
SKU-043,Organic Cotton Crew Neck Tee,Apparel & Footwear,2023-05-22,217,5642,3
SKU-043,Organic Cotton Crew Neck Tee,Apparel & Footwear,2023-05-29,244,6344,4
SKU-043,Organic Cotton Crew Neck Tee,Apparel & Footwear,2023-06-05,272,7072,3
SKU-043,Organic Cotton Crew Neck Tee,Apparel & Footwear,2023-06-12,242,6292,3
SKU-043,Organic Cotton Crew Neck Tee,Apparel & Footwear,2023-06-19,271,7046,5
SKU-043,Organic Cotton Crew Neck Tee,Apparel & Footwear,2023-06-26,237,6162,3
SKU-043,Organic Cotton Crew Neck Tee,Apparel & Footwear,2023-07-03,247,6422,3
SKU-043,Organic Cotton Crew Neck Tee,Apparel & Footwear,2023-07-10,258,6708,3
SKU-043,Organic Cotton Crew Neck Tee,Apparel & Footwear,2023-07-17,225,5850,3
SKU-043,Organic Cotton Crew Neck Tee,Apparel & Footwear,2023-07-24,219,5694,5
SKU-043,Organic Cotton Crew Neck Tee,Apparel & Footwear,2023-07-31,214,5564,5
SKU-043,Organic Cotton Crew Neck Tee,Apparel & Footwear,2023-08-07,236,6136,4
SKU-043,Organic Cotton Crew Neck Tee,Apparel & Footwear,2023-08-14,216,5616,5
SKU-043,Organic Cotton Crew Neck Tee,Apparel & Footwear,2023-08-21,239,6214,3
SKU-043,Organic Cotton Crew Neck Tee,Apparel & Footwear,2023-08-28,198,5148,5
SKU-043,Organic Cotton Crew Neck Tee,Apparel & Footwear,2023-09-04,115,2990,4
SKU-043,Organic Cotton Crew Neck Tee,Apparel & Footwear,2023-09-11,113,2938,4
SKU-043,Organic Cotton Crew Neck Tee,Apparel & Footwear,2023-09-18,122,3172,3
SKU-043,Organic Cotton Crew Neck Tee,Apparel & Footwear,2023-09-25,116,3016,5
SKU-043,Organic Cotton Crew Neck Tee,Apparel & Footwear,2023-10-02,120,3120,3
SKU-043,Organic Cotton Crew Neck Tee,Apparel & Footwear,2023-10-09,126,3276,3
SKU-043,Organic Cotton Crew Neck Tee,Apparel & Footwear,2023-10-16,108,2808,3
SKU-043,Organic Cotton Crew Neck Tee,Apparel & Footwear,2023-10-23,114,2964,3
SKU-043,Organic Cotton Crew Neck Tee,Apparel & Footwear,2023-10-30,142,3692,4
SKU-043,Organic Cotton Crew Neck Tee,Apparel & Footwear,2023-11-06,139,3614,4
SKU-043,Organic Cotton Crew Neck Tee,Apparel & Footwear,2023-11-13,132,3432,3
SKU-043,Organic Cotton Crew Neck Tee,Apparel & Footwear,2023-11-20,126,3276,5
SKU-043,Organic Cotton Crew Neck Tee,Apparel & Footwear,2023-11-27,146,3796,3
SKU-043,Organic Cotton Crew Neck Tee,Apparel & Footwear,2023-12-04,127,3302,4
SKU-043,Organic Cotton Crew Neck Tee,Apparel & Footwear,2023-12-11,119,3094,3
SKU-043,Organic Cotton Crew Neck Tee,Apparel & Footwear,2023-12-18,98,2548,5
SKU-043,Organic Cotton Crew Neck Tee,Apparel & Footwear,2023-12-25,103,2678,5
SKU-043,Organic Cotton Crew Neck Tee,Apparel & Footwear,2024-01-01,128,3328,3
SKU-043,Organic Cotton Crew Neck Tee,Apparel & Footwear,2024-01-08,116,3016,5
SKU-043,Organic Cotton Crew Neck Tee,Apparel & Footwear,2024-01-15,141,3666,3
SKU-043,Organic Cotton Crew Neck Tee,Apparel & Footwear,2024-01-22,150,3900,4
SKU-043,Organic Cotton Crew Neck Tee,Apparel & Footwear,2024-01-29,111,2886,4
SKU-043,Organic Cotton Crew Neck Tee,Apparel & Footwear,2024-02-05,147,3822,4
SKU-043,Organic Cotton Crew Neck Tee,Apparel & Footwear,2024-02-12,101,2626,5
SKU-043,Organic Cotton Crew Neck Tee,Apparel & Footwear,2024-02-19,122,3172,4
SKU-043,Organic Cotton Crew Neck Tee,Apparel & Footwear,2024-02-26,127,3302,3
SKU-043,Organic Cotton Crew Neck Tee,Apparel & Footwear,2024-03-04,132,3432,4
SKU-043,Organic Cotton Crew Neck Tee,Apparel & Footwear,2024-03-11,155,4030,5
SKU-043,Organic Cotton Crew Neck Tee,Apparel & Footwear,2024-03-18,114,2964,4
SKU-043,Organic Cotton Crew Neck Tee,Apparel & Footwear,2024-03-25,126,3276,5
SKU-043,Organic Cotton Crew Neck Tee,Apparel & Footwear,2024-04-01,108,2808,4
SKU-043,Organic Cotton Crew Neck Tee,Apparel & Footwear,2024-04-08,134,3484,3
SKU-043,Organic Cotton Crew Neck Tee,Apparel & Footwear,2024-04-15,112,2912,3
SKU-043,Organic Cotton Crew Neck Tee,Apparel & Footwear,2024-04-22,149,3874,5
SKU-043,Organic Cotton Crew Neck Tee,Apparel & Footwear,2024-04-29,158,4108,3
SKU-043,Organic Cotton Crew Neck Tee,Apparel & Footwear,2024-05-06,237,6162,4
SKU-043,Organic Cotton Crew Neck Tee,Apparel & Footwear,2024-05-13,206,5356,5
SKU-043,Organic Cotton Crew Neck Tee,Apparel & Footwear,2024-05-20,248,6448,3
SKU-043,Organic Cotton Crew Neck Tee,Apparel & Footwear,2024-05-27,247,6422,3
SKU-043,Organic Cotton Crew Neck Tee,Apparel & Footwear,2024-06-03,257,6682,5
SKU-043,Organic Cotton Crew Neck Tee,Apparel & Footwear,2024-06-10,260,6760,4
SKU-043,Organic Cotton Crew Neck Tee,Apparel & Footwear,2024-06-17,255,6630,4
SKU-043,Organic Cotton Crew Neck Tee,Apparel & Footwear,2024-06-24,260,6760,4
SKU-043,Organic Cotton Crew Neck Tee,Apparel & Footwear,2024-07-01,243,6318,5
SKU-043,Organic Cotton Crew Neck Tee,Apparel & Footwear,2024-07-08,261,6786,4
SKU-043,Organic Cotton Crew Neck Tee,Apparel & Footwear,2024-07-15,251,6526,4
SKU-043,Organic Cotton Crew Neck Tee,Apparel & Footwear,2024-07-22,262,6812,3
SKU-043,Organic Cotton Crew Neck Tee,Apparel & Footwear,2024-07-29,242,6292,3
SKU-043,Organic Cotton Crew Neck Tee,Apparel & Footwear,2024-08-05,206,5356,5
SKU-043,Organic Cotton Crew Neck Tee,Apparel & Footwear,2024-08-12,235,6110,5
SKU-043,Organic Cotton Crew Neck Tee,Apparel & Footwear,2024-08-19,226,5876,5
SKU-043,Organic Cotton Crew Neck Tee,Apparel & Footwear,2024-08-26,242,6292,5
SKU-043,Organic Cotton Crew Neck Tee,Apparel & Footwear,2024-09-02,130,3380,4
SKU-043,Organic Cotton Crew Neck Tee,Apparel & Footwear,2024-09-09,139,3614,5
SKU-043,Organic Cotton Crew Neck Tee,Apparel & Footwear,2024-09-16,140,3640,3
SKU-043,Organic Cotton Crew Neck Tee,Apparel & Footwear,2024-09-23,140,3640,4
SKU-043,Organic Cotton Crew Neck Tee,Apparel & Footwear,2024-09-30,116,3016,3
SKU-043,Organic Cotton Crew Neck Tee,Apparel & Footwear,2024-10-07,114,2964,5
SKU-043,Organic Cotton Crew Neck Tee,Apparel & Footwear,2024-10-14,130,3380,3
SKU-043,Organic Cotton Crew Neck Tee,Apparel & Footwear,2024-10-21,129,3354,4
SKU-043,Organic Cotton Crew Neck Tee,Apparel & Footwear,2024-10-28,118,3068,5
SKU-043,Organic Cotton Crew Neck Tee,Apparel & Footwear,2024-11-04,139,3614,5
SKU-043,Organic Cotton Crew Neck Tee,Apparel & Footwear,2024-11-11,126,3276,4
SKU-043,Organic Cotton Crew Neck Tee,Apparel & Footwear,2024-11-18,95,2470,3
SKU-043,Organic Cotton Crew Neck Tee,Apparel & Footwear,2024-11-25,145,3770,4
SKU-043,Organic Cotton Crew Neck Tee,Apparel & Footwear,2024-12-02,124,3224,3
SKU-043,Organic Cotton Crew Neck Tee,Apparel & Footwear,2024-12-09,123,3198,5
SKU-043,Organic Cotton Crew Neck Tee,Apparel & Footwear,2024-12-16,141,3666,5
SKU-043,Organic Cotton Crew Neck Tee,Apparel & Footwear,2024-12-23,156,4056,4
SKU-044,Thermal Fleece Beanie Hat,Apparel & Footwear,2023-01-02,178,3204,3
SKU-044,Thermal Fleece Beanie Hat,Apparel & Footwear,2023-01-09,208,3744,4
SKU-044,Thermal Fleece Beanie Hat,Apparel & Footwear,2023-01-16,153,2754,3
SKU-044,Thermal Fleece Beanie Hat,Apparel & Footwear,2023-01-23,178,3204,3
SKU-044,Thermal Fleece Beanie Hat,Apparel & Footwear,2023-01-30,193,3474,5
SKU-044,Thermal Fleece Beanie Hat,Apparel & Footwear,2023-02-06,167,3006,4
SKU-044,Thermal Fleece Beanie Hat,Apparel & Footwear,2023-02-13,177,3186,4
SKU-044,Thermal Fleece Beanie Hat,Apparel & Footwear,2023-02-20,170,3060,3
SKU-044,Thermal Fleece Beanie Hat,Apparel & Footwear,2023-02-27,166,2988,4
SKU-044,Thermal Fleece Beanie Hat,Apparel & Footwear,2023-03-06,95,1710,5
SKU-044,Thermal Fleece Beanie Hat,Apparel & Footwear,2023-03-13,100,1800,4
SKU-044,Thermal Fleece Beanie Hat,Apparel & Footwear,2023-03-20,82,1476,5
SKU-044,Thermal Fleece Beanie Hat,Apparel & Footwear,2023-03-27,106,1908,5
SKU-044,Thermal Fleece Beanie Hat,Apparel & Footwear,2023-04-03,120,2160,4
SKU-044,Thermal Fleece Beanie Hat,Apparel & Footwear,2023-04-10,83,1494,4
SKU-044,Thermal Fleece Beanie Hat,Apparel & Footwear,2023-04-17,113,2034,4
SKU-044,Thermal Fleece Beanie Hat,Apparel & Footwear,2023-04-24,80,1440,5
SKU-044,Thermal Fleece Beanie Hat,Apparel & Footwear,2023-05-01,94,1692,5
SKU-044,Thermal Fleece Beanie Hat,Apparel & Footwear,2023-05-08,121,2178,3
SKU-044,Thermal Fleece Beanie Hat,Apparel & Footwear,2023-05-15,108,1944,3
SKU-044,Thermal Fleece Beanie Hat,Apparel & Footwear,2023-05-22,101,1818,5
SKU-044,Thermal Fleece Beanie Hat,Apparel & Footwear,2023-05-29,93,1674,3
SKU-044,Thermal Fleece Beanie Hat,Apparel & Footwear,2023-06-05,94,1692,5
SKU-044,Thermal Fleece Beanie Hat,Apparel & Footwear,2023-06-12,84,1512,3
SKU-044,Thermal Fleece Beanie Hat,Apparel & Footwear,2023-06-19,57,1026,5
SKU-044,Thermal Fleece Beanie Hat,Apparel & Footwear,2023-06-26,66,1188,4
SKU-044,Thermal Fleece Beanie Hat,Apparel & Footwear,2023-07-03,71,1278,3
SKU-044,Thermal Fleece Beanie Hat,Apparel & Footwear,2023-07-10,85,1530,4
SKU-044,Thermal Fleece Beanie Hat,Apparel & Footwear,2023-07-17,64,1152,4
SKU-044,Thermal Fleece Beanie Hat,Apparel & Footwear,2023-07-24,52,936,3
SKU-044,Thermal Fleece Beanie Hat,Apparel & Footwear,2023-07-31,75,1350,5
SKU-044,Thermal Fleece Beanie Hat,Apparel & Footwear,2023-08-07,73,1314,4
SKU-044,Thermal Fleece Beanie Hat,Apparel & Footwear,2023-08-14,76,1368,3
SKU-044,Thermal Fleece Beanie Hat,Apparel & Footwear,2023-08-21,83,1494,5
SKU-044,Thermal Fleece Beanie Hat,Apparel & Footwear,2023-08-28,60,1080,4
SKU-044,Thermal Fleece Beanie Hat,Apparel & Footwear,2023-09-04,114,2052,4
SKU-044,Thermal Fleece Beanie Hat,Apparel & Footwear,2023-09-11,104,1872,4
SKU-044,Thermal Fleece Beanie Hat,Apparel & Footwear,2023-09-18,95,1710,5
SKU-044,Thermal Fleece Beanie Hat,Apparel & Footwear,2023-09-25,76,1368,3
SKU-044,Thermal Fleece Beanie Hat,Apparel & Footwear,2023-10-02,92,1656,4
SKU-044,Thermal Fleece Beanie Hat,Apparel & Footwear,2023-10-09,83,1494,4
SKU-044,Thermal Fleece Beanie Hat,Apparel & Footwear,2023-10-16,117,2106,4
SKU-044,Thermal Fleece Beanie Hat,Apparel & Footwear,2023-10-23,107,1926,4
SKU-044,Thermal Fleece Beanie Hat,Apparel & Footwear,2023-10-30,93,1674,3
SKU-044,Thermal Fleece Beanie Hat,Apparel & Footwear,2023-11-06,158,2844,3
SKU-044,Thermal Fleece Beanie Hat,Apparel & Footwear,2023-11-13,166,2988,4
SKU-044,Thermal Fleece Beanie Hat,Apparel & Footwear,2023-11-20,155,2790,3
SKU-044,Thermal Fleece Beanie Hat,Apparel & Footwear,2023-11-27,189,3402,5
SKU-044,Thermal Fleece Beanie Hat,Apparel & Footwear,2023-12-04,174,3132,5
SKU-044,Thermal Fleece Beanie Hat,Apparel & Footwear,2023-12-11,143,2574,5
SKU-044,Thermal Fleece Beanie Hat,Apparel & Footwear,2023-12-18,164,2952,5
SKU-044,Thermal Fleece Beanie Hat,Apparel & Footwear,2023-12-25,180,3240,4
SKU-044,Thermal Fleece Beanie Hat,Apparel & Footwear,2024-01-01,163,2934,4
SKU-044,Thermal Fleece Beanie Hat,Apparel & Footwear,2024-01-08,167,3006,4
SKU-044,Thermal Fleece Beanie Hat,Apparel & Footwear,2024-01-15,198,3564,4
SKU-044,Thermal Fleece Beanie Hat,Apparel & Footwear,2024-01-22,179,3222,4
SKU-044,Thermal Fleece Beanie Hat,Apparel & Footwear,2024-01-29,171,3078,4
SKU-044,Thermal Fleece Beanie Hat,Apparel & Footwear,2024-02-05,204,3672,5
SKU-044,Thermal Fleece Beanie Hat,Apparel & Footwear,2024-02-12,180,3240,5
SKU-044,Thermal Fleece Beanie Hat,Apparel & Footwear,2024-02-19,160,2880,4
SKU-044,Thermal Fleece Beanie Hat,Apparel & Footwear,2024-02-26,164,2952,3
SKU-044,Thermal Fleece Beanie Hat,Apparel & Footwear,2024-03-04,102,1836,5
SKU-044,Thermal Fleece Beanie Hat,Apparel & Footwear,2024-03-11,94,1692,4
SKU-044,Thermal Fleece Beanie Hat,Apparel & Footwear,2024-03-18,108,1944,3
SKU-044,Thermal Fleece Beanie Hat,Apparel & Footwear,2024-03-25,104,1872,5
SKU-044,Thermal Fleece Beanie Hat,Apparel & Footwear,2024-04-01,107,1926,5
SKU-044,Thermal Fleece Beanie Hat,Apparel & Footwear,2024-04-08,108,1944,3
SKU-044,Thermal Fleece Beanie Hat,Apparel & Footwear,2024-04-15,97,1746,5
SKU-044,Thermal Fleece Beanie Hat,Apparel & Footwear,2024-04-22,102,1836,5
SKU-044,Thermal Fleece Beanie Hat,Apparel & Footwear,2024-04-29,99,1782,3
SKU-044,Thermal Fleece Beanie Hat,Apparel & Footwear,2024-05-06,80,1440,3
SKU-044,Thermal Fleece Beanie Hat,Apparel & Footwear,2024-05-13,75,1350,5
SKU-044,Thermal Fleece Beanie Hat,Apparel & Footwear,2024-05-20,93,1674,4
SKU-044,Thermal Fleece Beanie Hat,Apparel & Footwear,2024-05-27,109,1962,5
SKU-044,Thermal Fleece Beanie Hat,Apparel & Footwear,2024-06-03,63,1134,5
SKU-044,Thermal Fleece Beanie Hat,Apparel & Footwear,2024-06-10,82,1476,3
SKU-044,Thermal Fleece Beanie Hat,Apparel & Footwear,2024-06-17,78,1404,5
SKU-044,Thermal Fleece Beanie Hat,Apparel & Footwear,2024-06-24,59,1062,3
SKU-044,Thermal Fleece Beanie Hat,Apparel & Footwear,2024-07-01,52,936,3
SKU-044,Thermal Fleece Beanie Hat,Apparel & Footwear,2024-07-08,58,1044,4
SKU-044,Thermal Fleece Beanie Hat,Apparel & Footwear,2024-07-15,83,1494,5
SKU-044,Thermal Fleece Beanie Hat,Apparel & Footwear,2024-07-22,63,1134,3
SKU-044,Thermal Fleece Beanie Hat,Apparel & Footwear,2024-07-29,72,1296,4
SKU-044,Thermal Fleece Beanie Hat,Apparel & Footwear,2024-08-05,69,1242,3
SKU-044,Thermal Fleece Beanie Hat,Apparel & Footwear,2024-08-12,67,1206,4
SKU-044,Thermal Fleece Beanie Hat,Apparel & Footwear,2024-08-19,60,1080,4
SKU-044,Thermal Fleece Beanie Hat,Apparel & Footwear,2024-08-26,69,1242,5
SKU-044,Thermal Fleece Beanie Hat,Apparel & Footwear,2024-09-02,108,1944,3
SKU-044,Thermal Fleece Beanie Hat,Apparel & Footwear,2024-09-09,107,1926,4
SKU-044,Thermal Fleece Beanie Hat,Apparel & Footwear,2024-09-16,115,2070,5
SKU-044,Thermal Fleece Beanie Hat,Apparel & Footwear,2024-09-23,95,1710,4
SKU-044,Thermal Fleece Beanie Hat,Apparel & Footwear,2024-09-30,85,1530,3
SKU-044,Thermal Fleece Beanie Hat,Apparel & Footwear,2024-10-07,96,1728,3
SKU-044,Thermal Fleece Beanie Hat,Apparel & Footwear,2024-10-14,87,1566,4
SKU-044,Thermal Fleece Beanie Hat,Apparel & Footwear,2024-10-21,103,1854,4
SKU-044,Thermal Fleece Beanie Hat,Apparel & Footwear,2024-10-28,107,1926,5
SKU-044,Thermal Fleece Beanie Hat,Apparel & Footwear,2024-11-04,150,2700,5
SKU-044,Thermal Fleece Beanie Hat,Apparel & Footwear,2024-11-11,178,3204,5
SKU-044,Thermal Fleece Beanie Hat,Apparel & Footwear,2024-11-18,174,3132,3
SKU-044,Thermal Fleece Beanie Hat,Apparel & Footwear,2024-11-25,174,3132,4
SKU-044,Thermal Fleece Beanie Hat,Apparel & Footwear,2024-12-02,184,3312,5
SKU-044,Thermal Fleece Beanie Hat,Apparel & Footwear,2024-12-09,137,2466,3
SKU-044,Thermal Fleece Beanie Hat,Apparel & Footwear,2024-12-16,165,2970,4
SKU-044,Thermal Fleece Beanie Hat,Apparel & Footwear,2024-12-23,140,2520,3
SKU-045,Stylus Pen for Capacitive Touchscreens,Consumer Electronics,2023-01-02,173,2766.27,4
SKU-045,Stylus Pen for Capacitive Touchscreens,Consumer Electronics,2023-01-09,167,2670.33,4
SKU-045,Stylus Pen for Capacitive Touchscreens,Consumer Electronics,2023-01-16,156,2494.44,3
SKU-045,Stylus Pen for Capacitive Touchscreens,Consumer Electronics,2023-01-23,164,2622.36,5
SKU-045,Stylus Pen for Capacitive Touchscreens,Consumer Electronics,2023-01-30,157,2510.43,4
SKU-045,Stylus Pen for Capacitive Touchscreens,Consumer Electronics,2023-02-06,130,2078.7,5
SKU-045,Stylus Pen for Capacitive Touchscreens,Consumer Electronics,2023-02-13,132,2110.68,4
SKU-045,Stylus Pen for Capacitive Touchscreens,Consumer Electronics,2023-02-20,104,1662.96,3
SKU-045,Stylus Pen for Capacitive Touchscreens,Consumer Electronics,2023-02-27,100,1599.0,3
SKU-045,Stylus Pen for Capacitive Touchscreens,Consumer Electronics,2023-03-06,114,1822.8600000000001,3
SKU-045,Stylus Pen for Capacitive Touchscreens,Consumer Electronics,2023-03-13,143,2286.57,3
SKU-045,Stylus Pen for Capacitive Touchscreens,Consumer Electronics,2023-03-20,128,2046.72,3
SKU-045,Stylus Pen for Capacitive Touchscreens,Consumer Electronics,2023-03-27,93,1487.07,5
SKU-045,Stylus Pen for Capacitive Touchscreens,Consumer Electronics,2023-04-03,126,2014.74,5
SKU-045,Stylus Pen for Capacitive Touchscreens,Consumer Electronics,2023-04-10,116,1854.84,4
SKU-045,Stylus Pen for Capacitive Touchscreens,Consumer Electronics,2023-04-17,113,1806.87,3
SKU-045,Stylus Pen for Capacitive Touchscreens,Consumer Electronics,2023-04-24,142,2270.58,5
SKU-045,Stylus Pen for Capacitive Touchscreens,Consumer Electronics,2023-05-01,125,1998.75,4
SKU-045,Stylus Pen for Capacitive Touchscreens,Consumer Electronics,2023-05-08,129,2062.71,5
SKU-045,Stylus Pen for Capacitive Touchscreens,Consumer Electronics,2023-05-15,107,1710.93,5
SKU-045,Stylus Pen for Capacitive Touchscreens,Consumer Electronics,2023-05-22,124,1982.76,5
SKU-045,Stylus Pen for Capacitive Touchscreens,Consumer Electronics,2023-05-29,117,1870.83,3
SKU-045,Stylus Pen for Capacitive Touchscreens,Consumer Electronics,2023-06-05,101,1614.99,3
SKU-045,Stylus Pen for Capacitive Touchscreens,Consumer Electronics,2023-06-12,136,2174.64,3
SKU-045,Stylus Pen for Capacitive Touchscreens,Consumer Electronics,2023-06-19,119,1902.81,3
SKU-045,Stylus Pen for Capacitive Touchscreens,Consumer Electronics,2023-06-26,128,2046.72,4
SKU-045,Stylus Pen for Capacitive Touchscreens,Consumer Electronics,2023-07-03,122,1950.78,5
SKU-045,Stylus Pen for Capacitive Touchscreens,Consumer Electronics,2023-07-10,100,1599.0,5
SKU-045,Stylus Pen for Capacitive Touchscreens,Consumer Electronics,2023-07-17,122,1950.78,5
SKU-045,Stylus Pen for Capacitive Touchscreens,Consumer Electronics,2023-07-24,124,1982.76,3
SKU-045,Stylus Pen for Capacitive Touchscreens,Consumer Electronics,2023-07-31,119,1902.81,3
SKU-045,Stylus Pen for Capacitive Touchscreens,Consumer Electronics,2023-08-07,168,2686.3199999999997,3
SKU-045,Stylus Pen for Capacitive Touchscreens,Consumer Electronics,2023-08-14,178,2846.22,3
SKU-045,Stylus Pen for Capacitive Touchscreens,Consumer Electronics,2023-08-21,200,3198.0,3
SKU-045,Stylus Pen for Capacitive Touchscreens,Consumer Electronics,2023-08-28,143,2286.57,5
SKU-045,Stylus Pen for Capacitive Touchscreens,Consumer Electronics,2023-09-04,149,2382.5099999999998,4
SKU-045,Stylus Pen for Capacitive Touchscreens,Consumer Electronics,2023-09-11,164,2622.36,4
SKU-045,Stylus Pen for Capacitive Touchscreens,Consumer Electronics,2023-09-18,131,2094.69,4
SKU-045,Stylus Pen for Capacitive Touchscreens,Consumer Electronics,2023-09-25,144,2302.56,4
SKU-045,Stylus Pen for Capacitive Touchscreens,Consumer Electronics,2023-10-02,104,1662.96,5
SKU-045,Stylus Pen for Capacitive Touchscreens,Consumer Electronics,2023-10-09,100,1599.0,3
SKU-045,Stylus Pen for Capacitive Touchscreens,Consumer Electronics,2023-10-16,136,2174.64,4
SKU-045,Stylus Pen for Capacitive Touchscreens,Consumer Electronics,2023-10-23,132,2110.68,3
SKU-045,Stylus Pen for Capacitive Touchscreens,Consumer Electronics,2023-10-30,132,2110.68,3
SKU-045,Stylus Pen for Capacitive Touchscreens,Consumer Electronics,2023-11-06,118,1886.82,3
SKU-045,Stylus Pen for Capacitive Touchscreens,Consumer Electronics,2023-11-13,132,2110.6800000000003,3
SKU-045,Stylus Pen for Capacitive Touchscreens,Consumer Electronics,2023-11-20,133,2126.67,3
SKU-045,Stylus Pen for Capacitive Touchscreens,Consumer Electronics,2023-11-27,148,2366.52,5
SKU-045,Stylus Pen for Capacitive Touchscreens,Consumer Electronics,2023-12-04,148,2366.52,3
SKU-045,Stylus Pen for Capacitive Touchscreens,Consumer Electronics,2023-12-11,134,2142.66,3
SKU-045,Stylus Pen for Capacitive Touchscreens,Consumer Electronics,2023-12-18,131,2094.69,4
SKU-045,Stylus Pen for Capacitive Touchscreens,Consumer Electronics,2023-12-25,118,1886.82,5
SKU-045,Stylus Pen for Capacitive Touchscreens,Consumer Electronics,2024-01-01,149,2382.51,3
SKU-045,Stylus Pen for Capacitive Touchscreens,Consumer Electronics,2024-01-08,140,2238.6,3
SKU-045,Stylus Pen for Capacitive Touchscreens,Consumer Electronics,2024-01-15,177,2830.23,3
SKU-045,Stylus Pen for Capacitive Touchscreens,Consumer Electronics,2024-01-22,169,2702.31,4
SKU-045,Stylus Pen for Capacitive Touchscreens,Consumer Electronics,2024-01-29,181,2894.19,4
SKU-045,Stylus Pen for Capacitive Touchscreens,Consumer Electronics,2024-02-05,117,1870.83,5
SKU-045,Stylus Pen for Capacitive Touchscreens,Consumer Electronics,2024-02-12,130,2078.7,5
SKU-045,Stylus Pen for Capacitive Touchscreens,Consumer Electronics,2024-02-19,139,2222.61,3
SKU-045,Stylus Pen for Capacitive Touchscreens,Consumer Electronics,2024-02-26,102,1630.98,3
SKU-045,Stylus Pen for Capacitive Touchscreens,Consumer Electronics,2024-03-04,105,1678.95,5
SKU-045,Stylus Pen for Capacitive Touchscreens,Consumer Electronics,2024-03-11,134,2142.66,4
SKU-045,Stylus Pen for Capacitive Touchscreens,Consumer Electronics,2024-03-18,124,1982.76,5
SKU-045,Stylus Pen for Capacitive Touchscreens,Consumer Electronics,2024-03-25,110,1758.9,4
SKU-045,Stylus Pen for Capacitive Touchscreens,Consumer Electronics,2024-04-01,93,1487.07,5
SKU-045,Stylus Pen for Capacitive Touchscreens,Consumer Electronics,2024-04-08,111,1774.8899999999999,3
SKU-045,Stylus Pen for Capacitive Touchscreens,Consumer Electronics,2024-04-15,123,1966.77,3
SKU-045,Stylus Pen for Capacitive Touchscreens,Consumer Electronics,2024-04-22,112,1790.88,3
SKU-045,Stylus Pen for Capacitive Touchscreens,Consumer Electronics,2024-04-29,118,1886.82,4
SKU-045,Stylus Pen for Capacitive Touchscreens,Consumer Electronics,2024-05-06,120,1918.8,5
SKU-045,Stylus Pen for Capacitive Touchscreens,Consumer Electronics,2024-05-13,110,1758.9,5
SKU-045,Stylus Pen for Capacitive Touchscreens,Consumer Electronics,2024-05-20,146,2334.54,5
SKU-045,Stylus Pen for Capacitive Touchscreens,Consumer Electronics,2024-05-27,107,1710.93,3
SKU-045,Stylus Pen for Capacitive Touchscreens,Consumer Electronics,2024-06-03,129,2062.71,3
SKU-045,Stylus Pen for Capacitive Touchscreens,Consumer Electronics,2024-06-10,125,1998.75,5
SKU-045,Stylus Pen for Capacitive Touchscreens,Consumer Electronics,2024-06-17,106,1694.94,4
SKU-045,Stylus Pen for Capacitive Touchscreens,Consumer Electronics,2024-06-24,101,1614.99,3
SKU-045,Stylus Pen for Capacitive Touchscreens,Consumer Electronics,2024-07-01,126,2014.74,4
SKU-045,Stylus Pen for Capacitive Touchscreens,Consumer Electronics,2024-07-08,123,1966.77,3
SKU-045,Stylus Pen for Capacitive Touchscreens,Consumer Electronics,2024-07-15,117,1870.83,3
SKU-045,Stylus Pen for Capacitive Touchscreens,Consumer Electronics,2024-07-22,127,2030.73,5
SKU-045,Stylus Pen for Capacitive Touchscreens,Consumer Electronics,2024-07-29,116,1854.84,3
SKU-045,Stylus Pen for Capacitive Touchscreens,Consumer Electronics,2024-08-05,143,2286.57,3
SKU-045,Stylus Pen for Capacitive Touchscreens,Consumer Electronics,2024-08-12,143,2286.5699999999997,4
SKU-045,Stylus Pen for Capacitive Touchscreens,Consumer Electronics,2024-08-19,186,2974.14,3
SKU-045,Stylus Pen for Capacitive Touchscreens,Consumer Electronics,2024-08-26,138,2206.62,4
SKU-045,Stylus Pen for Capacitive Touchscreens,Consumer Electronics,2024-09-02,171,2734.29,5
SKU-045,Stylus Pen for Capacitive Touchscreens,Consumer Electronics,2024-09-09,180,2878.2,4
SKU-045,Stylus Pen for Capacitive Touchscreens,Consumer Electronics,2024-09-16,165,2638.35,4
SKU-045,Stylus Pen for Capacitive Touchscreens,Consumer Electronics,2024-09-23,154,2462.46,5
SKU-045,Stylus Pen for Capacitive Touchscreens,Consumer Electronics,2024-09-30,182,2910.18,5
SKU-045,Stylus Pen for Capacitive Touchscreens,Consumer Electronics,2024-10-07,116,1854.84,5
SKU-045,Stylus Pen for Capacitive Touchscreens,Consumer Electronics,2024-10-14,123,1966.77,3
SKU-045,Stylus Pen for Capacitive Touchscreens,Consumer Electronics,2024-10-21,109,1742.9099999999999,4
SKU-045,Stylus Pen for Capacitive Touchscreens,Consumer Electronics,2024-10-28,100,1599.0,5
SKU-045,Stylus Pen for Capacitive Touchscreens,Consumer Electronics,2024-11-04,144,2302.56,4
SKU-045,Stylus Pen for Capacitive Touchscreens,Consumer Electronics,2024-11-11,117,1870.83,4
SKU-045,Stylus Pen for Capacitive Touchscreens,Consumer Electronics,2024-11-18,125,1998.75,3
SKU-045,Stylus Pen for Capacitive Touchscreens,Consumer Electronics,2024-11-25,124,1982.76,4
SKU-045,Stylus Pen for Capacitive Touchscreens,Consumer Electronics,2024-12-02,121,1934.79,3
SKU-045,Stylus Pen for Capacitive Touchscreens,Consumer Electronics,2024-12-09,99,1583.01,5
SKU-045,Stylus Pen for Capacitive Touchscreens,Consumer Electronics,2024-12-16,113,1806.87,3
SKU-045,Stylus Pen for Capacitive Touchscreens,Consumer Electronics,2024-12-23,95,1519.05,4
SKU-046,Non-Slip Mouse Pad with Wrist Rest,Office & Productivity,2023-01-02,134,2008.66,3
SKU-046,Non-Slip Mouse Pad with Wrist Rest,Office & Productivity,2023-01-09,149,2233.5099999999998,4
SKU-046,Non-Slip Mouse Pad with Wrist Rest,Office & Productivity,2023-01-16,130,1948.7,5
SKU-046,Non-Slip Mouse Pad with Wrist Rest,Office & Productivity,2023-01-23,141,2113.59,4
SKU-046,Non-Slip Mouse Pad with Wrist Rest,Office & Productivity,2023-01-30,124,1858.76,4
SKU-046,Non-Slip Mouse Pad with Wrist Rest,Office & Productivity,2023-02-06,136,2038.64,4
SKU-046,Non-Slip Mouse Pad with Wrist Rest,Office & Productivity,2023-02-13,105,1573.95,4
SKU-046,Non-Slip Mouse Pad with Wrist Rest,Office & Productivity,2023-02-20,128,1918.72,5
SKU-046,Non-Slip Mouse Pad with Wrist Rest,Office & Productivity,2023-02-27,130,1948.7,5
SKU-046,Non-Slip Mouse Pad with Wrist Rest,Office & Productivity,2023-03-06,149,2233.51,4
SKU-046,Non-Slip Mouse Pad with Wrist Rest,Office & Productivity,2023-03-13,130,1948.7,3
SKU-046,Non-Slip Mouse Pad with Wrist Rest,Office & Productivity,2023-03-20,130,1948.7,3
SKU-046,Non-Slip Mouse Pad with Wrist Rest,Office & Productivity,2023-03-27,134,2008.66,4
SKU-046,Non-Slip Mouse Pad with Wrist Rest,Office & Productivity,2023-04-03,167,2503.33,3
SKU-046,Non-Slip Mouse Pad with Wrist Rest,Office & Productivity,2023-04-10,143,2143.57,3
SKU-046,Non-Slip Mouse Pad with Wrist Rest,Office & Productivity,2023-04-17,146,2188.54,4
SKU-046,Non-Slip Mouse Pad with Wrist Rest,Office & Productivity,2023-04-24,137,2053.63,5
SKU-046,Non-Slip Mouse Pad with Wrist Rest,Office & Productivity,2023-05-01,106,1588.94,4
SKU-046,Non-Slip Mouse Pad with Wrist Rest,Office & Productivity,2023-05-08,122,1828.78,4
SKU-046,Non-Slip Mouse Pad with Wrist Rest,Office & Productivity,2023-05-15,105,1573.95,5
SKU-046,Non-Slip Mouse Pad with Wrist Rest,Office & Productivity,2023-05-22,129,1933.71,3
SKU-046,Non-Slip Mouse Pad with Wrist Rest,Office & Productivity,2023-05-29,124,1858.76,5
SKU-046,Non-Slip Mouse Pad with Wrist Rest,Office & Productivity,2023-06-05,154,2308.46,4
SKU-046,Non-Slip Mouse Pad with Wrist Rest,Office & Productivity,2023-06-12,126,1888.74,3
SKU-046,Non-Slip Mouse Pad with Wrist Rest,Office & Productivity,2023-06-19,138,2068.62,4
SKU-046,Non-Slip Mouse Pad with Wrist Rest,Office & Productivity,2023-06-26,170,2548.3,4
SKU-046,Non-Slip Mouse Pad with Wrist Rest,Office & Productivity,2023-07-03,127,1903.73,5
SKU-046,Non-Slip Mouse Pad with Wrist Rest,Office & Productivity,2023-07-10,131,1963.69,3
SKU-046,Non-Slip Mouse Pad with Wrist Rest,Office & Productivity,2023-07-17,139,2083.61,5
SKU-046,Non-Slip Mouse Pad with Wrist Rest,Office & Productivity,2023-07-24,131,1963.69,4
SKU-046,Non-Slip Mouse Pad with Wrist Rest,Office & Productivity,2023-07-31,147,2203.53,5
SKU-046,Non-Slip Mouse Pad with Wrist Rest,Office & Productivity,2023-08-07,113,1693.8700000000001,3
SKU-046,Non-Slip Mouse Pad with Wrist Rest,Office & Productivity,2023-08-14,130,1948.7,4
SKU-046,Non-Slip Mouse Pad with Wrist Rest,Office & Productivity,2023-08-21,135,2023.65,3
SKU-046,Non-Slip Mouse Pad with Wrist Rest,Office & Productivity,2023-08-28,98,1469.02,3
SKU-046,Non-Slip Mouse Pad with Wrist Rest,Office & Productivity,2023-09-04,146,2188.54,4
SKU-046,Non-Slip Mouse Pad with Wrist Rest,Office & Productivity,2023-09-11,142,2128.58,4
SKU-046,Non-Slip Mouse Pad with Wrist Rest,Office & Productivity,2023-09-18,157,2353.4300000000003,3
SKU-046,Non-Slip Mouse Pad with Wrist Rest,Office & Productivity,2023-09-25,128,1918.72,4
SKU-046,Non-Slip Mouse Pad with Wrist Rest,Office & Productivity,2023-10-02,147,2203.5299999999997,3
SKU-046,Non-Slip Mouse Pad with Wrist Rest,Office & Productivity,2023-10-09,132,1978.68,5
SKU-046,Non-Slip Mouse Pad with Wrist Rest,Office & Productivity,2023-10-16,113,1693.87,4
SKU-046,Non-Slip Mouse Pad with Wrist Rest,Office & Productivity,2023-10-23,139,2083.61,5
SKU-046,Non-Slip Mouse Pad with Wrist Rest,Office & Productivity,2023-10-30,125,1873.75,5
SKU-046,Non-Slip Mouse Pad with Wrist Rest,Office & Productivity,2023-11-06,119,1783.81,5
SKU-046,Non-Slip Mouse Pad with Wrist Rest,Office & Productivity,2023-11-13,158,2368.42,3
SKU-046,Non-Slip Mouse Pad with Wrist Rest,Office & Productivity,2023-11-20,146,2188.54,3
SKU-046,Non-Slip Mouse Pad with Wrist Rest,Office & Productivity,2023-11-27,153,2293.4700000000003,5
SKU-046,Non-Slip Mouse Pad with Wrist Rest,Office & Productivity,2023-12-04,133,1993.67,4
SKU-046,Non-Slip Mouse Pad with Wrist Rest,Office & Productivity,2023-12-11,133,1993.67,4
SKU-046,Non-Slip Mouse Pad with Wrist Rest,Office & Productivity,2023-12-18,135,2023.65,3
SKU-046,Non-Slip Mouse Pad with Wrist Rest,Office & Productivity,2023-12-25,145,2173.55,4
SKU-046,Non-Slip Mouse Pad with Wrist Rest,Office & Productivity,2024-01-01,137,2053.63,5
SKU-046,Non-Slip Mouse Pad with Wrist Rest,Office & Productivity,2024-01-08,134,2008.66,5
SKU-046,Non-Slip Mouse Pad with Wrist Rest,Office & Productivity,2024-01-15,138,2068.62,3
SKU-046,Non-Slip Mouse Pad with Wrist Rest,Office & Productivity,2024-01-22,139,2083.61,3
SKU-046,Non-Slip Mouse Pad with Wrist Rest,Office & Productivity,2024-01-29,132,1978.68,4
SKU-046,Non-Slip Mouse Pad with Wrist Rest,Office & Productivity,2024-02-05,134,2008.66,4
SKU-046,Non-Slip Mouse Pad with Wrist Rest,Office & Productivity,2024-02-12,100,1499.0,3
SKU-046,Non-Slip Mouse Pad with Wrist Rest,Office & Productivity,2024-02-19,137,2053.63,5
SKU-046,Non-Slip Mouse Pad with Wrist Rest,Office & Productivity,2024-02-26,152,2278.48,5
SKU-046,Non-Slip Mouse Pad with Wrist Rest,Office & Productivity,2024-03-04,125,1873.75,5
SKU-046,Non-Slip Mouse Pad with Wrist Rest,Office & Productivity,2024-03-11,120,1798.8,4
SKU-046,Non-Slip Mouse Pad with Wrist Rest,Office & Productivity,2024-03-18,117,1753.83,4
SKU-046,Non-Slip Mouse Pad with Wrist Rest,Office & Productivity,2024-03-25,152,2278.48,3
SKU-046,Non-Slip Mouse Pad with Wrist Rest,Office & Productivity,2024-04-01,135,2023.65,4
SKU-046,Non-Slip Mouse Pad with Wrist Rest,Office & Productivity,2024-04-08,132,1978.6799999999998,3
SKU-046,Non-Slip Mouse Pad with Wrist Rest,Office & Productivity,2024-04-15,131,1963.69,4
SKU-046,Non-Slip Mouse Pad with Wrist Rest,Office & Productivity,2024-04-22,140,2098.6,5
SKU-046,Non-Slip Mouse Pad with Wrist Rest,Office & Productivity,2024-04-29,116,1738.84,5
SKU-046,Non-Slip Mouse Pad with Wrist Rest,Office & Productivity,2024-05-06,111,1663.89,4
SKU-046,Non-Slip Mouse Pad with Wrist Rest,Office & Productivity,2024-05-13,119,1783.81,3
SKU-046,Non-Slip Mouse Pad with Wrist Rest,Office & Productivity,2024-05-20,147,2203.5299999999997,4
SKU-046,Non-Slip Mouse Pad with Wrist Rest,Office & Productivity,2024-05-27,147,2203.53,3
SKU-046,Non-Slip Mouse Pad with Wrist Rest,Office & Productivity,2024-06-03,143,2143.57,5
SKU-046,Non-Slip Mouse Pad with Wrist Rest,Office & Productivity,2024-06-10,133,1993.67,4
SKU-046,Non-Slip Mouse Pad with Wrist Rest,Office & Productivity,2024-06-17,124,1858.76,3
SKU-046,Non-Slip Mouse Pad with Wrist Rest,Office & Productivity,2024-06-24,143,2143.57,5
SKU-046,Non-Slip Mouse Pad with Wrist Rest,Office & Productivity,2024-07-01,138,2068.62,3
SKU-046,Non-Slip Mouse Pad with Wrist Rest,Office & Productivity,2024-07-08,151,2263.49,4
SKU-046,Non-Slip Mouse Pad with Wrist Rest,Office & Productivity,2024-07-15,133,1993.67,5
SKU-046,Non-Slip Mouse Pad with Wrist Rest,Office & Productivity,2024-07-22,134,2008.66,4
SKU-046,Non-Slip Mouse Pad with Wrist Rest,Office & Productivity,2024-07-29,135,2023.65,3
SKU-046,Non-Slip Mouse Pad with Wrist Rest,Office & Productivity,2024-08-05,129,1933.71,3
SKU-046,Non-Slip Mouse Pad with Wrist Rest,Office & Productivity,2024-08-12,146,2188.54,3
SKU-046,Non-Slip Mouse Pad with Wrist Rest,Office & Productivity,2024-08-19,133,1993.67,4
SKU-046,Non-Slip Mouse Pad with Wrist Rest,Office & Productivity,2024-08-26,135,2023.65,5
SKU-046,Non-Slip Mouse Pad with Wrist Rest,Office & Productivity,2024-09-02,141,2113.59,4
SKU-046,Non-Slip Mouse Pad with Wrist Rest,Office & Productivity,2024-09-09,109,1633.91,3
SKU-046,Non-Slip Mouse Pad with Wrist Rest,Office & Productivity,2024-09-16,109,1633.91,3
SKU-046,Non-Slip Mouse Pad with Wrist Rest,Office & Productivity,2024-09-23,156,2338.44,5
SKU-046,Non-Slip Mouse Pad with Wrist Rest,Office & Productivity,2024-09-30,144,2158.56,5
SKU-046,Non-Slip Mouse Pad with Wrist Rest,Office & Productivity,2024-10-07,160,2398.4,4
SKU-046,Non-Slip Mouse Pad with Wrist Rest,Office & Productivity,2024-10-14,120,1798.8,4
SKU-046,Non-Slip Mouse Pad with Wrist Rest,Office & Productivity,2024-10-21,120,1798.8000000000002,3
SKU-046,Non-Slip Mouse Pad with Wrist Rest,Office & Productivity,2024-10-28,140,2098.6,5
SKU-046,Non-Slip Mouse Pad with Wrist Rest,Office & Productivity,2024-11-04,174,2608.26,3
SKU-046,Non-Slip Mouse Pad with Wrist Rest,Office & Productivity,2024-11-11,117,1753.83,5
SKU-046,Non-Slip Mouse Pad with Wrist Rest,Office & Productivity,2024-11-18,140,2098.6,3
SKU-046,Non-Slip Mouse Pad with Wrist Rest,Office & Productivity,2024-11-25,123,1843.77,4
SKU-046,Non-Slip Mouse Pad with Wrist Rest,Office & Productivity,2024-12-02,137,2053.63,5
SKU-046,Non-Slip Mouse Pad with Wrist Rest,Office & Productivity,2024-12-09,149,2233.51,3
SKU-046,Non-Slip Mouse Pad with Wrist Rest,Office & Productivity,2024-12-16,143,2143.5699999999997,4
SKU-046,Non-Slip Mouse Pad with Wrist Rest,Office & Productivity,2024-12-23,130,1948.7,5
SKU-047,Aromatherapy Essential Oil Diffuser,Home & Kitchen,2023-01-02,64,1919.3600000000001,4
SKU-047,Aromatherapy Essential Oil Diffuser,Home & Kitchen,2023-01-09,76,2279.24,4
SKU-047,Aromatherapy Essential Oil Diffuser,Home & Kitchen,2023-01-16,83,2489.17,4
SKU-047,Aromatherapy Essential Oil Diffuser,Home & Kitchen,2023-01-23,60,1799.3999999999999,3
SKU-047,Aromatherapy Essential Oil Diffuser,Home & Kitchen,2023-01-30,79,2369.21,3
SKU-047,Aromatherapy Essential Oil Diffuser,Home & Kitchen,2023-02-06,64,1919.36,4
SKU-047,Aromatherapy Essential Oil Diffuser,Home & Kitchen,2023-02-13,77,2309.23,3
SKU-047,Aromatherapy Essential Oil Diffuser,Home & Kitchen,2023-02-20,85,2549.15,4
SKU-047,Aromatherapy Essential Oil Diffuser,Home & Kitchen,2023-02-27,79,2369.21,5
SKU-047,Aromatherapy Essential Oil Diffuser,Home & Kitchen,2023-03-06,85,2549.1499999999996,3
SKU-047,Aromatherapy Essential Oil Diffuser,Home & Kitchen,2023-03-13,78,2339.2200000000003,4
SKU-047,Aromatherapy Essential Oil Diffuser,Home & Kitchen,2023-03-20,77,2309.23,5
SKU-047,Aromatherapy Essential Oil Diffuser,Home & Kitchen,2023-03-27,85,2549.15,5
SKU-047,Aromatherapy Essential Oil Diffuser,Home & Kitchen,2023-04-03,90,2699.1,3
SKU-047,Aromatherapy Essential Oil Diffuser,Home & Kitchen,2023-04-10,82,2459.18,4
SKU-047,Aromatherapy Essential Oil Diffuser,Home & Kitchen,2023-04-17,80,2399.2,5
SKU-047,Aromatherapy Essential Oil Diffuser,Home & Kitchen,2023-04-24,90,2699.1,5
SKU-047,Aromatherapy Essential Oil Diffuser,Home & Kitchen,2023-05-01,76,2279.24,4
SKU-047,Aromatherapy Essential Oil Diffuser,Home & Kitchen,2023-05-08,84,2519.16,5
SKU-047,Aromatherapy Essential Oil Diffuser,Home & Kitchen,2023-05-15,88,2639.12,5
SKU-047,Aromatherapy Essential Oil Diffuser,Home & Kitchen,2023-05-22,71,2129.29,4
SKU-047,Aromatherapy Essential Oil Diffuser,Home & Kitchen,2023-05-29,75,2249.25,5
SKU-047,Aromatherapy Essential Oil Diffuser,Home & Kitchen,2023-06-05,94,2819.06,3
SKU-047,Aromatherapy Essential Oil Diffuser,Home & Kitchen,2023-06-12,66,1979.34,4
SKU-047,Aromatherapy Essential Oil Diffuser,Home & Kitchen,2023-06-19,85,2549.15,3
SKU-047,Aromatherapy Essential Oil Diffuser,Home & Kitchen,2023-06-26,95,2849.05,3
SKU-047,Aromatherapy Essential Oil Diffuser,Home & Kitchen,2023-07-03,85,2549.15,5
SKU-047,Aromatherapy Essential Oil Diffuser,Home & Kitchen,2023-07-10,91,2729.09,3
SKU-047,Aromatherapy Essential Oil Diffuser,Home & Kitchen,2023-07-17,78,2339.2200000000003,4
SKU-047,Aromatherapy Essential Oil Diffuser,Home & Kitchen,2023-07-24,92,2759.08,4
SKU-047,Aromatherapy Essential Oil Diffuser,Home & Kitchen,2023-07-31,80,2399.2,5
SKU-047,Aromatherapy Essential Oil Diffuser,Home & Kitchen,2023-08-07,102,3058.98,4
SKU-047,Aromatherapy Essential Oil Diffuser,Home & Kitchen,2023-08-14,79,2369.21,3
SKU-047,Aromatherapy Essential Oil Diffuser,Home & Kitchen,2023-08-21,82,2459.18,4
SKU-047,Aromatherapy Essential Oil Diffuser,Home & Kitchen,2023-08-28,60,1799.4,5
SKU-047,Aromatherapy Essential Oil Diffuser,Home & Kitchen,2023-09-04,94,2819.06,3
SKU-047,Aromatherapy Essential Oil Diffuser,Home & Kitchen,2023-09-11,75,2249.25,3
SKU-047,Aromatherapy Essential Oil Diffuser,Home & Kitchen,2023-09-18,80,2399.2,4
SKU-047,Aromatherapy Essential Oil Diffuser,Home & Kitchen,2023-09-25,91,2729.09,5
SKU-047,Aromatherapy Essential Oil Diffuser,Home & Kitchen,2023-10-02,96,2879.04,3
SKU-047,Aromatherapy Essential Oil Diffuser,Home & Kitchen,2023-10-09,69,2069.31,3
SKU-047,Aromatherapy Essential Oil Diffuser,Home & Kitchen,2023-10-16,86,2579.14,4
SKU-047,Aromatherapy Essential Oil Diffuser,Home & Kitchen,2023-10-23,77,2309.23,4
SKU-047,Aromatherapy Essential Oil Diffuser,Home & Kitchen,2023-10-30,75,2249.25,4
SKU-047,Aromatherapy Essential Oil Diffuser,Home & Kitchen,2023-11-06,116,3478.84,3
SKU-047,Aromatherapy Essential Oil Diffuser,Home & Kitchen,2023-11-13,130,3898.7,3
SKU-047,Aromatherapy Essential Oil Diffuser,Home & Kitchen,2023-11-20,131,3928.6899999999996,4
SKU-047,Aromatherapy Essential Oil Diffuser,Home & Kitchen,2023-11-27,163,4888.37,5
SKU-047,Aromatherapy Essential Oil Diffuser,Home & Kitchen,2023-12-04,167,5008.33,4
SKU-047,Aromatherapy Essential Oil Diffuser,Home & Kitchen,2023-12-11,133,3988.67,5
SKU-047,Aromatherapy Essential Oil Diffuser,Home & Kitchen,2023-12-18,134,4018.66,4
SKU-047,Aromatherapy Essential Oil Diffuser,Home & Kitchen,2023-12-25,117,3508.83,4
SKU-047,Aromatherapy Essential Oil Diffuser,Home & Kitchen,2024-01-01,69,2069.31,3
SKU-047,Aromatherapy Essential Oil Diffuser,Home & Kitchen,2024-01-08,63,1889.37,5
SKU-047,Aromatherapy Essential Oil Diffuser,Home & Kitchen,2024-01-15,83,2489.17,3
SKU-047,Aromatherapy Essential Oil Diffuser,Home & Kitchen,2024-01-22,80,2399.2,3
SKU-047,Aromatherapy Essential Oil Diffuser,Home & Kitchen,2024-01-29,72,2159.28,4
SKU-047,Aromatherapy Essential Oil Diffuser,Home & Kitchen,2024-02-05,80,2399.2,3
SKU-047,Aromatherapy Essential Oil Diffuser,Home & Kitchen,2024-02-12,75,2249.25,4
SKU-047,Aromatherapy Essential Oil Diffuser,Home & Kitchen,2024-02-19,87,2609.13,4
SKU-047,Aromatherapy Essential Oil Diffuser,Home & Kitchen,2024-02-26,71,2129.29,4
SKU-047,Aromatherapy Essential Oil Diffuser,Home & Kitchen,2024-03-04,84,2519.16,3
SKU-047,Aromatherapy Essential Oil Diffuser,Home & Kitchen,2024-03-11,81,2429.19,5
SKU-047,Aromatherapy Essential Oil Diffuser,Home & Kitchen,2024-03-18,72,2159.28,5
SKU-047,Aromatherapy Essential Oil Diffuser,Home & Kitchen,2024-03-25,82,2459.1800000000003,3
SKU-047,Aromatherapy Essential Oil Diffuser,Home & Kitchen,2024-04-01,86,2579.14,4
SKU-047,Aromatherapy Essential Oil Diffuser,Home & Kitchen,2024-04-08,59,1769.4099999999999,4
SKU-047,Aromatherapy Essential Oil Diffuser,Home & Kitchen,2024-04-15,66,1979.34,5
SKU-047,Aromatherapy Essential Oil Diffuser,Home & Kitchen,2024-04-22,92,2759.08,4
SKU-047,Aromatherapy Essential Oil Diffuser,Home & Kitchen,2024-04-29,72,2159.2799999999997,4
SKU-047,Aromatherapy Essential Oil Diffuser,Home & Kitchen,2024-05-06,76,2279.24,5
SKU-047,Aromatherapy Essential Oil Diffuser,Home & Kitchen,2024-05-13,89,2669.11,4
SKU-047,Aromatherapy Essential Oil Diffuser,Home & Kitchen,2024-05-20,94,2819.06,3
SKU-047,Aromatherapy Essential Oil Diffuser,Home & Kitchen,2024-05-27,91,2729.09,4
SKU-047,Aromatherapy Essential Oil Diffuser,Home & Kitchen,2024-06-03,87,2609.13,5
SKU-047,Aromatherapy Essential Oil Diffuser,Home & Kitchen,2024-06-10,88,2639.12,3
SKU-047,Aromatherapy Essential Oil Diffuser,Home & Kitchen,2024-06-17,91,2729.09,4
SKU-047,Aromatherapy Essential Oil Diffuser,Home & Kitchen,2024-06-24,85,2549.15,3
SKU-047,Aromatherapy Essential Oil Diffuser,Home & Kitchen,2024-07-01,70,2099.3,4
SKU-047,Aromatherapy Essential Oil Diffuser,Home & Kitchen,2024-07-08,91,2729.09,5
SKU-047,Aromatherapy Essential Oil Diffuser,Home & Kitchen,2024-07-15,99,2969.0099999999998,5
SKU-047,Aromatherapy Essential Oil Diffuser,Home & Kitchen,2024-07-22,90,2699.1,5
SKU-047,Aromatherapy Essential Oil Diffuser,Home & Kitchen,2024-07-29,85,2549.15,5
SKU-047,Aromatherapy Essential Oil Diffuser,Home & Kitchen,2024-08-05,79,2369.21,5
SKU-047,Aromatherapy Essential Oil Diffuser,Home & Kitchen,2024-08-12,67,2009.33,3
SKU-047,Aromatherapy Essential Oil Diffuser,Home & Kitchen,2024-08-19,60,1799.3999999999999,4
SKU-047,Aromatherapy Essential Oil Diffuser,Home & Kitchen,2024-08-26,72,2159.2799999999997,4
SKU-047,Aromatherapy Essential Oil Diffuser,Home & Kitchen,2024-09-02,65,1949.35,3
SKU-047,Aromatherapy Essential Oil Diffuser,Home & Kitchen,2024-09-09,85,2549.1499999999996,3
SKU-047,Aromatherapy Essential Oil Diffuser,Home & Kitchen,2024-09-16,72,2159.2799999999997,4
SKU-047,Aromatherapy Essential Oil Diffuser,Home & Kitchen,2024-09-23,88,2639.12,4
SKU-047,Aromatherapy Essential Oil Diffuser,Home & Kitchen,2024-09-30,76,2279.24,3
SKU-047,Aromatherapy Essential Oil Diffuser,Home & Kitchen,2024-10-07,75,2249.25,4
SKU-047,Aromatherapy Essential Oil Diffuser,Home & Kitchen,2024-10-14,81,2429.19,4
SKU-047,Aromatherapy Essential Oil Diffuser,Home & Kitchen,2024-10-21,85,2549.15,3
SKU-047,Aromatherapy Essential Oil Diffuser,Home & Kitchen,2024-10-28,94,2819.06,4
SKU-047,Aromatherapy Essential Oil Diffuser,Home & Kitchen,2024-11-04,156,4678.4400000000005,5
SKU-047,Aromatherapy Essential Oil Diffuser,Home & Kitchen,2024-11-11,160,4798.4,5
SKU-047,Aromatherapy Essential Oil Diffuser,Home & Kitchen,2024-11-18,155,4648.45,5
SKU-047,Aromatherapy Essential Oil Diffuser,Home & Kitchen,2024-11-25,159,4768.41,4
SKU-047,Aromatherapy Essential Oil Diffuser,Home & Kitchen,2024-12-02,155,4648.45,3
SKU-047,Aromatherapy Essential Oil Diffuser,Home & Kitchen,2024-12-09,161,4828.39,4
SKU-047,Aromatherapy Essential Oil Diffuser,Home & Kitchen,2024-12-16,153,4588.47,4
SKU-047,Aromatherapy Essential Oil Diffuser,Home & Kitchen,2024-12-23,132,3958.6800000000003,4
SKU-048,Emergency Mylar Thermal Blankets 4pk,Outdoor & Sports,2023-01-02,85,1019.15,3
SKU-048,Emergency Mylar Thermal Blankets 4pk,Outdoor & Sports,2023-01-09,96,1151.04,3
SKU-048,Emergency Mylar Thermal Blankets 4pk,Outdoor & Sports,2023-01-16,115,1378.85,5
SKU-048,Emergency Mylar Thermal Blankets 4pk,Outdoor & Sports,2023-01-23,100,1199.0,3
SKU-048,Emergency Mylar Thermal Blankets 4pk,Outdoor & Sports,2023-01-30,102,1222.98,3
SKU-048,Emergency Mylar Thermal Blankets 4pk,Outdoor & Sports,2023-02-06,116,1390.8400000000001,3
SKU-048,Emergency Mylar Thermal Blankets 4pk,Outdoor & Sports,2023-02-13,110,1318.9,3
SKU-048,Emergency Mylar Thermal Blankets 4pk,Outdoor & Sports,2023-02-20,98,1175.02,5
SKU-048,Emergency Mylar Thermal Blankets 4pk,Outdoor & Sports,2023-02-27,86,1031.1399999999999,5
SKU-048,Emergency Mylar Thermal Blankets 4pk,Outdoor & Sports,2023-03-06,91,1091.09,4
SKU-048,Emergency Mylar Thermal Blankets 4pk,Outdoor & Sports,2023-03-13,107,1282.93,3
SKU-048,Emergency Mylar Thermal Blankets 4pk,Outdoor & Sports,2023-03-20,108,1294.92,3
SKU-048,Emergency Mylar Thermal Blankets 4pk,Outdoor & Sports,2023-03-27,109,1306.91,5
SKU-048,Emergency Mylar Thermal Blankets 4pk,Outdoor & Sports,2023-04-03,89,1067.1100000000001,3
SKU-048,Emergency Mylar Thermal Blankets 4pk,Outdoor & Sports,2023-04-10,116,1390.8400000000001,4
SKU-048,Emergency Mylar Thermal Blankets 4pk,Outdoor & Sports,2023-04-17,95,1139.05,5
SKU-048,Emergency Mylar Thermal Blankets 4pk,Outdoor & Sports,2023-04-24,112,1342.88,5
SKU-048,Emergency Mylar Thermal Blankets 4pk,Outdoor & Sports,2023-05-01,101,1210.99,5
SKU-048,Emergency Mylar Thermal Blankets 4pk,Outdoor & Sports,2023-05-08,108,1294.92,3
SKU-048,Emergency Mylar Thermal Blankets 4pk,Outdoor & Sports,2023-05-15,127,1522.73,3
SKU-048,Emergency Mylar Thermal Blankets 4pk,Outdoor & Sports,2023-05-22,87,1043.13,5
SKU-048,Emergency Mylar Thermal Blankets 4pk,Outdoor & Sports,2023-05-29,101,1210.99,5
SKU-048,Emergency Mylar Thermal Blankets 4pk,Outdoor & Sports,2023-06-05,102,1222.98,5
SKU-048,Emergency Mylar Thermal Blankets 4pk,Outdoor & Sports,2023-06-12,104,1246.96,5
SKU-048,Emergency Mylar Thermal Blankets 4pk,Outdoor & Sports,2023-06-19,106,1270.94,5
SKU-048,Emergency Mylar Thermal Blankets 4pk,Outdoor & Sports,2023-06-26,106,1270.94,3
SKU-048,Emergency Mylar Thermal Blankets 4pk,Outdoor & Sports,2023-07-03,119,1426.81,4
SKU-048,Emergency Mylar Thermal Blankets 4pk,Outdoor & Sports,2023-07-10,87,1043.13,4
SKU-048,Emergency Mylar Thermal Blankets 4pk,Outdoor & Sports,2023-07-17,88,1055.12,5
SKU-048,Emergency Mylar Thermal Blankets 4pk,Outdoor & Sports,2023-07-24,117,1402.83,4
SKU-048,Emergency Mylar Thermal Blankets 4pk,Outdoor & Sports,2023-07-31,110,1318.9,4
SKU-048,Emergency Mylar Thermal Blankets 4pk,Outdoor & Sports,2023-08-07,105,1258.95,3
SKU-048,Emergency Mylar Thermal Blankets 4pk,Outdoor & Sports,2023-08-14,88,1055.12,4
SKU-048,Emergency Mylar Thermal Blankets 4pk,Outdoor & Sports,2023-08-21,91,1091.0900000000001,3
SKU-048,Emergency Mylar Thermal Blankets 4pk,Outdoor & Sports,2023-08-28,100,1199.0,5
SKU-048,Emergency Mylar Thermal Blankets 4pk,Outdoor & Sports,2023-09-04,87,1043.13,3
SKU-048,Emergency Mylar Thermal Blankets 4pk,Outdoor & Sports,2023-09-11,111,1330.89,5
SKU-048,Emergency Mylar Thermal Blankets 4pk,Outdoor & Sports,2023-09-18,86,1031.14,5
SKU-048,Emergency Mylar Thermal Blankets 4pk,Outdoor & Sports,2023-09-25,86,1031.14,4
SKU-048,Emergency Mylar Thermal Blankets 4pk,Outdoor & Sports,2023-10-02,95,1139.05,4
SKU-048,Emergency Mylar Thermal Blankets 4pk,Outdoor & Sports,2023-10-09,65,779.35,3
SKU-048,Emergency Mylar Thermal Blankets 4pk,Outdoor & Sports,2023-10-16,110,1318.9,5
SKU-048,Emergency Mylar Thermal Blankets 4pk,Outdoor & Sports,2023-10-23,112,1342.8799999999999,3
SKU-048,Emergency Mylar Thermal Blankets 4pk,Outdoor & Sports,2023-10-30,110,1318.8999999999999,3
SKU-048,Emergency Mylar Thermal Blankets 4pk,Outdoor & Sports,2023-11-06,91,1091.0900000000001,3
SKU-048,Emergency Mylar Thermal Blankets 4pk,Outdoor & Sports,2023-11-13,116,1390.84,3
SKU-048,Emergency Mylar Thermal Blankets 4pk,Outdoor & Sports,2023-11-20,119,1426.81,3
SKU-048,Emergency Mylar Thermal Blankets 4pk,Outdoor & Sports,2023-11-27,106,1270.94,5
SKU-048,Emergency Mylar Thermal Blankets 4pk,Outdoor & Sports,2023-12-04,110,1318.9,4
SKU-048,Emergency Mylar Thermal Blankets 4pk,Outdoor & Sports,2023-12-11,124,1486.76,4
SKU-048,Emergency Mylar Thermal Blankets 4pk,Outdoor & Sports,2023-12-18,102,1222.98,4
SKU-048,Emergency Mylar Thermal Blankets 4pk,Outdoor & Sports,2023-12-25,94,1127.06,3
SKU-048,Emergency Mylar Thermal Blankets 4pk,Outdoor & Sports,2024-01-01,110,1318.9,3
SKU-048,Emergency Mylar Thermal Blankets 4pk,Outdoor & Sports,2024-01-08,115,1378.85,3
SKU-048,Emergency Mylar Thermal Blankets 4pk,Outdoor & Sports,2024-01-15,110,1318.9,5
SKU-048,Emergency Mylar Thermal Blankets 4pk,Outdoor & Sports,2024-01-22,90,1079.1,4
SKU-048,Emergency Mylar Thermal Blankets 4pk,Outdoor & Sports,2024-01-29,102,1222.98,3
SKU-048,Emergency Mylar Thermal Blankets 4pk,Outdoor & Sports,2024-02-05,113,1354.87,4
SKU-048,Emergency Mylar Thermal Blankets 4pk,Outdoor & Sports,2024-02-12,110,1318.9,5
SKU-048,Emergency Mylar Thermal Blankets 4pk,Outdoor & Sports,2024-02-19,107,1282.93,4
SKU-048,Emergency Mylar Thermal Blankets 4pk,Outdoor & Sports,2024-02-26,109,1306.9099999999999,4
SKU-048,Emergency Mylar Thermal Blankets 4pk,Outdoor & Sports,2024-03-04,104,1246.96,4
SKU-048,Emergency Mylar Thermal Blankets 4pk,Outdoor & Sports,2024-03-11,112,1342.88,3
SKU-048,Emergency Mylar Thermal Blankets 4pk,Outdoor & Sports,2024-03-18,98,1175.02,5
SKU-048,Emergency Mylar Thermal Blankets 4pk,Outdoor & Sports,2024-03-25,89,1067.1100000000001,5
SKU-048,Emergency Mylar Thermal Blankets 4pk,Outdoor & Sports,2024-04-01,117,1402.83,5
SKU-048,Emergency Mylar Thermal Blankets 4pk,Outdoor & Sports,2024-04-08,130,1558.7,5
SKU-048,Emergency Mylar Thermal Blankets 4pk,Outdoor & Sports,2024-04-15,103,1234.97,5
SKU-048,Emergency Mylar Thermal Blankets 4pk,Outdoor & Sports,2024-04-22,103,1234.97,4
SKU-048,Emergency Mylar Thermal Blankets 4pk,Outdoor & Sports,2024-04-29,98,1175.02,5
SKU-048,Emergency Mylar Thermal Blankets 4pk,Outdoor & Sports,2024-05-06,100,1199.0,5
SKU-048,Emergency Mylar Thermal Blankets 4pk,Outdoor & Sports,2024-05-13,108,1294.92,4
SKU-048,Emergency Mylar Thermal Blankets 4pk,Outdoor & Sports,2024-05-20,92,1103.08,3
SKU-048,Emergency Mylar Thermal Blankets 4pk,Outdoor & Sports,2024-05-27,88,1055.12,3
SKU-048,Emergency Mylar Thermal Blankets 4pk,Outdoor & Sports,2024-06-03,87,1043.13,3
SKU-048,Emergency Mylar Thermal Blankets 4pk,Outdoor & Sports,2024-06-10,109,1306.9099999999999,4
SKU-048,Emergency Mylar Thermal Blankets 4pk,Outdoor & Sports,2024-06-17,101,1210.99,4
SKU-048,Emergency Mylar Thermal Blankets 4pk,Outdoor & Sports,2024-06-24,108,1294.92,4
SKU-048,Emergency Mylar Thermal Blankets 4pk,Outdoor & Sports,2024-07-01,121,1450.79,5
SKU-048,Emergency Mylar Thermal Blankets 4pk,Outdoor & Sports,2024-07-08,99,1187.01,3
SKU-048,Emergency Mylar Thermal Blankets 4pk,Outdoor & Sports,2024-07-15,135,1618.65,5
SKU-048,Emergency Mylar Thermal Blankets 4pk,Outdoor & Sports,2024-07-22,114,1366.8600000000001,5
SKU-048,Emergency Mylar Thermal Blankets 4pk,Outdoor & Sports,2024-07-29,121,1450.79,4
SKU-048,Emergency Mylar Thermal Blankets 4pk,Outdoor & Sports,2024-08-05,124,1486.76,5
SKU-048,Emergency Mylar Thermal Blankets 4pk,Outdoor & Sports,2024-08-12,89,1067.11,4
SKU-048,Emergency Mylar Thermal Blankets 4pk,Outdoor & Sports,2024-08-19,108,1294.92,3
SKU-048,Emergency Mylar Thermal Blankets 4pk,Outdoor & Sports,2024-08-26,121,1450.79,5
SKU-048,Emergency Mylar Thermal Blankets 4pk,Outdoor & Sports,2024-09-02,105,1258.95,5
SKU-048,Emergency Mylar Thermal Blankets 4pk,Outdoor & Sports,2024-09-09,90,1079.1,3
SKU-048,Emergency Mylar Thermal Blankets 4pk,Outdoor & Sports,2024-09-16,117,1402.83,3
SKU-048,Emergency Mylar Thermal Blankets 4pk,Outdoor & Sports,2024-09-23,103,1234.97,5
SKU-048,Emergency Mylar Thermal Blankets 4pk,Outdoor & Sports,2024-09-30,107,1282.9299999999998,3
SKU-048,Emergency Mylar Thermal Blankets 4pk,Outdoor & Sports,2024-10-07,124,1486.76,3
SKU-048,Emergency Mylar Thermal Blankets 4pk,Outdoor & Sports,2024-10-14,115,1378.85,3
SKU-048,Emergency Mylar Thermal Blankets 4pk,Outdoor & Sports,2024-10-21,124,1486.76,4
SKU-048,Emergency Mylar Thermal Blankets 4pk,Outdoor & Sports,2024-10-28,109,1306.91,5
SKU-048,Emergency Mylar Thermal Blankets 4pk,Outdoor & Sports,2024-11-04,94,1127.06,4
SKU-048,Emergency Mylar Thermal Blankets 4pk,Outdoor & Sports,2024-11-11,114,1366.8600000000001,3
SKU-048,Emergency Mylar Thermal Blankets 4pk,Outdoor & Sports,2024-11-18,92,1103.08,3
SKU-048,Emergency Mylar Thermal Blankets 4pk,Outdoor & Sports,2024-11-25,85,1019.1500000000001,3
SKU-048,Emergency Mylar Thermal Blankets 4pk,Outdoor & Sports,2024-12-02,103,1234.97,4
SKU-048,Emergency Mylar Thermal Blankets 4pk,Outdoor & Sports,2024-12-09,107,1282.93,3
SKU-048,Emergency Mylar Thermal Blankets 4pk,Outdoor & Sports,2024-12-16,112,1342.88,3
SKU-048,Emergency Mylar Thermal Blankets 4pk,Outdoor & Sports,2024-12-23,101,1210.99,4
SKU-049,Reflective Running Armband Phone Case,Apparel & Footwear,2023-01-02,67,1105.5,4
SKU-049,Reflective Running Armband Phone Case,Apparel & Footwear,2023-01-09,65,1072.5,4
SKU-049,Reflective Running Armband Phone Case,Apparel & Footwear,2023-01-16,69,1138.5,5
SKU-049,Reflective Running Armband Phone Case,Apparel & Footwear,2023-01-23,77,1270.5,3
SKU-049,Reflective Running Armband Phone Case,Apparel & Footwear,2023-01-30,72,1188,3
SKU-049,Reflective Running Armband Phone Case,Apparel & Footwear,2023-02-06,70,1155.0,5
SKU-049,Reflective Running Armband Phone Case,Apparel & Footwear,2023-02-13,71,1171.5,4
SKU-049,Reflective Running Armband Phone Case,Apparel & Footwear,2023-02-20,79,1303.5,5
SKU-049,Reflective Running Armband Phone Case,Apparel & Footwear,2023-02-27,69,1138.5,5
SKU-049,Reflective Running Armband Phone Case,Apparel & Footwear,2023-03-06,72,1188.0,5
SKU-049,Reflective Running Armband Phone Case,Apparel & Footwear,2023-03-13,81,1336.5,4
SKU-049,Reflective Running Armband Phone Case,Apparel & Footwear,2023-03-20,76,1254.0,3
SKU-049,Reflective Running Armband Phone Case,Apparel & Footwear,2023-03-27,83,1369.5,5
SKU-049,Reflective Running Armband Phone Case,Apparel & Footwear,2023-04-03,64,1056.0,5
SKU-049,Reflective Running Armband Phone Case,Apparel & Footwear,2023-04-10,64,1056.0,4
SKU-049,Reflective Running Armband Phone Case,Apparel & Footwear,2023-04-17,79,1303.5,5
SKU-049,Reflective Running Armband Phone Case,Apparel & Footwear,2023-04-24,77,1270.5,3
SKU-049,Reflective Running Armband Phone Case,Apparel & Footwear,2023-05-01,154,2541.0,3
SKU-049,Reflective Running Armband Phone Case,Apparel & Footwear,2023-05-08,131,2161.5,3
SKU-049,Reflective Running Armband Phone Case,Apparel & Footwear,2023-05-15,132,2178.0,4
SKU-049,Reflective Running Armband Phone Case,Apparel & Footwear,2023-05-22,132,2178.0,4
SKU-049,Reflective Running Armband Phone Case,Apparel & Footwear,2023-05-29,153,2524.5,5
SKU-049,Reflective Running Armband Phone Case,Apparel & Footwear,2023-06-05,123,2029.5,4
SKU-049,Reflective Running Armband Phone Case,Apparel & Footwear,2023-06-12,136,2244.0,4
SKU-049,Reflective Running Armband Phone Case,Apparel & Footwear,2023-06-19,153,2524.5,3
SKU-049,Reflective Running Armband Phone Case,Apparel & Footwear,2023-06-26,135,2227.5,5
SKU-049,Reflective Running Armband Phone Case,Apparel & Footwear,2023-07-03,142,2343.0,3
SKU-049,Reflective Running Armband Phone Case,Apparel & Footwear,2023-07-10,162,2673.0,4
SKU-049,Reflective Running Armband Phone Case,Apparel & Footwear,2023-07-17,134,2211.0,3
SKU-049,Reflective Running Armband Phone Case,Apparel & Footwear,2023-07-24,114,1881.0,5
SKU-049,Reflective Running Armband Phone Case,Apparel & Footwear,2023-07-31,147,2425.5,3
SKU-049,Reflective Running Armband Phone Case,Apparel & Footwear,2023-08-07,134,2211,4
SKU-049,Reflective Running Armband Phone Case,Apparel & Footwear,2023-08-14,143,2359.5,5
SKU-049,Reflective Running Armband Phone Case,Apparel & Footwear,2023-08-21,115,1897.5,4
SKU-049,Reflective Running Armband Phone Case,Apparel & Footwear,2023-08-28,121,1996.5,4
SKU-049,Reflective Running Armband Phone Case,Apparel & Footwear,2023-09-04,79,1303.5,3
SKU-049,Reflective Running Armband Phone Case,Apparel & Footwear,2023-09-11,68,1122.0,4
SKU-049,Reflective Running Armband Phone Case,Apparel & Footwear,2023-09-18,78,1287.0,4
SKU-049,Reflective Running Armband Phone Case,Apparel & Footwear,2023-09-25,75,1237.5,5
SKU-049,Reflective Running Armband Phone Case,Apparel & Footwear,2023-10-02,80,1320.0,5
SKU-049,Reflective Running Armband Phone Case,Apparel & Footwear,2023-10-09,74,1221.0,3
SKU-049,Reflective Running Armband Phone Case,Apparel & Footwear,2023-10-16,80,1320.0,4
SKU-049,Reflective Running Armband Phone Case,Apparel & Footwear,2023-10-23,70,1155.0,3
SKU-049,Reflective Running Armband Phone Case,Apparel & Footwear,2023-10-30,75,1237.5,5
SKU-049,Reflective Running Armband Phone Case,Apparel & Footwear,2023-11-06,79,1303.5,3
SKU-049,Reflective Running Armband Phone Case,Apparel & Footwear,2023-11-13,71,1171.5,3
SKU-049,Reflective Running Armband Phone Case,Apparel & Footwear,2023-11-20,57,940.5,5
SKU-049,Reflective Running Armband Phone Case,Apparel & Footwear,2023-11-27,80,1320.0,4
SKU-049,Reflective Running Armband Phone Case,Apparel & Footwear,2023-12-04,74,1221.0,4
SKU-049,Reflective Running Armband Phone Case,Apparel & Footwear,2023-12-11,71,1171.5,5
SKU-049,Reflective Running Armband Phone Case,Apparel & Footwear,2023-12-18,72,1188.0,5
SKU-049,Reflective Running Armband Phone Case,Apparel & Footwear,2023-12-25,65,1072.5,4
SKU-049,Reflective Running Armband Phone Case,Apparel & Footwear,2024-01-01,71,1171.5,3
SKU-049,Reflective Running Armband Phone Case,Apparel & Footwear,2024-01-08,73,1204.5,3
SKU-049,Reflective Running Armband Phone Case,Apparel & Footwear,2024-01-15,68,1122.0,4
SKU-049,Reflective Running Armband Phone Case,Apparel & Footwear,2024-01-22,50,825.0,4
SKU-049,Reflective Running Armband Phone Case,Apparel & Footwear,2024-01-29,85,1402.5,3
SKU-049,Reflective Running Armband Phone Case,Apparel & Footwear,2024-02-05,64,1056.0,3
SKU-049,Reflective Running Armband Phone Case,Apparel & Footwear,2024-02-12,80,1320,4
SKU-049,Reflective Running Armband Phone Case,Apparel & Footwear,2024-02-19,70,1155.0,5
SKU-049,Reflective Running Armband Phone Case,Apparel & Footwear,2024-02-26,81,1336.5,4
SKU-049,Reflective Running Armband Phone Case,Apparel & Footwear,2024-03-04,81,1336.5,4
SKU-049,Reflective Running Armband Phone Case,Apparel & Footwear,2024-03-11,99,1633.5,3
SKU-049,Reflective Running Armband Phone Case,Apparel & Footwear,2024-03-18,70,1155.0,5
SKU-049,Reflective Running Armband Phone Case,Apparel & Footwear,2024-03-25,93,1534.5,3
SKU-049,Reflective Running Armband Phone Case,Apparel & Footwear,2024-04-01,88,1452.0,3
SKU-049,Reflective Running Armband Phone Case,Apparel & Footwear,2024-04-08,80,1320.0,5
SKU-049,Reflective Running Armband Phone Case,Apparel & Footwear,2024-04-15,81,1336.5,4
SKU-049,Reflective Running Armband Phone Case,Apparel & Footwear,2024-04-22,72,1188.0,3
SKU-049,Reflective Running Armband Phone Case,Apparel & Footwear,2024-04-29,74,1221.0,5
SKU-049,Reflective Running Armband Phone Case,Apparel & Footwear,2024-05-06,154,2541.0,5
SKU-049,Reflective Running Armband Phone Case,Apparel & Footwear,2024-05-13,106,1749.0,3
SKU-049,Reflective Running Armband Phone Case,Apparel & Footwear,2024-05-20,141,2326.5,3
SKU-049,Reflective Running Armband Phone Case,Apparel & Footwear,2024-05-27,164,2706.0,5
SKU-049,Reflective Running Armband Phone Case,Apparel & Footwear,2024-06-03,154,2541.0,3
SKU-049,Reflective Running Armband Phone Case,Apparel & Footwear,2024-06-10,145,2392.5,4
SKU-049,Reflective Running Armband Phone Case,Apparel & Footwear,2024-06-17,144,2376,4
SKU-049,Reflective Running Armband Phone Case,Apparel & Footwear,2024-06-24,119,1963.5,5
SKU-049,Reflective Running Armband Phone Case,Apparel & Footwear,2024-07-01,143,2359.5,5
SKU-049,Reflective Running Armband Phone Case,Apparel & Footwear,2024-07-08,158,2607.0,4
SKU-049,Reflective Running Armband Phone Case,Apparel & Footwear,2024-07-15,154,2541.0,4
SKU-049,Reflective Running Armband Phone Case,Apparel & Footwear,2024-07-22,144,2376.0,4
SKU-049,Reflective Running Armband Phone Case,Apparel & Footwear,2024-07-29,127,2095.5,3
SKU-049,Reflective Running Armband Phone Case,Apparel & Footwear,2024-08-05,143,2359.5,3
SKU-049,Reflective Running Armband Phone Case,Apparel & Footwear,2024-08-12,141,2326.5,4
SKU-049,Reflective Running Armband Phone Case,Apparel & Footwear,2024-08-19,114,1881.0,4
SKU-049,Reflective Running Armband Phone Case,Apparel & Footwear,2024-08-26,119,1963.5,5
SKU-049,Reflective Running Armband Phone Case,Apparel & Footwear,2024-09-02,85,1402.5,5
SKU-049,Reflective Running Armband Phone Case,Apparel & Footwear,2024-09-09,79,1303.5,3
SKU-049,Reflective Running Armband Phone Case,Apparel & Footwear,2024-09-16,59,973.5,4
SKU-049,Reflective Running Armband Phone Case,Apparel & Footwear,2024-09-23,85,1402.5,5
SKU-049,Reflective Running Armband Phone Case,Apparel & Footwear,2024-09-30,72,1188.0,5
SKU-049,Reflective Running Armband Phone Case,Apparel & Footwear,2024-10-07,75,1237.5,3
SKU-049,Reflective Running Armband Phone Case,Apparel & Footwear,2024-10-14,81,1336.5,5
SKU-049,Reflective Running Armband Phone Case,Apparel & Footwear,2024-10-21,54,891.0,5
SKU-049,Reflective Running Armband Phone Case,Apparel & Footwear,2024-10-28,75,1237.5,3
SKU-049,Reflective Running Armband Phone Case,Apparel & Footwear,2024-11-04,82,1353.0,3
SKU-049,Reflective Running Armband Phone Case,Apparel & Footwear,2024-11-11,57,940.5,5
SKU-049,Reflective Running Armband Phone Case,Apparel & Footwear,2024-11-18,88,1452,4
SKU-049,Reflective Running Armband Phone Case,Apparel & Footwear,2024-11-25,85,1402.5,5
SKU-049,Reflective Running Armband Phone Case,Apparel & Footwear,2024-12-02,83,1369.5,5
SKU-049,Reflective Running Armband Phone Case,Apparel & Footwear,2024-12-09,82,1353.0,5
SKU-049,Reflective Running Armband Phone Case,Apparel & Footwear,2024-12-16,72,1188,3
SKU-049,Reflective Running Armband Phone Case,Apparel & Footwear,2024-12-23,61,1006.5,3
SKU-050,Screen Cleaning Spray & Cloth Kit,Consumer Electronics,2023-01-02,199,1988.01,4
SKU-050,Screen Cleaning Spray & Cloth Kit,Consumer Electronics,2023-01-09,167,1668.33,5
SKU-050,Screen Cleaning Spray & Cloth Kit,Consumer Electronics,2023-01-16,173,1728.27,4
SKU-050,Screen Cleaning Spray & Cloth Kit,Consumer Electronics,2023-01-23,163,1628.37,3
SKU-050,Screen Cleaning Spray & Cloth Kit,Consumer Electronics,2023-01-30,187,1868.13,5
SKU-050,Screen Cleaning Spray & Cloth Kit,Consumer Electronics,2023-02-06,166,1658.34,3
SKU-050,Screen Cleaning Spray & Cloth Kit,Consumer Electronics,2023-02-13,186,1858.14,5
SKU-050,Screen Cleaning Spray & Cloth Kit,Consumer Electronics,2023-02-20,191,1908.0900000000001,4
SKU-050,Screen Cleaning Spray & Cloth Kit,Consumer Electronics,2023-02-27,164,1638.36,4
SKU-050,Screen Cleaning Spray & Cloth Kit,Consumer Electronics,2023-03-06,187,1868.13,5
SKU-050,Screen Cleaning Spray & Cloth Kit,Consumer Electronics,2023-03-13,182,1818.18,5
SKU-050,Screen Cleaning Spray & Cloth Kit,Consumer Electronics,2023-03-20,179,1788.21,3
SKU-050,Screen Cleaning Spray & Cloth Kit,Consumer Electronics,2023-03-27,182,1818.1799999999998,3
SKU-050,Screen Cleaning Spray & Cloth Kit,Consumer Electronics,2023-04-03,202,2017.98,3
SKU-050,Screen Cleaning Spray & Cloth Kit,Consumer Electronics,2023-04-10,206,2057.94,5
SKU-050,Screen Cleaning Spray & Cloth Kit,Consumer Electronics,2023-04-17,182,1818.18,4
SKU-050,Screen Cleaning Spray & Cloth Kit,Consumer Electronics,2023-04-24,179,1788.21,5
SKU-050,Screen Cleaning Spray & Cloth Kit,Consumer Electronics,2023-05-01,196,1958.04,5
SKU-050,Screen Cleaning Spray & Cloth Kit,Consumer Electronics,2023-05-08,156,1558.44,4
SKU-050,Screen Cleaning Spray & Cloth Kit,Consumer Electronics,2023-05-15,205,2047.95,4
SKU-050,Screen Cleaning Spray & Cloth Kit,Consumer Electronics,2023-05-22,141,1408.5900000000001,3
SKU-050,Screen Cleaning Spray & Cloth Kit,Consumer Electronics,2023-05-29,171,1708.29,3
SKU-050,Screen Cleaning Spray & Cloth Kit,Consumer Electronics,2023-06-05,152,1518.48,4
SKU-050,Screen Cleaning Spray & Cloth Kit,Consumer Electronics,2023-06-12,147,1468.53,3
SKU-050,Screen Cleaning Spray & Cloth Kit,Consumer Electronics,2023-06-19,203,2027.97,3
SKU-050,Screen Cleaning Spray & Cloth Kit,Consumer Electronics,2023-06-26,182,1818.18,3
SKU-050,Screen Cleaning Spray & Cloth Kit,Consumer Electronics,2023-07-03,189,1888.1100000000001,5
SKU-050,Screen Cleaning Spray & Cloth Kit,Consumer Electronics,2023-07-10,183,1828.17,5
SKU-050,Screen Cleaning Spray & Cloth Kit,Consumer Electronics,2023-07-17,179,1788.21,3
SKU-050,Screen Cleaning Spray & Cloth Kit,Consumer Electronics,2023-07-24,183,1828.17,3
SKU-050,Screen Cleaning Spray & Cloth Kit,Consumer Electronics,2023-07-31,177,1768.23,3
SKU-050,Screen Cleaning Spray & Cloth Kit,Consumer Electronics,2023-08-07,166,1658.34,5
SKU-050,Screen Cleaning Spray & Cloth Kit,Consumer Electronics,2023-08-14,169,1688.3100000000002,3
SKU-050,Screen Cleaning Spray & Cloth Kit,Consumer Electronics,2023-08-21,168,1678.32,5
SKU-050,Screen Cleaning Spray & Cloth Kit,Consumer Electronics,2023-08-28,179,1788.21,3
SKU-050,Screen Cleaning Spray & Cloth Kit,Consumer Electronics,2023-09-04,199,1988.01,4
SKU-050,Screen Cleaning Spray & Cloth Kit,Consumer Electronics,2023-09-11,184,1838.16,3
SKU-050,Screen Cleaning Spray & Cloth Kit,Consumer Electronics,2023-09-18,189,1888.11,4
SKU-050,Screen Cleaning Spray & Cloth Kit,Consumer Electronics,2023-09-25,188,1878.12,5
SKU-050,Screen Cleaning Spray & Cloth Kit,Consumer Electronics,2023-10-02,206,2057.94,4
SKU-050,Screen Cleaning Spray & Cloth Kit,Consumer Electronics,2023-10-09,169,1688.31,3
SKU-050,Screen Cleaning Spray & Cloth Kit,Consumer Electronics,2023-10-16,173,1728.27,4
SKU-050,Screen Cleaning Spray & Cloth Kit,Consumer Electronics,2023-10-23,175,1748.25,4
SKU-050,Screen Cleaning Spray & Cloth Kit,Consumer Electronics,2023-10-30,209,2087.91,5
SKU-050,Screen Cleaning Spray & Cloth Kit,Consumer Electronics,2023-11-06,160,1598.4,4
SKU-050,Screen Cleaning Spray & Cloth Kit,Consumer Electronics,2023-11-13,170,1698.3,5
SKU-050,Screen Cleaning Spray & Cloth Kit,Consumer Electronics,2023-11-20,193,1928.07,4
SKU-050,Screen Cleaning Spray & Cloth Kit,Consumer Electronics,2023-11-27,204,2037.96,5
SKU-050,Screen Cleaning Spray & Cloth Kit,Consumer Electronics,2023-12-04,175,1748.25,4
SKU-050,Screen Cleaning Spray & Cloth Kit,Consumer Electronics,2023-12-11,172,1718.28,5
SKU-050,Screen Cleaning Spray & Cloth Kit,Consumer Electronics,2023-12-18,167,1668.33,5
SKU-050,Screen Cleaning Spray & Cloth Kit,Consumer Electronics,2023-12-25,215,2147.85,3
SKU-050,Screen Cleaning Spray & Cloth Kit,Consumer Electronics,2024-01-01,179,1788.21,5
SKU-050,Screen Cleaning Spray & Cloth Kit,Consumer Electronics,2024-01-08,173,1728.27,5
SKU-050,Screen Cleaning Spray & Cloth Kit,Consumer Electronics,2024-01-15,161,1608.3899999999999,5
SKU-050,Screen Cleaning Spray & Cloth Kit,Consumer Electronics,2024-01-22,198,1978.02,5
SKU-050,Screen Cleaning Spray & Cloth Kit,Consumer Electronics,2024-01-29,182,1818.18,5
SKU-050,Screen Cleaning Spray & Cloth Kit,Consumer Electronics,2024-02-05,172,1718.28,4
SKU-050,Screen Cleaning Spray & Cloth Kit,Consumer Electronics,2024-02-12,187,1868.13,4
SKU-050,Screen Cleaning Spray & Cloth Kit,Consumer Electronics,2024-02-19,181,1808.19,5
SKU-050,Screen Cleaning Spray & Cloth Kit,Consumer Electronics,2024-02-26,152,1518.48,4
SKU-050,Screen Cleaning Spray & Cloth Kit,Consumer Electronics,2024-03-04,194,1938.06,4
SKU-050,Screen Cleaning Spray & Cloth Kit,Consumer Electronics,2024-03-11,198,1978.02,4
SKU-050,Screen Cleaning Spray & Cloth Kit,Consumer Electronics,2024-03-18,197,1968.03,3
SKU-050,Screen Cleaning Spray & Cloth Kit,Consumer Electronics,2024-03-25,176,1758.24,3
SKU-050,Screen Cleaning Spray & Cloth Kit,Consumer Electronics,2024-04-01,204,2037.96,3
SKU-050,Screen Cleaning Spray & Cloth Kit,Consumer Electronics,2024-04-08,185,1848.15,3
SKU-050,Screen Cleaning Spray & Cloth Kit,Consumer Electronics,2024-04-15,207,2067.9300000000003,5
SKU-050,Screen Cleaning Spray & Cloth Kit,Consumer Electronics,2024-04-22,166,1658.3400000000001,5
SKU-050,Screen Cleaning Spray & Cloth Kit,Consumer Electronics,2024-04-29,196,1958.04,3
SKU-050,Screen Cleaning Spray & Cloth Kit,Consumer Electronics,2024-05-06,179,1788.21,4
SKU-050,Screen Cleaning Spray & Cloth Kit,Consumer Electronics,2024-05-13,177,1768.23,5
SKU-050,Screen Cleaning Spray & Cloth Kit,Consumer Electronics,2024-05-20,186,1858.1399999999999,3
SKU-050,Screen Cleaning Spray & Cloth Kit,Consumer Electronics,2024-05-27,164,1638.36,5
SKU-050,Screen Cleaning Spray & Cloth Kit,Consumer Electronics,2024-06-03,193,1928.07,5
SKU-050,Screen Cleaning Spray & Cloth Kit,Consumer Electronics,2024-06-10,158,1578.42,5
SKU-050,Screen Cleaning Spray & Cloth Kit,Consumer Electronics,2024-06-17,195,1948.05,5
SKU-050,Screen Cleaning Spray & Cloth Kit,Consumer Electronics,2024-06-24,196,1958.04,4
SKU-050,Screen Cleaning Spray & Cloth Kit,Consumer Electronics,2024-07-01,180,1798.2,5
SKU-050,Screen Cleaning Spray & Cloth Kit,Consumer Electronics,2024-07-08,175,1748.25,5
SKU-050,Screen Cleaning Spray & Cloth Kit,Consumer Electronics,2024-07-15,192,1918.08,3
SKU-050,Screen Cleaning Spray & Cloth Kit,Consumer Electronics,2024-07-22,201,2007.99,3
SKU-050,Screen Cleaning Spray & Cloth Kit,Consumer Electronics,2024-07-29,216,2157.84,5
SKU-050,Screen Cleaning Spray & Cloth Kit,Consumer Electronics,2024-08-05,224,2237.7599999999998,5
SKU-050,Screen Cleaning Spray & Cloth Kit,Consumer Electronics,2024-08-12,195,1948.0500000000002,5
SKU-050,Screen Cleaning Spray & Cloth Kit,Consumer Electronics,2024-08-19,212,2117.88,5
SKU-050,Screen Cleaning Spray & Cloth Kit,Consumer Electronics,2024-08-26,162,1618.3799999999999,3
SKU-050,Screen Cleaning Spray & Cloth Kit,Consumer Electronics,2024-09-02,210,2097.9,5
SKU-050,Screen Cleaning Spray & Cloth Kit,Consumer Electronics,2024-09-09,187,1868.13,3
SKU-050,Screen Cleaning Spray & Cloth Kit,Consumer Electronics,2024-09-16,159,1588.4099999999999,3
SKU-050,Screen Cleaning Spray & Cloth Kit,Consumer Electronics,2024-09-23,189,1888.1100000000001,5
SKU-050,Screen Cleaning Spray & Cloth Kit,Consumer Electronics,2024-09-30,173,1728.27,5
SKU-050,Screen Cleaning Spray & Cloth Kit,Consumer Electronics,2024-10-07,204,2037.96,3
SKU-050,Screen Cleaning Spray & Cloth Kit,Consumer Electronics,2024-10-14,194,1938.06,4
SKU-050,Screen Cleaning Spray & Cloth Kit,Consumer Electronics,2024-10-21,176,1758.24,4
SKU-050,Screen Cleaning Spray & Cloth Kit,Consumer Electronics,2024-10-28,182,1818.18,3
SKU-050,Screen Cleaning Spray & Cloth Kit,Consumer Electronics,2024-11-04,192,1918.08,3
SKU-050,Screen Cleaning Spray & Cloth Kit,Consumer Electronics,2024-11-11,161,1608.39,4
SKU-050,Screen Cleaning Spray & Cloth Kit,Consumer Electronics,2024-11-18,209,2087.91,5
SKU-050,Screen Cleaning Spray & Cloth Kit,Consumer Electronics,2024-11-25,182,1818.18,5
SKU-050,Screen Cleaning Spray & Cloth Kit,Consumer Electronics,2024-12-02,179,1788.21,5
SKU-050,Screen Cleaning Spray & Cloth Kit,Consumer Electronics,2024-12-09,181,1808.19,5
SKU-050,Screen Cleaning Spray & Cloth Kit,Consumer Electronics,2024-12-16,194,1938.06,4
SKU-050,Screen Cleaning Spray & Cloth Kit,Consumer Electronics,2024-12-23,187,1868.13,4
