sku_id,product_name,category,week_start,actual_demand,model_forecast,lower_bound_80pct,upper_bound_80pct,split
SKU-001,Pro Active Noise-Cancelling Headphones,Consumer Electronics,2023-01-02,87.0,127.6,100.1,155.1,Train
SKU-001,Pro Active Noise-Cancelling Headphones,Consumer Electronics,2023-01-09,77.0,121.4,93.9,148.9,Train
SKU-001,Pro Active Noise-Cancelling Headphones,Consumer Electronics,2023-01-16,102.0,114.9,87.4,142.4,Train
SKU-001,Pro Active Noise-Cancelling Headphones,Consumer Electronics,2023-01-23,91.0,108.3,80.8,135.8,Train
SKU-001,Pro Active Noise-Cancelling Headphones,Consumer Electronics,2023-01-30,103.0,101.9,74.4,129.4,Train
SKU-001,Pro Active Noise-Cancelling Headphones,Consumer Electronics,2023-02-06,91.0,96.0,68.5,123.5,Train
SKU-001,Pro Active Noise-Cancelling Headphones,Consumer Electronics,2023-02-13,101.0,90.9,63.3,118.4,Train
SKU-001,Pro Active Noise-Cancelling Headphones,Consumer Electronics,2023-02-20,82.0,86.7,59.2,114.2,Train
SKU-001,Pro Active Noise-Cancelling Headphones,Consumer Electronics,2023-02-27,112.0,83.6,56.1,111.1,Train
SKU-001,Pro Active Noise-Cancelling Headphones,Consumer Electronics,2023-03-06,97.0,81.6,54.1,109.2,Train
SKU-001,Pro Active Noise-Cancelling Headphones,Consumer Electronics,2023-03-13,84.0,80.9,53.4,108.4,Train
SKU-001,Pro Active Noise-Cancelling Headphones,Consumer Electronics,2023-03-20,112.0,81.2,53.7,108.7,Train
SKU-001,Pro Active Noise-Cancelling Headphones,Consumer Electronics,2023-03-27,101.0,82.5,55.0,110.0,Train
SKU-001,Pro Active Noise-Cancelling Headphones,Consumer Electronics,2023-04-03,99.0,84.6,57.1,112.2,Train
SKU-001,Pro Active Noise-Cancelling Headphones,Consumer Electronics,2023-04-10,97.0,87.4,59.8,114.9,Train
SKU-001,Pro Active Noise-Cancelling Headphones,Consumer Electronics,2023-04-17,80.0,90.4,62.9,117.9,Train
SKU-001,Pro Active Noise-Cancelling Headphones,Consumer Electronics,2023-04-24,94.0,93.6,66.1,121.1,Train
SKU-001,Pro Active Noise-Cancelling Headphones,Consumer Electronics,2023-05-01,103.0,96.6,69.1,124.1,Train
SKU-001,Pro Active Noise-Cancelling Headphones,Consumer Electronics,2023-05-08,126.0,99.2,71.7,126.7,Train
SKU-001,Pro Active Noise-Cancelling Headphones,Consumer Electronics,2023-05-15,93.0,101.3,73.7,128.8,Train
SKU-001,Pro Active Noise-Cancelling Headphones,Consumer Electronics,2023-05-22,119.0,102.6,75.1,130.1,Train
SKU-001,Pro Active Noise-Cancelling Headphones,Consumer Electronics,2023-05-29,95.0,103.2,75.6,130.7,Train
SKU-001,Pro Active Noise-Cancelling Headphones,Consumer Electronics,2023-06-05,98.0,102.9,75.4,130.4,Train
SKU-001,Pro Active Noise-Cancelling Headphones,Consumer Electronics,2023-06-12,99.0,101.8,74.3,129.4,Train
SKU-001,Pro Active Noise-Cancelling Headphones,Consumer Electronics,2023-06-19,98.0,100.1,72.6,127.6,Train
SKU-001,Pro Active Noise-Cancelling Headphones,Consumer Electronics,2023-06-26,79.0,97.8,70.3,125.4,Train
SKU-001,Pro Active Noise-Cancelling Headphones,Consumer Electronics,2023-07-03,91.0,95.2,67.7,122.8,Train
SKU-001,Pro Active Noise-Cancelling Headphones,Consumer Electronics,2023-07-10,86.0,92.5,65.0,120.1,Train
SKU-001,Pro Active Noise-Cancelling Headphones,Consumer Electronics,2023-07-17,86.0,90.0,62.5,117.5,Train
SKU-001,Pro Active Noise-Cancelling Headphones,Consumer Electronics,2023-07-24,89.0,87.8,60.3,115.4,Train
SKU-001,Pro Active Noise-Cancelling Headphones,Consumer Electronics,2023-07-31,97.0,86.3,58.8,113.9,Train
SKU-001,Pro Active Noise-Cancelling Headphones,Consumer Electronics,2023-08-07,101.0,85.7,58.2,113.2,Train
SKU-001,Pro Active Noise-Cancelling Headphones,Consumer Electronics,2023-08-14,108.0,86.1,58.6,113.6,Train
SKU-001,Pro Active Noise-Cancelling Headphones,Consumer Electronics,2023-08-21,109.0,87.6,60.1,115.1,Train
SKU-001,Pro Active Noise-Cancelling Headphones,Consumer Electronics,2023-08-28,100.0,90.3,62.8,117.9,Train
SKU-001,Pro Active Noise-Cancelling Headphones,Consumer Electronics,2023-09-04,126.0,94.3,66.7,121.8,Train
SKU-001,Pro Active Noise-Cancelling Headphones,Consumer Electronics,2023-09-11,116.0,99.3,71.8,126.8,Train
SKU-001,Pro Active Noise-Cancelling Headphones,Consumer Electronics,2023-09-18,89.0,105.3,77.8,132.8,Train
SKU-001,Pro Active Noise-Cancelling Headphones,Consumer Electronics,2023-09-25,99.0,112.0,84.5,139.5,Train
SKU-001,Pro Active Noise-Cancelling Headphones,Consumer Electronics,2023-10-02,98.0,119.2,91.7,146.8,Train
SKU-001,Pro Active Noise-Cancelling Headphones,Consumer Electronics,2023-10-09,119.0,126.7,99.2,154.2,Train
SKU-001,Pro Active Noise-Cancelling Headphones,Consumer Electronics,2023-10-16,110.0,134.0,106.5,161.6,Train
SKU-001,Pro Active Noise-Cancelling Headphones,Consumer Electronics,2023-10-23,99.0,141.0,113.5,168.5,Train
SKU-001,Pro Active Noise-Cancelling Headphones,Consumer Electronics,2023-10-30,128.0,147.2,119.7,174.7,Train
SKU-001,Pro Active Noise-Cancelling Headphones,Consumer Electronics,2023-11-06,179.0,152.4,124.9,179.9,Train
SKU-001,Pro Active Noise-Cancelling Headphones,Consumer Electronics,2023-11-13,197.0,156.4,128.9,183.9,Train
SKU-001,Pro Active Noise-Cancelling Headphones,Consumer Electronics,2023-11-20,190.0,159.0,131.5,186.5,Train
SKU-001,Pro Active Noise-Cancelling Headphones,Consumer Electronics,2023-11-27,184.0,160.2,132.6,187.7,Train
SKU-001,Pro Active Noise-Cancelling Headphones,Consumer Electronics,2023-12-04,197.0,159.7,132.2,187.3,Train
SKU-001,Pro Active Noise-Cancelling Headphones,Consumer Electronics,2023-12-11,188.0,157.9,130.3,185.4,Train
SKU-001,Pro Active Noise-Cancelling Headphones,Consumer Electronics,2023-12-18,160.0,154.6,127.1,182.1,Train
SKU-001,Pro Active Noise-Cancelling Headphones,Consumer Electronics,2023-12-25,175.0,150.1,122.6,177.6,Train
SKU-001,Pro Active Noise-Cancelling Headphones,Consumer Electronics,2024-01-01,105.0,144.7,117.2,172.2,Train
SKU-001,Pro Active Noise-Cancelling Headphones,Consumer Electronics,2024-01-08,112.0,138.5,111.0,166.0,Train
SKU-001,Pro Active Noise-Cancelling Headphones,Consumer Electronics,2024-01-15,103.0,132.0,104.5,159.5,Train
SKU-001,Pro Active Noise-Cancelling Headphones,Consumer Electronics,2024-01-22,92.0,125.4,97.9,152.9,Train
SKU-001,Pro Active Noise-Cancelling Headphones,Consumer Electronics,2024-01-29,90.0,119.0,91.5,146.5,Train
SKU-001,Pro Active Noise-Cancelling Headphones,Consumer Electronics,2024-02-05,102.0,113.1,85.6,140.6,Train
SKU-001,Pro Active Noise-Cancelling Headphones,Consumer Electronics,2024-02-12,113.0,108.0,80.4,135.5,Train
SKU-001,Pro Active Noise-Cancelling Headphones,Consumer Electronics,2024-02-19,87.0,103.8,76.3,131.3,Train
SKU-001,Pro Active Noise-Cancelling Headphones,Consumer Electronics,2024-02-26,94.0,100.7,73.2,128.2,Train
SKU-001,Pro Active Noise-Cancelling Headphones,Consumer Electronics,2024-03-04,113.0,98.7,71.2,126.3,Train
SKU-001,Pro Active Noise-Cancelling Headphones,Consumer Electronics,2024-03-11,137.0,98.0,70.5,125.5,Train
SKU-001,Pro Active Noise-Cancelling Headphones,Consumer Electronics,2024-03-18,98.0,98.3,70.8,125.8,Train
SKU-001,Pro Active Noise-Cancelling Headphones,Consumer Electronics,2024-03-25,118.0,99.6,72.1,127.1,Train
SKU-001,Pro Active Noise-Cancelling Headphones,Consumer Electronics,2024-04-01,81.0,101.8,74.2,129.3,Train
SKU-001,Pro Active Noise-Cancelling Headphones,Consumer Electronics,2024-04-08,98.0,104.5,76.9,132.0,Train
SKU-001,Pro Active Noise-Cancelling Headphones,Consumer Electronics,2024-04-15,96.0,107.5,80.0,135.0,Train
SKU-001,Pro Active Noise-Cancelling Headphones,Consumer Electronics,2024-04-22,111.0,110.7,83.2,138.2,Train
SKU-001,Pro Active Noise-Cancelling Headphones,Consumer Electronics,2024-04-29,113.0,113.7,86.2,141.2,Train
SKU-001,Pro Active Noise-Cancelling Headphones,Consumer Electronics,2024-05-06,100.0,116.3,88.8,143.8,Train
SKU-001,Pro Active Noise-Cancelling Headphones,Consumer Electronics,2024-05-13,117.0,118.4,90.8,145.9,Train
SKU-001,Pro Active Noise-Cancelling Headphones,Consumer Electronics,2024-05-20,71.0,119.7,92.2,147.2,Train
SKU-001,Pro Active Noise-Cancelling Headphones,Consumer Electronics,2024-05-27,127.0,120.3,92.8,147.8,Train
SKU-001,Pro Active Noise-Cancelling Headphones,Consumer Electronics,2024-06-03,89.0,120.0,92.5,147.5,Train
SKU-001,Pro Active Noise-Cancelling Headphones,Consumer Electronics,2024-06-10,111.0,119.0,91.4,146.5,Train
SKU-001,Pro Active Noise-Cancelling Headphones,Consumer Electronics,2024-06-17,130.0,117.2,89.7,144.7,Train
SKU-001,Pro Active Noise-Cancelling Headphones,Consumer Electronics,2024-06-24,115.0,114.9,87.4,142.5,Train
SKU-001,Pro Active Noise-Cancelling Headphones,Consumer Electronics,2024-07-01,109.0,112.3,84.8,139.9,Train
SKU-001,Pro Active Noise-Cancelling Headphones,Consumer Electronics,2024-07-08,119.0,109.6,82.1,137.2,Train
SKU-001,Pro Active Noise-Cancelling Headphones,Consumer Electronics,2024-07-15,109.0,107.1,79.6,134.6,Train
SKU-001,Pro Active Noise-Cancelling Headphones,Consumer Electronics,2024-07-22,115.0,104.9,77.4,132.5,Train
SKU-001,Pro Active Noise-Cancelling Headphones,Consumer Electronics,2024-07-29,117.0,103.4,75.9,131.0,Train
SKU-001,Pro Active Noise-Cancelling Headphones,Consumer Electronics,2024-08-05,111.0,102.8,75.3,130.3,Train
SKU-001,Pro Active Noise-Cancelling Headphones,Consumer Electronics,2024-08-12,97.0,103.2,75.7,130.7,Train
SKU-001,Pro Active Noise-Cancelling Headphones,Consumer Electronics,2024-08-19,108.0,104.7,77.2,132.2,Train
SKU-001,Pro Active Noise-Cancelling Headphones,Consumer Electronics,2024-08-26,114.0,107.4,79.9,135.0,Train
SKU-001,Pro Active Noise-Cancelling Headphones,Consumer Electronics,2024-09-02,115.0,111.4,83.8,138.9,Train
SKU-001,Pro Active Noise-Cancelling Headphones,Consumer Electronics,2024-09-09,139.0,116.4,88.9,143.9,Train
SKU-001,Pro Active Noise-Cancelling Headphones,Consumer Electronics,2024-09-16,103.0,122.4,94.9,149.9,Train
SKU-001,Pro Active Noise-Cancelling Headphones,Consumer Electronics,2024-09-23,116.0,129.1,101.6,156.6,Train
SKU-001,Pro Active Noise-Cancelling Headphones,Consumer Electronics,2024-09-30,113.0,136.3,108.8,163.9,Train
SKU-001,Pro Active Noise-Cancelling Headphones,Consumer Electronics,2024-10-07,104.0,143.8,116.3,171.3,Test
SKU-001,Pro Active Noise-Cancelling Headphones,Consumer Electronics,2024-10-14,120.0,151.1,123.6,178.7,Test
SKU-001,Pro Active Noise-Cancelling Headphones,Consumer Electronics,2024-10-21,108.0,158.1,130.6,185.6,Test
SKU-001,Pro Active Noise-Cancelling Headphones,Consumer Electronics,2024-10-28,132.0,164.3,136.8,191.8,Test
SKU-001,Pro Active Noise-Cancelling Headphones,Consumer Electronics,2024-11-04,189.0,169.5,142.0,197.0,Test
SKU-001,Pro Active Noise-Cancelling Headphones,Consumer Electronics,2024-11-11,228.0,173.5,146.0,201.0,Test
SKU-001,Pro Active Noise-Cancelling Headphones,Consumer Electronics,2024-11-18,194.0,176.1,148.6,203.6,Test
SKU-001,Pro Active Noise-Cancelling Headphones,Consumer Electronics,2024-11-25,202.0,177.3,149.7,204.8,Test
SKU-001,Pro Active Noise-Cancelling Headphones,Consumer Electronics,2024-12-02,198.0,176.9,149.3,204.4,Test
SKU-001,Pro Active Noise-Cancelling Headphones,Consumer Electronics,2024-12-09,202.0,175.0,147.4,202.5,Test
SKU-001,Pro Active Noise-Cancelling Headphones,Consumer Electronics,2024-12-16,174.0,171.7,144.2,199.2,Test
SKU-001,Pro Active Noise-Cancelling Headphones,Consumer Electronics,2024-12-23,189.0,167.2,139.7,194.7,Test
SKU-001,Pro Active Noise-Cancelling Headphones,Consumer Electronics,2024-12-30,,161.8,134.3,189.3,Forecast
SKU-001,Pro Active Noise-Cancelling Headphones,Consumer Electronics,2025-01-06,,155.6,128.1,183.2,Forecast
SKU-001,Pro Active Noise-Cancelling Headphones,Consumer Electronics,2025-01-13,,149.1,121.6,176.6,Forecast
SKU-001,Pro Active Noise-Cancelling Headphones,Consumer Electronics,2025-01-20,,142.5,115.0,170.0,Forecast
SKU-001,Pro Active Noise-Cancelling Headphones,Consumer Electronics,2025-01-27,,136.1,108.6,163.6,Forecast
SKU-001,Pro Active Noise-Cancelling Headphones,Consumer Electronics,2025-02-03,,130.2,102.7,157.7,Forecast
SKU-001,Pro Active Noise-Cancelling Headphones,Consumer Electronics,2025-02-10,,125.1,97.5,152.6,Forecast
SKU-001,Pro Active Noise-Cancelling Headphones,Consumer Electronics,2025-02-17,,120.9,93.4,148.4,Forecast
SKU-001,Pro Active Noise-Cancelling Headphones,Consumer Electronics,2025-02-24,,117.8,90.3,145.3,Forecast
SKU-001,Pro Active Noise-Cancelling Headphones,Consumer Electronics,2025-03-03,,115.9,88.3,143.4,Forecast
SKU-001,Pro Active Noise-Cancelling Headphones,Consumer Electronics,2025-03-10,,115.1,87.6,142.6,Forecast
SKU-001,Pro Active Noise-Cancelling Headphones,Consumer Electronics,2025-03-17,,115.4,87.9,142.9,Forecast
SKU-001,Pro Active Noise-Cancelling Headphones,Consumer Electronics,2025-03-24,,116.7,89.2,144.3,Forecast
SKU-002,Smart Fitness GPS Watch Ultra,Consumer Electronics,2023-01-02,116.0,123.6,105.4,141.9,Train
SKU-002,Smart Fitness GPS Watch Ultra,Consumer Electronics,2023-01-09,133.0,124.2,106.0,142.5,Train
SKU-002,Smart Fitness GPS Watch Ultra,Consumer Electronics,2023-01-16,84.0,123.7,105.5,142.0,Train
SKU-002,Smart Fitness GPS Watch Ultra,Consumer Electronics,2023-01-23,123.0,122.1,103.9,140.4,Train
SKU-002,Smart Fitness GPS Watch Ultra,Consumer Electronics,2023-01-30,131.0,119.6,101.3,137.8,Train
SKU-002,Smart Fitness GPS Watch Ultra,Consumer Electronics,2023-02-06,140.0,116.2,97.9,134.4,Train
SKU-002,Smart Fitness GPS Watch Ultra,Consumer Electronics,2023-02-13,147.0,112.0,93.7,130.2,Train
SKU-002,Smart Fitness GPS Watch Ultra,Consumer Electronics,2023-02-20,131.0,107.3,89.0,125.5,Train
SKU-002,Smart Fitness GPS Watch Ultra,Consumer Electronics,2023-02-27,113.0,102.2,83.9,120.4,Train
SKU-002,Smart Fitness GPS Watch Ultra,Consumer Electronics,2023-03-06,61.0,96.9,78.7,115.2,Train
SKU-002,Smart Fitness GPS Watch Ultra,Consumer Electronics,2023-03-13,82.0,91.7,73.5,110.0,Train
SKU-002,Smart Fitness GPS Watch Ultra,Consumer Electronics,2023-03-20,51.0,86.8,68.5,105.0,Train
SKU-002,Smart Fitness GPS Watch Ultra,Consumer Electronics,2023-03-27,69.0,82.3,64.0,100.5,Train
SKU-002,Smart Fitness GPS Watch Ultra,Consumer Electronics,2023-04-03,67.0,78.3,60.0,96.5,Train
SKU-002,Smart Fitness GPS Watch Ultra,Consumer Electronics,2023-04-10,84.0,75.0,56.7,93.2,Train
SKU-002,Smart Fitness GPS Watch Ultra,Consumer Electronics,2023-04-17,74.0,72.5,54.2,90.7,Train
SKU-002,Smart Fitness GPS Watch Ultra,Consumer Electronics,2023-04-24,86.0,70.7,52.4,88.9,Train
SKU-002,Smart Fitness GPS Watch Ultra,Consumer Electronics,2023-05-01,69.0,69.7,51.4,87.9,Train
SKU-002,Smart Fitness GPS Watch Ultra,Consumer Electronics,2023-05-08,70.0,69.4,51.1,87.6,Train
SKU-002,Smart Fitness GPS Watch Ultra,Consumer Electronics,2023-05-15,82.0,69.7,51.5,88.0,Train
SKU-002,Smart Fitness GPS Watch Ultra,Consumer Electronics,2023-05-22,60.0,70.5,52.3,88.8,Train
SKU-002,Smart Fitness GPS Watch Ultra,Consumer Electronics,2023-05-29,74.0,71.7,53.5,90.0,Train
SKU-002,Smart Fitness GPS Watch Ultra,Consumer Electronics,2023-06-05,67.0,73.2,54.9,91.4,Train
SKU-002,Smart Fitness GPS Watch Ultra,Consumer Electronics,2023-06-12,75.0,74.7,56.4,92.9,Train
SKU-002,Smart Fitness GPS Watch Ultra,Consumer Electronics,2023-06-19,62.0,76.1,57.8,94.3,Train
SKU-002,Smart Fitness GPS Watch Ultra,Consumer Electronics,2023-06-26,85.0,77.3,59.1,95.6,Train
SKU-002,Smart Fitness GPS Watch Ultra,Consumer Electronics,2023-07-03,86.0,78.3,60.1,96.5,Train
SKU-002,Smart Fitness GPS Watch Ultra,Consumer Electronics,2023-07-10,73.0,78.9,60.7,97.2,Train
SKU-002,Smart Fitness GPS Watch Ultra,Consumer Electronics,2023-07-17,55.0,79.2,60.9,97.4,Train
SKU-002,Smart Fitness GPS Watch Ultra,Consumer Electronics,2023-07-24,92.0,79.1,60.8,97.3,Train
SKU-002,Smart Fitness GPS Watch Ultra,Consumer Electronics,2023-07-31,86.0,78.6,60.4,96.9,Train
SKU-002,Smart Fitness GPS Watch Ultra,Consumer Electronics,2023-08-07,83.0,78.0,59.7,96.2,Train
SKU-002,Smart Fitness GPS Watch Ultra,Consumer Electronics,2023-08-14,71.0,77.2,58.9,95.4,Train
SKU-002,Smart Fitness GPS Watch Ultra,Consumer Electronics,2023-08-21,81.0,76.3,58.1,94.6,Train
SKU-002,Smart Fitness GPS Watch Ultra,Consumer Electronics,2023-08-28,104.0,75.7,57.4,93.9,Train
SKU-002,Smart Fitness GPS Watch Ultra,Consumer Electronics,2023-09-04,72.0,75.2,57.0,93.5,Train
SKU-002,Smart Fitness GPS Watch Ultra,Consumer Electronics,2023-09-11,78.0,75.2,57.0,93.5,Train
SKU-002,Smart Fitness GPS Watch Ultra,Consumer Electronics,2023-09-18,82.0,75.8,57.5,94.0,Train
SKU-002,Smart Fitness GPS Watch Ultra,Consumer Electronics,2023-09-25,75.0,76.9,58.7,95.2,Train
SKU-002,Smart Fitness GPS Watch Ultra,Consumer Electronics,2023-10-02,79.0,78.7,60.5,97.0,Train
SKU-002,Smart Fitness GPS Watch Ultra,Consumer Electronics,2023-10-09,89.0,81.3,63.0,99.5,Train
SKU-002,Smart Fitness GPS Watch Ultra,Consumer Electronics,2023-10-16,56.0,84.5,66.3,102.8,Train
SKU-002,Smart Fitness GPS Watch Ultra,Consumer Electronics,2023-10-23,69.0,88.4,70.2,106.7,Train
SKU-002,Smart Fitness GPS Watch Ultra,Consumer Electronics,2023-10-30,81.0,92.9,74.6,111.1,Train
SKU-002,Smart Fitness GPS Watch Ultra,Consumer Electronics,2023-11-06,112.0,97.7,79.5,115.9,Train
SKU-002,Smart Fitness GPS Watch Ultra,Consumer Electronics,2023-11-13,113.0,102.8,84.6,121.0,Train
SKU-002,Smart Fitness GPS Watch Ultra,Consumer Electronics,2023-11-20,96.0,108.0,89.7,126.2,Train
SKU-002,Smart Fitness GPS Watch Ultra,Consumer Electronics,2023-11-27,120.0,113.0,94.7,131.2,Train
SKU-002,Smart Fitness GPS Watch Ultra,Consumer Electronics,2023-12-04,128.0,117.7,99.4,135.9,Train
SKU-002,Smart Fitness GPS Watch Ultra,Consumer Electronics,2023-12-11,117.0,121.8,103.6,140.1,Train
SKU-002,Smart Fitness GPS Watch Ultra,Consumer Electronics,2023-12-18,115.0,125.3,107.0,143.5,Train
SKU-002,Smart Fitness GPS Watch Ultra,Consumer Electronics,2023-12-25,117.0,127.9,109.6,146.1,Train
SKU-002,Smart Fitness GPS Watch Ultra,Consumer Electronics,2024-01-01,157.0,129.5,111.3,147.7,Train
SKU-002,Smart Fitness GPS Watch Ultra,Consumer Electronics,2024-01-08,131.0,130.1,111.8,148.3,Train
SKU-002,Smart Fitness GPS Watch Ultra,Consumer Electronics,2024-01-15,127.0,129.6,111.3,147.8,Train
SKU-002,Smart Fitness GPS Watch Ultra,Consumer Electronics,2024-01-22,124.0,128.0,109.8,146.3,Train
SKU-002,Smart Fitness GPS Watch Ultra,Consumer Electronics,2024-01-29,136.0,125.5,107.2,143.7,Train
SKU-002,Smart Fitness GPS Watch Ultra,Consumer Electronics,2024-02-05,138.0,122.0,103.8,140.3,Train
SKU-002,Smart Fitness GPS Watch Ultra,Consumer Electronics,2024-02-12,117.0,117.9,99.6,136.1,Train
SKU-002,Smart Fitness GPS Watch Ultra,Consumer Electronics,2024-02-19,116.0,113.1,94.9,131.4,Train
SKU-002,Smart Fitness GPS Watch Ultra,Consumer Electronics,2024-02-26,134.0,108.0,89.8,126.3,Train
SKU-002,Smart Fitness GPS Watch Ultra,Consumer Electronics,2024-03-04,71.0,102.8,84.5,121.0,Train
SKU-002,Smart Fitness GPS Watch Ultra,Consumer Electronics,2024-03-11,81.0,97.6,79.3,115.8,Train
SKU-002,Smart Fitness GPS Watch Ultra,Consumer Electronics,2024-03-18,88.0,92.6,74.4,110.9,Train
SKU-002,Smart Fitness GPS Watch Ultra,Consumer Electronics,2024-03-25,81.0,88.1,69.9,106.4,Train
SKU-002,Smart Fitness GPS Watch Ultra,Consumer Electronics,2024-04-01,86.0,84.1,65.9,102.4,Train
SKU-002,Smart Fitness GPS Watch Ultra,Consumer Electronics,2024-04-08,77.0,80.9,62.6,99.1,Train
SKU-002,Smart Fitness GPS Watch Ultra,Consumer Electronics,2024-04-15,96.0,78.3,60.1,96.6,Train
SKU-002,Smart Fitness GPS Watch Ultra,Consumer Electronics,2024-04-22,83.0,76.5,58.3,94.8,Train
SKU-002,Smart Fitness GPS Watch Ultra,Consumer Electronics,2024-04-29,90.0,75.5,57.3,93.8,Train
SKU-002,Smart Fitness GPS Watch Ultra,Consumer Electronics,2024-05-06,69.0,75.2,57.0,93.5,Train
SKU-002,Smart Fitness GPS Watch Ultra,Consumer Electronics,2024-05-13,78.0,75.6,57.3,93.8,Train
SKU-002,Smart Fitness GPS Watch Ultra,Consumer Electronics,2024-05-20,92.0,76.4,58.2,94.7,Train
SKU-002,Smart Fitness GPS Watch Ultra,Consumer Electronics,2024-05-27,84.0,77.6,59.4,95.8,Train
SKU-002,Smart Fitness GPS Watch Ultra,Consumer Electronics,2024-06-03,78.0,79.0,60.8,97.3,Train
SKU-002,Smart Fitness GPS Watch Ultra,Consumer Electronics,2024-06-10,88.0,80.5,62.3,98.8,Train
SKU-002,Smart Fitness GPS Watch Ultra,Consumer Electronics,2024-06-17,73.0,81.9,63.7,100.2,Train
SKU-002,Smart Fitness GPS Watch Ultra,Consumer Electronics,2024-06-24,77.0,83.2,64.9,101.4,Train
SKU-002,Smart Fitness GPS Watch Ultra,Consumer Electronics,2024-07-01,86.0,84.2,65.9,102.4,Train
SKU-002,Smart Fitness GPS Watch Ultra,Consumer Electronics,2024-07-08,84.0,84.8,66.5,103.0,Train
SKU-002,Smart Fitness GPS Watch Ultra,Consumer Electronics,2024-07-15,73.0,85.0,66.8,103.3,Train
SKU-002,Smart Fitness GPS Watch Ultra,Consumer Electronics,2024-07-22,91.0,84.9,66.7,103.2,Train
SKU-002,Smart Fitness GPS Watch Ultra,Consumer Electronics,2024-07-29,64.0,84.5,66.2,102.7,Train
SKU-002,Smart Fitness GPS Watch Ultra,Consumer Electronics,2024-08-05,89.0,83.8,65.6,102.1,Train
SKU-002,Smart Fitness GPS Watch Ultra,Consumer Electronics,2024-08-12,81.0,83.0,64.8,101.3,Train
SKU-002,Smart Fitness GPS Watch Ultra,Consumer Electronics,2024-08-19,84.0,82.2,64.0,100.4,Train
SKU-002,Smart Fitness GPS Watch Ultra,Consumer Electronics,2024-08-26,74.0,81.5,63.3,99.8,Train
SKU-002,Smart Fitness GPS Watch Ultra,Consumer Electronics,2024-09-02,86.0,81.1,62.9,99.3,Train
SKU-002,Smart Fitness GPS Watch Ultra,Consumer Electronics,2024-09-09,81.0,81.1,62.8,99.3,Train
SKU-002,Smart Fitness GPS Watch Ultra,Consumer Electronics,2024-09-16,72.0,81.6,63.4,99.9,Train
SKU-002,Smart Fitness GPS Watch Ultra,Consumer Electronics,2024-09-23,78.0,82.8,64.5,101.0,Train
SKU-002,Smart Fitness GPS Watch Ultra,Consumer Electronics,2024-09-30,85.0,84.6,66.3,102.8,Train
SKU-002,Smart Fitness GPS Watch Ultra,Consumer Electronics,2024-10-07,102.0,87.1,68.9,105.4,Test
SKU-002,Smart Fitness GPS Watch Ultra,Consumer Electronics,2024-10-14,94.0,90.4,72.1,108.6,Test
SKU-002,Smart Fitness GPS Watch Ultra,Consumer Electronics,2024-10-21,97.0,94.3,76.0,112.5,Test
SKU-002,Smart Fitness GPS Watch Ultra,Consumer Electronics,2024-10-28,89.0,98.7,80.5,117.0,Test
SKU-002,Smart Fitness GPS Watch Ultra,Consumer Electronics,2024-11-04,122.0,103.6,85.3,121.8,Test
SKU-002,Smart Fitness GPS Watch Ultra,Consumer Electronics,2024-11-11,123.0,108.7,90.4,126.9,Test
SKU-002,Smart Fitness GPS Watch Ultra,Consumer Electronics,2024-11-18,131.0,113.8,95.6,132.1,Test
SKU-002,Smart Fitness GPS Watch Ultra,Consumer Electronics,2024-11-25,136.0,118.9,100.6,137.1,Test
SKU-002,Smart Fitness GPS Watch Ultra,Consumer Electronics,2024-12-02,103.0,123.5,105.3,141.8,Test
SKU-002,Smart Fitness GPS Watch Ultra,Consumer Electronics,2024-12-09,90.0,127.7,109.5,146.0,Test
SKU-002,Smart Fitness GPS Watch Ultra,Consumer Electronics,2024-12-16,112.0,131.2,112.9,149.4,Test
SKU-002,Smart Fitness GPS Watch Ultra,Consumer Electronics,2024-12-23,143.0,133.7,115.5,152.0,Test
SKU-002,Smart Fitness GPS Watch Ultra,Consumer Electronics,2024-12-30,,135.4,117.1,153.6,Forecast
SKU-002,Smart Fitness GPS Watch Ultra,Consumer Electronics,2025-01-06,,135.9,117.7,154.2,Forecast
SKU-002,Smart Fitness GPS Watch Ultra,Consumer Electronics,2025-01-13,,135.4,117.2,153.7,Forecast
SKU-002,Smart Fitness GPS Watch Ultra,Consumer Electronics,2025-01-20,,133.9,115.6,152.1,Forecast
SKU-002,Smart Fitness GPS Watch Ultra,Consumer Electronics,2025-01-27,,131.3,113.1,149.6,Forecast
SKU-002,Smart Fitness GPS Watch Ultra,Consumer Electronics,2025-02-03,,127.9,109.6,146.1,Forecast
SKU-002,Smart Fitness GPS Watch Ultra,Consumer Electronics,2025-02-10,,123.7,105.5,142.0,Forecast
SKU-002,Smart Fitness GPS Watch Ultra,Consumer Electronics,2025-02-17,,119.0,100.7,137.2,Forecast
SKU-002,Smart Fitness GPS Watch Ultra,Consumer Electronics,2025-02-24,,113.9,95.7,132.2,Forecast
SKU-002,Smart Fitness GPS Watch Ultra,Consumer Electronics,2025-03-03,,108.7,90.4,126.9,Forecast
SKU-002,Smart Fitness GPS Watch Ultra,Consumer Electronics,2025-03-10,,103.5,85.2,121.7,Forecast
SKU-002,Smart Fitness GPS Watch Ultra,Consumer Electronics,2025-03-17,,98.5,80.3,116.8,Forecast
SKU-002,Smart Fitness GPS Watch Ultra,Consumer Electronics,2025-03-24,,94.0,75.7,112.2,Forecast
SKU-004,Dual-Motor Electric Standing Desk 60in,Office & Productivity,2023-01-02,64.0,54.2,40.2,68.2,Train
SKU-004,Dual-Motor Electric Standing Desk 60in,Office & Productivity,2023-01-09,69.0,55.5,41.5,69.5,Train
SKU-004,Dual-Motor Electric Standing Desk 60in,Office & Productivity,2023-01-16,64.0,56.7,42.7,70.7,Train
SKU-004,Dual-Motor Electric Standing Desk 60in,Office & Productivity,2023-01-23,76.0,57.9,43.9,71.9,Train
SKU-004,Dual-Motor Electric Standing Desk 60in,Office & Productivity,2023-01-30,71.0,58.9,44.9,72.9,Train
SKU-004,Dual-Motor Electric Standing Desk 60in,Office & Productivity,2023-02-06,49.0,59.6,45.6,73.6,Train
SKU-004,Dual-Motor Electric Standing Desk 60in,Office & Productivity,2023-02-13,56.0,60.1,46.1,74.1,Train
SKU-004,Dual-Motor Electric Standing Desk 60in,Office & Productivity,2023-02-20,48.0,60.2,46.2,74.2,Train
SKU-004,Dual-Motor Electric Standing Desk 60in,Office & Productivity,2023-02-27,36.0,60.0,46.0,74.0,Train
SKU-004,Dual-Motor Electric Standing Desk 60in,Office & Productivity,2023-03-06,50.0,59.4,45.4,73.4,Train
SKU-004,Dual-Motor Electric Standing Desk 60in,Office & Productivity,2023-03-13,43.0,58.5,44.5,72.5,Train
SKU-004,Dual-Motor Electric Standing Desk 60in,Office & Productivity,2023-03-20,41.0,57.3,43.3,71.3,Train
SKU-004,Dual-Motor Electric Standing Desk 60in,Office & Productivity,2023-03-27,44.0,55.9,41.9,69.9,Train
SKU-004,Dual-Motor Electric Standing Desk 60in,Office & Productivity,2023-04-03,58.0,54.4,40.4,68.4,Train
SKU-004,Dual-Motor Electric Standing Desk 60in,Office & Productivity,2023-04-10,66.0,52.7,38.7,66.7,Train
SKU-004,Dual-Motor Electric Standing Desk 60in,Office & Productivity,2023-04-17,44.0,51.2,37.2,65.2,Train
SKU-004,Dual-Motor Electric Standing Desk 60in,Office & Productivity,2023-04-24,53.0,49.7,35.7,63.7,Train
SKU-004,Dual-Motor Electric Standing Desk 60in,Office & Productivity,2023-05-01,42.0,48.5,34.5,62.5,Train
SKU-004,Dual-Motor Electric Standing Desk 60in,Office & Productivity,2023-05-08,62.0,47.6,33.6,61.6,Train
SKU-004,Dual-Motor Electric Standing Desk 60in,Office & Productivity,2023-05-15,58.0,47.0,33.0,61.0,Train
SKU-004,Dual-Motor Electric Standing Desk 60in,Office & Productivity,2023-05-22,37.0,46.8,32.8,60.8,Train
SKU-004,Dual-Motor Electric Standing Desk 60in,Office & Productivity,2023-05-29,63.0,47.0,33.0,61.0,Train
SKU-004,Dual-Motor Electric Standing Desk 60in,Office & Productivity,2023-06-05,53.0,47.6,33.6,61.6,Train
SKU-004,Dual-Motor Electric Standing Desk 60in,Office & Productivity,2023-06-12,61.0,48.6,34.6,62.6,Train
SKU-004,Dual-Motor Electric Standing Desk 60in,Office & Productivity,2023-06-19,58.0,49.9,35.9,63.9,Train
SKU-004,Dual-Motor Electric Standing Desk 60in,Office & Productivity,2023-06-26,48.0,51.6,37.6,65.6,Train
SKU-004,Dual-Motor Electric Standing Desk 60in,Office & Productivity,2023-07-03,56.0,53.4,39.4,67.4,Train
SKU-004,Dual-Motor Electric Standing Desk 60in,Office & Productivity,2023-07-10,35.0,55.3,41.3,69.3,Train
SKU-004,Dual-Motor Electric Standing Desk 60in,Office & Productivity,2023-07-17,59.0,57.3,43.3,71.3,Train
SKU-004,Dual-Motor Electric Standing Desk 60in,Office & Productivity,2023-07-24,61.0,59.1,45.1,73.1,Train
SKU-004,Dual-Motor Electric Standing Desk 60in,Office & Productivity,2023-07-31,52.0,60.8,46.8,74.8,Train
SKU-004,Dual-Motor Electric Standing Desk 60in,Office & Productivity,2023-08-07,50.0,62.3,48.3,76.3,Train
SKU-004,Dual-Motor Electric Standing Desk 60in,Office & Productivity,2023-08-14,61.0,63.4,49.4,77.4,Train
SKU-004,Dual-Motor Electric Standing Desk 60in,Office & Productivity,2023-08-21,54.0,64.2,50.2,78.2,Train
SKU-004,Dual-Motor Electric Standing Desk 60in,Office & Productivity,2023-08-28,82.0,64.6,50.6,78.6,Train
SKU-004,Dual-Motor Electric Standing Desk 60in,Office & Productivity,2023-09-04,65.0,64.6,50.6,78.6,Train
SKU-004,Dual-Motor Electric Standing Desk 60in,Office & Productivity,2023-09-11,72.0,64.2,50.2,78.2,Train
SKU-004,Dual-Motor Electric Standing Desk 60in,Office & Productivity,2023-09-18,65.0,63.4,49.4,77.4,Train
SKU-004,Dual-Motor Electric Standing Desk 60in,Office & Productivity,2023-09-25,91.0,62.4,48.4,76.4,Train
SKU-004,Dual-Motor Electric Standing Desk 60in,Office & Productivity,2023-10-02,34.0,61.1,47.1,75.1,Train
SKU-004,Dual-Motor Electric Standing Desk 60in,Office & Productivity,2023-10-09,60.0,59.8,45.8,73.8,Train
SKU-004,Dual-Motor Electric Standing Desk 60in,Office & Productivity,2023-10-16,46.0,58.3,44.3,72.3,Train
SKU-004,Dual-Motor Electric Standing Desk 60in,Office & Productivity,2023-10-23,45.0,57.0,43.0,71.0,Train
SKU-004,Dual-Motor Electric Standing Desk 60in,Office & Productivity,2023-10-30,60.0,55.7,41.7,69.7,Train
SKU-004,Dual-Motor Electric Standing Desk 60in,Office & Productivity,2023-11-06,51.0,54.7,40.7,68.7,Train
SKU-004,Dual-Motor Electric Standing Desk 60in,Office & Productivity,2023-11-13,50.0,53.9,39.9,67.9,Train
SKU-004,Dual-Motor Electric Standing Desk 60in,Office & Productivity,2023-11-20,41.0,53.4,39.4,67.4,Train
SKU-004,Dual-Motor Electric Standing Desk 60in,Office & Productivity,2023-11-27,55.0,53.3,39.3,67.3,Train
SKU-004,Dual-Motor Electric Standing Desk 60in,Office & Productivity,2023-12-04,52.0,53.5,39.5,67.5,Train
SKU-004,Dual-Motor Electric Standing Desk 60in,Office & Productivity,2023-12-11,40.0,54.0,40.0,68.0,Train
SKU-004,Dual-Motor Electric Standing Desk 60in,Office & Productivity,2023-12-18,54.0,54.8,40.8,68.8,Train
SKU-004,Dual-Motor Electric Standing Desk 60in,Office & Productivity,2023-12-25,66.0,55.8,41.8,69.8,Train
SKU-004,Dual-Motor Electric Standing Desk 60in,Office & Productivity,2024-01-01,58.0,57.0,43.0,71.0,Train
SKU-004,Dual-Motor Electric Standing Desk 60in,Office & Productivity,2024-01-08,73.0,58.3,44.3,72.3,Train
SKU-004,Dual-Motor Electric Standing Desk 60in,Office & Productivity,2024-01-15,75.0,59.6,45.6,73.6,Train
SKU-004,Dual-Motor Electric Standing Desk 60in,Office & Productivity,2024-01-22,83.0,60.7,46.7,74.7,Train
SKU-004,Dual-Motor Electric Standing Desk 60in,Office & Productivity,2024-01-29,65.0,61.7,47.7,75.7,Train
SKU-004,Dual-Motor Electric Standing Desk 60in,Office & Productivity,2024-02-05,57.0,62.5,48.5,76.5,Train
SKU-004,Dual-Motor Electric Standing Desk 60in,Office & Productivity,2024-02-12,67.0,62.9,48.9,76.9,Train
SKU-004,Dual-Motor Electric Standing Desk 60in,Office & Productivity,2024-02-19,51.0,63.1,49.1,77.1,Train
SKU-004,Dual-Motor Electric Standing Desk 60in,Office & Productivity,2024-02-26,55.0,62.8,48.8,76.8,Train
SKU-004,Dual-Motor Electric Standing Desk 60in,Office & Productivity,2024-03-04,69.0,62.2,48.2,76.2,Train
SKU-004,Dual-Motor Electric Standing Desk 60in,Office & Productivity,2024-03-11,47.0,61.3,47.3,75.3,Train
SKU-004,Dual-Motor Electric Standing Desk 60in,Office & Productivity,2024-03-18,71.0,60.1,46.1,74.1,Train
SKU-004,Dual-Motor Electric Standing Desk 60in,Office & Productivity,2024-03-25,57.0,58.7,44.7,72.7,Train
SKU-004,Dual-Motor Electric Standing Desk 60in,Office & Productivity,2024-04-01,64.0,57.2,43.2,71.2,Train
SKU-004,Dual-Motor Electric Standing Desk 60in,Office & Productivity,2024-04-08,66.0,55.6,41.6,69.6,Train
SKU-004,Dual-Motor Electric Standing Desk 60in,Office & Productivity,2024-04-15,64.0,54.0,40.0,68.0,Train
SKU-004,Dual-Motor Electric Standing Desk 60in,Office & Productivity,2024-04-22,55.0,52.6,38.6,66.6,Train
SKU-004,Dual-Motor Electric Standing Desk 60in,Office & Productivity,2024-04-29,61.0,51.3,37.3,65.3,Train
SKU-004,Dual-Motor Electric Standing Desk 60in,Office & Productivity,2024-05-06,55.0,50.4,36.4,64.4,Train
SKU-004,Dual-Motor Electric Standing Desk 60in,Office & Productivity,2024-05-13,44.0,49.8,35.8,63.8,Train
SKU-004,Dual-Motor Electric Standing Desk 60in,Office & Productivity,2024-05-20,51.0,49.6,35.6,63.6,Train
SKU-004,Dual-Motor Electric Standing Desk 60in,Office & Productivity,2024-05-27,41.0,49.8,35.8,63.8,Train
SKU-004,Dual-Motor Electric Standing Desk 60in,Office & Productivity,2024-06-03,53.0,50.4,36.4,64.4,Train
SKU-004,Dual-Motor Electric Standing Desk 60in,Office & Productivity,2024-06-10,43.0,51.4,37.4,65.4,Train
SKU-004,Dual-Motor Electric Standing Desk 60in,Office & Productivity,2024-06-17,51.0,52.8,38.8,66.8,Train
SKU-004,Dual-Motor Electric Standing Desk 60in,Office & Productivity,2024-06-24,43.0,54.4,40.4,68.4,Train
SKU-004,Dual-Motor Electric Standing Desk 60in,Office & Productivity,2024-07-01,56.0,56.2,42.2,70.2,Train
SKU-004,Dual-Motor Electric Standing Desk 60in,Office & Productivity,2024-07-08,50.0,58.1,44.1,72.1,Train
SKU-004,Dual-Motor Electric Standing Desk 60in,Office & Productivity,2024-07-15,56.0,60.1,46.1,74.1,Train
SKU-004,Dual-Motor Electric Standing Desk 60in,Office & Productivity,2024-07-22,54.0,62.0,48.0,76.0,Train
SKU-004,Dual-Motor Electric Standing Desk 60in,Office & Productivity,2024-07-29,46.0,63.7,49.7,77.7,Train
SKU-004,Dual-Motor Electric Standing Desk 60in,Office & Productivity,2024-08-05,84.0,65.1,51.1,79.1,Train
SKU-004,Dual-Motor Electric Standing Desk 60in,Office & Productivity,2024-08-12,69.0,66.3,52.3,80.3,Train
SKU-004,Dual-Motor Electric Standing Desk 60in,Office & Productivity,2024-08-19,61.0,67.0,53.0,81.0,Train
SKU-004,Dual-Motor Electric Standing Desk 60in,Office & Productivity,2024-08-26,89.0,67.4,53.4,81.4,Train
SKU-004,Dual-Motor Electric Standing Desk 60in,Office & Productivity,2024-09-02,59.0,67.4,53.4,81.4,Train
SKU-004,Dual-Motor Electric Standing Desk 60in,Office & Productivity,2024-09-09,86.0,67.0,53.0,81.0,Train
SKU-004,Dual-Motor Electric Standing Desk 60in,Office & Productivity,2024-09-16,78.0,66.2,52.2,80.3,Train
SKU-004,Dual-Motor Electric Standing Desk 60in,Office & Productivity,2024-09-23,70.0,65.2,51.2,79.2,Train
SKU-004,Dual-Motor Electric Standing Desk 60in,Office & Productivity,2024-09-30,81.0,64.0,50.0,78.0,Train
SKU-004,Dual-Motor Electric Standing Desk 60in,Office & Productivity,2024-10-07,46.0,62.6,48.6,76.6,Test
SKU-004,Dual-Motor Electric Standing Desk 60in,Office & Productivity,2024-10-14,66.0,61.2,47.2,75.2,Test
SKU-004,Dual-Motor Electric Standing Desk 60in,Office & Productivity,2024-10-21,59.0,59.8,45.8,73.8,Test
SKU-004,Dual-Motor Electric Standing Desk 60in,Office & Productivity,2024-10-28,57.0,58.5,44.5,72.5,Test
SKU-004,Dual-Motor Electric Standing Desk 60in,Office & Productivity,2024-11-04,59.0,57.5,43.5,71.5,Test
SKU-004,Dual-Motor Electric Standing Desk 60in,Office & Productivity,2024-11-11,62.0,56.7,42.7,70.7,Test
SKU-004,Dual-Motor Electric Standing Desk 60in,Office & Productivity,2024-11-18,54.0,56.2,42.2,70.2,Test
SKU-004,Dual-Motor Electric Standing Desk 60in,Office & Productivity,2024-11-25,39.0,56.1,42.1,70.1,Test
SKU-004,Dual-Motor Electric Standing Desk 60in,Office & Productivity,2024-12-02,51.0,56.3,42.3,70.3,Test
SKU-004,Dual-Motor Electric Standing Desk 60in,Office & Productivity,2024-12-09,49.0,56.8,42.8,70.8,Test
SKU-004,Dual-Motor Electric Standing Desk 60in,Office & Productivity,2024-12-16,48.0,57.6,43.6,71.6,Test
SKU-004,Dual-Motor Electric Standing Desk 60in,Office & Productivity,2024-12-23,62.0,58.7,44.7,72.7,Test
SKU-004,Dual-Motor Electric Standing Desk 60in,Office & Productivity,2024-12-30,,59.9,45.9,73.9,Forecast
SKU-004,Dual-Motor Electric Standing Desk 60in,Office & Productivity,2025-01-06,,61.1,47.1,75.1,Forecast
SKU-004,Dual-Motor Electric Standing Desk 60in,Office & Productivity,2025-01-13,,62.4,48.4,76.4,Forecast
SKU-004,Dual-Motor Electric Standing Desk 60in,Office & Productivity,2025-01-20,,63.6,49.6,77.6,Forecast
SKU-004,Dual-Motor Electric Standing Desk 60in,Office & Productivity,2025-01-27,,64.6,50.6,78.6,Forecast
SKU-004,Dual-Motor Electric Standing Desk 60in,Office & Productivity,2025-02-03,,65.3,51.3,79.3,Forecast
SKU-004,Dual-Motor Electric Standing Desk 60in,Office & Productivity,2025-02-10,,65.8,51.8,79.8,Forecast
SKU-004,Dual-Motor Electric Standing Desk 60in,Office & Productivity,2025-02-17,,65.9,51.9,79.9,Forecast
SKU-004,Dual-Motor Electric Standing Desk 60in,Office & Productivity,2025-02-24,,65.7,51.7,79.7,Forecast
SKU-004,Dual-Motor Electric Standing Desk 60in,Office & Productivity,2025-03-03,,65.1,51.1,79.1,Forecast
SKU-004,Dual-Motor Electric Standing Desk 60in,Office & Productivity,2025-03-10,,64.2,50.2,78.2,Forecast
SKU-004,Dual-Motor Electric Standing Desk 60in,Office & Productivity,2025-03-17,,63.0,49.0,77.0,Forecast
SKU-004,Dual-Motor Electric Standing Desk 60in,Office & Productivity,2025-03-24,,61.6,47.6,75.6,Forecast
SKU-003,Executive Ergonomic High-Back Chair,Office & Productivity,2023-01-02,75.0,72.3,55.2,89.4,Train
SKU-003,Executive Ergonomic High-Back Chair,Office & Productivity,2023-01-09,76.0,73.2,56.1,90.3,Train
SKU-003,Executive Ergonomic High-Back Chair,Office & Productivity,2023-01-16,84.0,74.0,56.9,91.1,Train
SKU-003,Executive Ergonomic High-Back Chair,Office & Productivity,2023-01-23,86.0,74.6,57.5,91.8,Train
SKU-003,Executive Ergonomic High-Back Chair,Office & Productivity,2023-01-30,84.0,75.0,57.9,92.1,Train
SKU-003,Executive Ergonomic High-Back Chair,Office & Productivity,2023-02-06,71.0,75.1,58.0,92.2,Train
SKU-003,Executive Ergonomic High-Back Chair,Office & Productivity,2023-02-13,60.0,74.8,57.7,91.9,Train
SKU-003,Executive Ergonomic High-Back Chair,Office & Productivity,2023-02-20,81.0,74.2,57.1,91.3,Train
SKU-003,Executive Ergonomic High-Back Chair,Office & Productivity,2023-02-27,66.0,73.2,56.1,90.3,Train
SKU-003,Executive Ergonomic High-Back Chair,Office & Productivity,2023-03-06,52.0,71.9,54.8,89.0,Train
SKU-003,Executive Ergonomic High-Back Chair,Office & Productivity,2023-03-13,55.0,70.3,53.2,87.4,Train
SKU-003,Executive Ergonomic High-Back Chair,Office & Productivity,2023-03-20,65.0,68.6,51.5,85.7,Train
SKU-003,Executive Ergonomic High-Back Chair,Office & Productivity,2023-03-27,46.0,66.7,49.6,83.8,Train
SKU-003,Executive Ergonomic High-Back Chair,Office & Productivity,2023-04-03,64.0,64.9,47.7,82.0,Train
SKU-003,Executive Ergonomic High-Back Chair,Office & Productivity,2023-04-10,67.0,63.1,46.0,80.2,Train
SKU-003,Executive Ergonomic High-Back Chair,Office & Productivity,2023-04-17,60.0,61.5,44.4,78.6,Train
SKU-003,Executive Ergonomic High-Back Chair,Office & Productivity,2023-04-24,67.0,60.3,43.1,77.4,Train
SKU-003,Executive Ergonomic High-Back Chair,Office & Productivity,2023-05-01,78.0,59.4,42.3,76.5,Train
SKU-003,Executive Ergonomic High-Back Chair,Office & Productivity,2023-05-08,56.0,58.9,41.8,76.0,Train
SKU-003,Executive Ergonomic High-Back Chair,Office & Productivity,2023-05-15,55.0,59.0,41.8,76.1,Train
SKU-003,Executive Ergonomic High-Back Chair,Office & Productivity,2023-05-22,61.0,59.5,42.4,76.6,Train
SKU-003,Executive Ergonomic High-Back Chair,Office & Productivity,2023-05-29,84.0,60.6,43.4,77.7,Train
SKU-003,Executive Ergonomic High-Back Chair,Office & Productivity,2023-06-05,71.0,62.1,45.0,79.2,Train
SKU-003,Executive Ergonomic High-Back Chair,Office & Productivity,2023-06-12,76.0,64.0,46.9,81.1,Train
SKU-003,Executive Ergonomic High-Back Chair,Office & Productivity,2023-06-19,57.0,66.3,49.2,83.4,Train
SKU-003,Executive Ergonomic High-Back Chair,Office & Productivity,2023-06-26,65.0,68.8,51.7,85.9,Train
SKU-003,Executive Ergonomic High-Back Chair,Office & Productivity,2023-07-03,71.0,71.4,54.3,88.5,Train
SKU-003,Executive Ergonomic High-Back Chair,Office & Productivity,2023-07-10,71.0,74.1,56.9,91.2,Train
SKU-003,Executive Ergonomic High-Back Chair,Office & Productivity,2023-07-17,79.0,76.6,59.5,93.7,Train
SKU-003,Executive Ergonomic High-Back Chair,Office & Productivity,2023-07-24,58.0,79.0,61.8,96.1,Train
SKU-003,Executive Ergonomic High-Back Chair,Office & Productivity,2023-07-31,78.0,81.0,63.9,98.1,Train
SKU-003,Executive Ergonomic High-Back Chair,Office & Productivity,2023-08-07,70.0,82.7,65.6,99.8,Train
SKU-003,Executive Ergonomic High-Back Chair,Office & Productivity,2023-08-14,80.0,83.9,66.8,101.0,Train
SKU-003,Executive Ergonomic High-Back Chair,Office & Productivity,2023-08-21,92.0,84.6,67.5,101.8,Train
SKU-003,Executive Ergonomic High-Back Chair,Office & Productivity,2023-08-28,107.0,84.9,67.8,102.0,Train
SKU-003,Executive Ergonomic High-Back Chair,Office & Productivity,2023-09-04,87.0,84.7,67.5,101.8,Train
SKU-003,Executive Ergonomic High-Back Chair,Office & Productivity,2023-09-11,116.0,84.0,66.9,101.1,Train
SKU-003,Executive Ergonomic High-Back Chair,Office & Productivity,2023-09-18,96.0,82.9,65.8,100.0,Train
SKU-003,Executive Ergonomic High-Back Chair,Office & Productivity,2023-09-25,101.0,81.6,64.5,98.7,Train
SKU-003,Executive Ergonomic High-Back Chair,Office & Productivity,2023-10-02,49.0,80.0,62.9,97.1,Train
SKU-003,Executive Ergonomic High-Back Chair,Office & Productivity,2023-10-09,76.0,78.4,61.2,95.5,Train
SKU-003,Executive Ergonomic High-Back Chair,Office & Productivity,2023-10-16,65.0,76.7,59.6,93.8,Train
SKU-003,Executive Ergonomic High-Back Chair,Office & Productivity,2023-10-23,67.0,75.1,58.0,92.2,Train
SKU-003,Executive Ergonomic High-Back Chair,Office & Productivity,2023-10-30,71.0,73.6,56.5,90.8,Train
SKU-003,Executive Ergonomic High-Back Chair,Office & Productivity,2023-11-06,58.0,72.5,55.4,89.6,Train
SKU-003,Executive Ergonomic High-Back Chair,Office & Productivity,2023-11-13,62.0,71.6,54.5,88.7,Train
SKU-003,Executive Ergonomic High-Back Chair,Office & Productivity,2023-11-20,65.0,71.0,53.9,88.2,Train
SKU-003,Executive Ergonomic High-Back Chair,Office & Productivity,2023-11-27,47.0,70.8,53.7,87.9,Train
SKU-003,Executive Ergonomic High-Back Chair,Office & Productivity,2023-12-04,62.0,71.0,53.9,88.1,Train
SKU-003,Executive Ergonomic High-Back Chair,Office & Productivity,2023-12-11,64.0,71.4,54.3,88.5,Train
SKU-003,Executive Ergonomic High-Back Chair,Office & Productivity,2023-12-18,67.0,72.0,54.9,89.1,Train
SKU-003,Executive Ergonomic High-Back Chair,Office & Productivity,2023-12-25,72.0,72.9,55.7,90.0,Train
SKU-003,Executive Ergonomic High-Back Chair,Office & Productivity,2024-01-01,99.0,73.8,56.7,90.9,Train
SKU-003,Executive Ergonomic High-Back Chair,Office & Productivity,2024-01-08,115.0,74.7,57.5,91.8,Train
SKU-003,Executive Ergonomic High-Back Chair,Office & Productivity,2024-01-15,95.0,75.5,58.4,92.6,Train
SKU-003,Executive Ergonomic High-Back Chair,Office & Productivity,2024-01-22,103.0,76.1,59.0,93.2,Train
SKU-003,Executive Ergonomic High-Back Chair,Office & Productivity,2024-01-29,91.0,76.5,59.4,93.6,Train
SKU-003,Executive Ergonomic High-Back Chair,Office & Productivity,2024-02-05,53.0,76.5,59.4,93.7,Train
SKU-003,Executive Ergonomic High-Back Chair,Office & Productivity,2024-02-12,81.0,76.3,59.2,93.4,Train
SKU-003,Executive Ergonomic High-Back Chair,Office & Productivity,2024-02-19,61.0,75.6,58.5,92.7,Train
SKU-003,Executive Ergonomic High-Back Chair,Office & Productivity,2024-02-26,56.0,74.6,57.5,91.8,Train
SKU-003,Executive Ergonomic High-Back Chair,Office & Productivity,2024-03-04,79.0,73.3,56.2,90.5,Train
SKU-003,Executive Ergonomic High-Back Chair,Office & Productivity,2024-03-11,54.0,71.8,54.7,88.9,Train
SKU-003,Executive Ergonomic High-Back Chair,Office & Productivity,2024-03-18,62.0,70.0,52.9,87.1,Train
SKU-003,Executive Ergonomic High-Back Chair,Office & Productivity,2024-03-25,63.0,68.2,51.1,85.3,Train
SKU-003,Executive Ergonomic High-Back Chair,Office & Productivity,2024-04-01,58.0,66.3,49.2,83.4,Train
SKU-003,Executive Ergonomic High-Back Chair,Office & Productivity,2024-04-08,64.0,64.5,47.4,81.6,Train
SKU-003,Executive Ergonomic High-Back Chair,Office & Productivity,2024-04-15,71.0,63.0,45.9,80.1,Train
SKU-003,Executive Ergonomic High-Back Chair,Office & Productivity,2024-04-22,78.0,61.7,44.6,78.8,Train
SKU-003,Executive Ergonomic High-Back Chair,Office & Productivity,2024-04-29,79.0,60.8,43.7,77.9,Train
SKU-003,Executive Ergonomic High-Back Chair,Office & Productivity,2024-05-06,74.0,60.4,43.3,77.5,Train
SKU-003,Executive Ergonomic High-Back Chair,Office & Productivity,2024-05-13,68.0,60.4,43.3,77.5,Train
SKU-003,Executive Ergonomic High-Back Chair,Office & Productivity,2024-05-20,73.0,61.0,43.8,78.1,Train
SKU-003,Executive Ergonomic High-Back Chair,Office & Productivity,2024-05-27,74.0,62.0,44.9,79.1,Train
SKU-003,Executive Ergonomic High-Back Chair,Office & Productivity,2024-06-03,50.0,63.5,46.4,80.6,Train
SKU-003,Executive Ergonomic High-Back Chair,Office & Productivity,2024-06-10,63.0,65.4,48.3,82.6,Train
SKU-003,Executive Ergonomic High-Back Chair,Office & Productivity,2024-06-17,55.0,67.7,50.6,84.8,Train
SKU-003,Executive Ergonomic High-Back Chair,Office & Productivity,2024-06-24,56.0,70.2,53.1,87.3,Train
SKU-003,Executive Ergonomic High-Back Chair,Office & Productivity,2024-07-01,60.0,72.8,55.7,90.0,Train
SKU-003,Executive Ergonomic High-Back Chair,Office & Productivity,2024-07-08,67.0,75.5,58.4,92.6,Train
SKU-003,Executive Ergonomic High-Back Chair,Office & Productivity,2024-07-15,70.0,78.1,60.9,95.2,Train
SKU-003,Executive Ergonomic High-Back Chair,Office & Productivity,2024-07-22,74.0,80.4,63.3,97.5,Train
SKU-003,Executive Ergonomic High-Back Chair,Office & Productivity,2024-07-29,56.0,82.5,65.3,99.6,Train
SKU-003,Executive Ergonomic High-Back Chair,Office & Productivity,2024-08-05,71.0,84.1,67.0,101.2,Train
SKU-003,Executive Ergonomic High-Back Chair,Office & Productivity,2024-08-12,84.0,85.3,68.2,102.5,Train
SKU-003,Executive Ergonomic High-Back Chair,Office & Productivity,2024-08-19,100.0,86.1,69.0,103.2,Train
SKU-003,Executive Ergonomic High-Back Chair,Office & Productivity,2024-08-26,110.0,86.3,69.2,103.4,Train
SKU-003,Executive Ergonomic High-Back Chair,Office & Productivity,2024-09-02,104.0,86.1,69.0,103.2,Train
SKU-003,Executive Ergonomic High-Back Chair,Office & Productivity,2024-09-09,90.0,85.4,68.3,102.5,Train
SKU-003,Executive Ergonomic High-Back Chair,Office & Productivity,2024-09-16,90.0,84.4,67.3,101.5,Train
SKU-003,Executive Ergonomic High-Back Chair,Office & Productivity,2024-09-23,87.0,83.0,65.9,100.1,Train
SKU-003,Executive Ergonomic High-Back Chair,Office & Productivity,2024-09-30,94.0,81.5,64.4,98.6,Train
SKU-003,Executive Ergonomic High-Back Chair,Office & Productivity,2024-10-07,70.0,79.8,62.7,96.9,Test
SKU-003,Executive Ergonomic High-Back Chair,Office & Productivity,2024-10-14,89.0,78.1,61.0,95.2,Test
SKU-003,Executive Ergonomic High-Back Chair,Office & Productivity,2024-10-21,72.0,76.5,59.4,93.6,Test
SKU-003,Executive Ergonomic High-Back Chair,Office & Productivity,2024-10-28,59.0,75.1,58.0,92.2,Test
SKU-003,Executive Ergonomic High-Back Chair,Office & Productivity,2024-11-04,72.0,73.9,56.8,91.0,Test
SKU-003,Executive Ergonomic High-Back Chair,Office & Productivity,2024-11-11,85.0,73.0,55.9,90.1,Test
SKU-003,Executive Ergonomic High-Back Chair,Office & Productivity,2024-11-18,74.0,72.5,55.4,89.6,Test
SKU-003,Executive Ergonomic High-Back Chair,Office & Productivity,2024-11-25,63.0,72.3,55.2,89.4,Test
SKU-003,Executive Ergonomic High-Back Chair,Office & Productivity,2024-12-02,56.0,72.4,55.3,89.5,Test
SKU-003,Executive Ergonomic High-Back Chair,Office & Productivity,2024-12-09,73.0,72.8,55.7,89.9,Test
SKU-003,Executive Ergonomic High-Back Chair,Office & Productivity,2024-12-16,79.0,73.5,56.4,90.6,Test
SKU-003,Executive Ergonomic High-Back Chair,Office & Productivity,2024-12-23,79.0,74.3,57.2,91.4,Test
SKU-003,Executive Ergonomic High-Back Chair,Office & Productivity,2024-12-30,,75.2,58.1,92.3,Forecast
SKU-003,Executive Ergonomic High-Back Chair,Office & Productivity,2025-01-06,,76.1,59.0,93.2,Forecast
SKU-003,Executive Ergonomic High-Back Chair,Office & Productivity,2025-01-13,,76.9,59.8,94.0,Forecast
SKU-003,Executive Ergonomic High-Back Chair,Office & Productivity,2025-01-20,,77.5,60.4,94.6,Forecast
SKU-003,Executive Ergonomic High-Back Chair,Office & Productivity,2025-01-27,,77.9,60.8,95.0,Forecast
SKU-003,Executive Ergonomic High-Back Chair,Office & Productivity,2025-02-03,,78.0,60.9,95.1,Forecast
SKU-003,Executive Ergonomic High-Back Chair,Office & Productivity,2025-02-10,,77.7,60.6,94.8,Forecast
SKU-003,Executive Ergonomic High-Back Chair,Office & Productivity,2025-02-17,,77.1,60.0,94.2,Forecast
SKU-003,Executive Ergonomic High-Back Chair,Office & Productivity,2025-02-24,,76.1,59.0,93.2,Forecast
SKU-003,Executive Ergonomic High-Back Chair,Office & Productivity,2025-03-03,,74.8,57.7,91.9,Forecast
SKU-003,Executive Ergonomic High-Back Chair,Office & Productivity,2025-03-10,,73.2,56.1,90.3,Forecast
SKU-003,Executive Ergonomic High-Back Chair,Office & Productivity,2025-03-17,,71.5,54.4,88.6,Forecast
SKU-003,Executive Ergonomic High-Back Chair,Office & Productivity,2025-03-24,,69.6,52.5,86.7,Forecast
SKU-006,Smart Auto-Empty Robotic Vacuum,Home & Kitchen,2023-01-02,54.0,75.3,57.1,93.6,Train
SKU-006,Smart Auto-Empty Robotic Vacuum,Home & Kitchen,2023-01-09,55.0,72.3,54.0,90.6,Train
SKU-006,Smart Auto-Empty Robotic Vacuum,Home & Kitchen,2023-01-16,42.0,69.0,50.7,87.3,Train
SKU-006,Smart Auto-Empty Robotic Vacuum,Home & Kitchen,2023-01-23,44.0,65.6,47.3,83.8,Train
SKU-006,Smart Auto-Empty Robotic Vacuum,Home & Kitchen,2023-01-30,50.0,62.2,43.9,80.4,Train
SKU-006,Smart Auto-Empty Robotic Vacuum,Home & Kitchen,2023-02-06,62.0,59.0,40.7,77.2,Train
SKU-006,Smart Auto-Empty Robotic Vacuum,Home & Kitchen,2023-02-13,60.0,56.1,37.9,74.4,Train
SKU-006,Smart Auto-Empty Robotic Vacuum,Home & Kitchen,2023-02-20,66.0,53.7,35.5,72.0,Train
SKU-006,Smart Auto-Empty Robotic Vacuum,Home & Kitchen,2023-02-27,68.0,51.9,33.6,70.2,Train
SKU-006,Smart Auto-Empty Robotic Vacuum,Home & Kitchen,2023-03-06,64.0,50.7,32.4,68.9,Train
SKU-006,Smart Auto-Empty Robotic Vacuum,Home & Kitchen,2023-03-13,66.0,50.1,31.8,68.4,Train
SKU-006,Smart Auto-Empty Robotic Vacuum,Home & Kitchen,2023-03-20,57.0,50.1,31.9,68.4,Train
SKU-006,Smart Auto-Empty Robotic Vacuum,Home & Kitchen,2023-03-27,71.0,50.7,32.4,69.0,Train
SKU-006,Smart Auto-Empty Robotic Vacuum,Home & Kitchen,2023-04-03,66.0,51.8,33.5,70.0,Train
SKU-006,Smart Auto-Empty Robotic Vacuum,Home & Kitchen,2023-04-10,65.0,53.2,35.0,71.5,Train
SKU-006,Smart Auto-Empty Robotic Vacuum,Home & Kitchen,2023-04-17,55.0,54.9,36.6,73.2,Train
SKU-006,Smart Auto-Empty Robotic Vacuum,Home & Kitchen,2023-04-24,45.0,56.7,38.4,75.0,Train
SKU-006,Smart Auto-Empty Robotic Vacuum,Home & Kitchen,2023-05-01,64.0,58.5,40.2,76.7,Train
SKU-006,Smart Auto-Empty Robotic Vacuum,Home & Kitchen,2023-05-08,58.0,60.1,41.8,78.3,Train
SKU-006,Smart Auto-Empty Robotic Vacuum,Home & Kitchen,2023-05-15,41.0,61.4,43.1,79.7,Train
SKU-006,Smart Auto-Empty Robotic Vacuum,Home & Kitchen,2023-05-22,60.0,62.4,44.1,80.6,Train
SKU-006,Smart Auto-Empty Robotic Vacuum,Home & Kitchen,2023-05-29,66.0,62.9,44.6,81.1,Train
SKU-006,Smart Auto-Empty Robotic Vacuum,Home & Kitchen,2023-06-05,67.0,62.9,44.7,81.2,Train
SKU-006,Smart Auto-Empty Robotic Vacuum,Home & Kitchen,2023-06-12,63.0,62.5,44.3,80.8,Train
SKU-006,Smart Auto-Empty Robotic Vacuum,Home & Kitchen,2023-06-19,66.0,61.7,43.4,79.9,Train
SKU-006,Smart Auto-Empty Robotic Vacuum,Home & Kitchen,2023-06-26,60.0,60.4,42.2,78.7,Train
SKU-006,Smart Auto-Empty Robotic Vacuum,Home & Kitchen,2023-07-03,65.0,59.0,40.7,77.2,Train
SKU-006,Smart Auto-Empty Robotic Vacuum,Home & Kitchen,2023-07-10,60.0,57.3,39.1,75.6,Train
SKU-006,Smart Auto-Empty Robotic Vacuum,Home & Kitchen,2023-07-17,51.0,55.7,37.4,74.0,Train
SKU-006,Smart Auto-Empty Robotic Vacuum,Home & Kitchen,2023-07-24,44.0,54.2,35.9,72.5,Train
SKU-006,Smart Auto-Empty Robotic Vacuum,Home & Kitchen,2023-07-31,59.0,53.0,34.7,71.2,Train
SKU-006,Smart Auto-Empty Robotic Vacuum,Home & Kitchen,2023-08-07,54.0,52.1,33.9,70.4,Train
SKU-006,Smart Auto-Empty Robotic Vacuum,Home & Kitchen,2023-08-14,72.0,51.8,33.5,70.1,Train
SKU-006,Smart Auto-Empty Robotic Vacuum,Home & Kitchen,2023-08-21,57.0,52.1,33.8,70.3,Train
SKU-006,Smart Auto-Empty Robotic Vacuum,Home & Kitchen,2023-08-28,52.0,53.0,34.7,71.3,Train
SKU-006,Smart Auto-Empty Robotic Vacuum,Home & Kitchen,2023-09-04,55.0,54.6,36.3,72.8,Train
SKU-006,Smart Auto-Empty Robotic Vacuum,Home & Kitchen,2023-09-11,55.0,56.8,38.5,75.1,Train
SKU-006,Smart Auto-Empty Robotic Vacuum,Home & Kitchen,2023-09-18,57.0,59.6,41.3,77.9,Train
SKU-006,Smart Auto-Empty Robotic Vacuum,Home & Kitchen,2023-09-25,68.0,62.9,44.6,81.2,Train
SKU-006,Smart Auto-Empty Robotic Vacuum,Home & Kitchen,2023-10-02,64.0,66.6,48.3,84.8,Train
SKU-006,Smart Auto-Empty Robotic Vacuum,Home & Kitchen,2023-10-09,69.0,70.5,52.2,88.7,Train
SKU-006,Smart Auto-Empty Robotic Vacuum,Home & Kitchen,2023-10-16,49.0,74.4,56.1,92.7,Train
SKU-006,Smart Auto-Empty Robotic Vacuum,Home & Kitchen,2023-10-23,41.0,78.3,60.0,96.5,Train
SKU-006,Smart Auto-Empty Robotic Vacuum,Home & Kitchen,2023-10-30,61.0,81.8,63.6,100.1,Train
SKU-006,Smart Auto-Empty Robotic Vacuum,Home & Kitchen,2023-11-06,109.0,85.0,66.7,103.2,Train
SKU-006,Smart Auto-Empty Robotic Vacuum,Home & Kitchen,2023-11-13,124.0,87.5,69.3,105.8,Train
SKU-006,Smart Auto-Empty Robotic Vacuum,Home & Kitchen,2023-11-20,127.0,89.4,71.1,107.7,Train
SKU-006,Smart Auto-Empty Robotic Vacuum,Home & Kitchen,2023-11-27,108.0,90.5,72.2,108.8,Train
SKU-006,Smart Auto-Empty Robotic Vacuum,Home & Kitchen,2023-12-04,103.0,90.8,72.5,109.1,Train
SKU-006,Smart Auto-Empty Robotic Vacuum,Home & Kitchen,2023-12-11,106.0,90.3,72.0,108.6,Train
SKU-006,Smart Auto-Empty Robotic Vacuum,Home & Kitchen,2023-12-18,87.0,89.0,70.8,107.3,Train
SKU-006,Smart Auto-Empty Robotic Vacuum,Home & Kitchen,2023-12-25,99.0,87.1,68.8,105.3,Train
SKU-006,Smart Auto-Empty Robotic Vacuum,Home & Kitchen,2024-01-01,66.0,84.5,66.3,102.8,Train
SKU-006,Smart Auto-Empty Robotic Vacuum,Home & Kitchen,2024-01-08,70.0,81.5,63.2,99.8,Train
SKU-006,Smart Auto-Empty Robotic Vacuum,Home & Kitchen,2024-01-15,65.0,78.2,59.9,96.5,Train
SKU-006,Smart Auto-Empty Robotic Vacuum,Home & Kitchen,2024-01-22,65.0,74.8,56.5,93.0,Train
SKU-006,Smart Auto-Empty Robotic Vacuum,Home & Kitchen,2024-01-29,59.0,71.4,53.1,89.6,Train
SKU-006,Smart Auto-Empty Robotic Vacuum,Home & Kitchen,2024-02-05,68.0,68.2,49.9,86.4,Train
SKU-006,Smart Auto-Empty Robotic Vacuum,Home & Kitchen,2024-02-12,74.0,65.3,47.1,83.6,Train
SKU-006,Smart Auto-Empty Robotic Vacuum,Home & Kitchen,2024-02-19,55.0,62.9,44.7,81.2,Train
SKU-006,Smart Auto-Empty Robotic Vacuum,Home & Kitchen,2024-02-26,66.0,61.1,42.8,79.4,Train
SKU-006,Smart Auto-Empty Robotic Vacuum,Home & Kitchen,2024-03-04,69.0,59.9,41.6,78.1,Train
SKU-006,Smart Auto-Empty Robotic Vacuum,Home & Kitchen,2024-03-11,52.0,59.3,41.0,77.6,Train
SKU-006,Smart Auto-Empty Robotic Vacuum,Home & Kitchen,2024-03-18,68.0,59.3,41.1,77.6,Train
SKU-006,Smart Auto-Empty Robotic Vacuum,Home & Kitchen,2024-03-25,65.0,59.9,41.6,78.2,Train
SKU-006,Smart Auto-Empty Robotic Vacuum,Home & Kitchen,2024-04-01,41.0,61.0,42.7,79.2,Train
SKU-006,Smart Auto-Empty Robotic Vacuum,Home & Kitchen,2024-04-08,58.0,62.4,44.2,80.7,Train
SKU-006,Smart Auto-Empty Robotic Vacuum,Home & Kitchen,2024-04-15,62.0,64.1,45.8,82.4,Train
SKU-006,Smart Auto-Empty Robotic Vacuum,Home & Kitchen,2024-04-22,54.0,65.9,47.6,84.2,Train
SKU-006,Smart Auto-Empty Robotic Vacuum,Home & Kitchen,2024-04-29,82.0,67.7,49.4,85.9,Train
SKU-006,Smart Auto-Empty Robotic Vacuum,Home & Kitchen,2024-05-06,70.0,69.3,51.0,87.5,Train
SKU-006,Smart Auto-Empty Robotic Vacuum,Home & Kitchen,2024-05-13,59.0,70.6,52.3,88.9,Train
SKU-006,Smart Auto-Empty Robotic Vacuum,Home & Kitchen,2024-05-20,59.0,71.6,53.3,89.8,Train
SKU-006,Smart Auto-Empty Robotic Vacuum,Home & Kitchen,2024-05-27,62.0,72.1,53.8,90.3,Train
SKU-006,Smart Auto-Empty Robotic Vacuum,Home & Kitchen,2024-06-03,64.0,72.1,53.9,90.4,Train
SKU-006,Smart Auto-Empty Robotic Vacuum,Home & Kitchen,2024-06-10,63.0,71.7,53.5,90.0,Train
SKU-006,Smart Auto-Empty Robotic Vacuum,Home & Kitchen,2024-06-17,64.0,70.9,52.6,89.1,Train
SKU-006,Smart Auto-Empty Robotic Vacuum,Home & Kitchen,2024-06-24,72.0,69.6,51.4,87.9,Train
SKU-006,Smart Auto-Empty Robotic Vacuum,Home & Kitchen,2024-07-01,80.0,68.2,49.9,86.4,Train
SKU-006,Smart Auto-Empty Robotic Vacuum,Home & Kitchen,2024-07-08,74.0,66.5,48.3,84.8,Train
SKU-006,Smart Auto-Empty Robotic Vacuum,Home & Kitchen,2024-07-15,54.0,64.9,46.6,83.2,Train
SKU-006,Smart Auto-Empty Robotic Vacuum,Home & Kitchen,2024-07-22,64.0,63.4,45.1,81.7,Train
SKU-006,Smart Auto-Empty Robotic Vacuum,Home & Kitchen,2024-07-29,78.0,62.2,43.9,80.4,Train
SKU-006,Smart Auto-Empty Robotic Vacuum,Home & Kitchen,2024-08-05,66.0,61.3,43.1,79.6,Train
SKU-006,Smart Auto-Empty Robotic Vacuum,Home & Kitchen,2024-08-12,82.0,61.0,42.7,79.3,Train
SKU-006,Smart Auto-Empty Robotic Vacuum,Home & Kitchen,2024-08-19,60.0,61.3,43.0,79.5,Train
SKU-006,Smart Auto-Empty Robotic Vacuum,Home & Kitchen,2024-08-26,72.0,62.2,43.9,80.5,Train
SKU-006,Smart Auto-Empty Robotic Vacuum,Home & Kitchen,2024-09-02,56.0,63.8,45.5,82.0,Train
SKU-006,Smart Auto-Empty Robotic Vacuum,Home & Kitchen,2024-09-09,69.0,66.0,47.7,84.3,Train
SKU-006,Smart Auto-Empty Robotic Vacuum,Home & Kitchen,2024-09-16,57.0,68.8,50.5,87.1,Train
SKU-006,Smart Auto-Empty Robotic Vacuum,Home & Kitchen,2024-09-23,67.0,72.1,53.8,90.4,Train
SKU-006,Smart Auto-Empty Robotic Vacuum,Home & Kitchen,2024-09-30,70.0,75.8,57.5,94.0,Train
SKU-006,Smart Auto-Empty Robotic Vacuum,Home & Kitchen,2024-10-07,62.0,79.7,61.4,97.9,Test
SKU-006,Smart Auto-Empty Robotic Vacuum,Home & Kitchen,2024-10-14,54.0,83.6,65.3,101.9,Test
SKU-006,Smart Auto-Empty Robotic Vacuum,Home & Kitchen,2024-10-21,66.0,87.5,69.2,105.7,Test
SKU-006,Smart Auto-Empty Robotic Vacuum,Home & Kitchen,2024-10-28,65.0,91.0,72.8,109.3,Test
SKU-006,Smart Auto-Empty Robotic Vacuum,Home & Kitchen,2024-11-04,122.0,94.2,75.9,112.4,Test
SKU-006,Smart Auto-Empty Robotic Vacuum,Home & Kitchen,2024-11-11,121.0,96.7,78.5,115.0,Test
SKU-006,Smart Auto-Empty Robotic Vacuum,Home & Kitchen,2024-11-18,106.0,98.6,80.3,116.9,Test
SKU-006,Smart Auto-Empty Robotic Vacuum,Home & Kitchen,2024-11-25,135.0,99.7,81.4,118.0,Test
SKU-006,Smart Auto-Empty Robotic Vacuum,Home & Kitchen,2024-12-02,114.0,100.0,81.7,118.3,Test
SKU-006,Smart Auto-Empty Robotic Vacuum,Home & Kitchen,2024-12-09,101.0,99.5,81.2,117.8,Test
SKU-006,Smart Auto-Empty Robotic Vacuum,Home & Kitchen,2024-12-16,97.0,98.2,80.0,116.5,Test
SKU-006,Smart Auto-Empty Robotic Vacuum,Home & Kitchen,2024-12-23,82.0,96.3,78.0,114.5,Test
SKU-006,Smart Auto-Empty Robotic Vacuum,Home & Kitchen,2024-12-30,,93.7,75.5,112.0,Forecast
SKU-006,Smart Auto-Empty Robotic Vacuum,Home & Kitchen,2025-01-06,,90.7,72.4,109.0,Forecast
SKU-006,Smart Auto-Empty Robotic Vacuum,Home & Kitchen,2025-01-13,,87.4,69.1,105.7,Forecast
SKU-006,Smart Auto-Empty Robotic Vacuum,Home & Kitchen,2025-01-20,,84.0,65.7,102.2,Forecast
SKU-006,Smart Auto-Empty Robotic Vacuum,Home & Kitchen,2025-01-27,,80.6,62.3,98.8,Forecast
SKU-006,Smart Auto-Empty Robotic Vacuum,Home & Kitchen,2025-02-03,,77.4,59.1,95.6,Forecast
SKU-006,Smart Auto-Empty Robotic Vacuum,Home & Kitchen,2025-02-10,,74.5,56.3,92.8,Forecast
SKU-006,Smart Auto-Empty Robotic Vacuum,Home & Kitchen,2025-02-17,,72.1,53.9,90.4,Forecast
SKU-006,Smart Auto-Empty Robotic Vacuum,Home & Kitchen,2025-02-24,,70.3,52.0,88.6,Forecast
SKU-006,Smart Auto-Empty Robotic Vacuum,Home & Kitchen,2025-03-03,,69.1,50.8,87.3,Forecast
SKU-006,Smart Auto-Empty Robotic Vacuum,Home & Kitchen,2025-03-10,,68.5,50.2,86.8,Forecast
SKU-006,Smart Auto-Empty Robotic Vacuum,Home & Kitchen,2025-03-17,,68.5,50.3,86.8,Forecast
SKU-006,Smart Auto-Empty Robotic Vacuum,Home & Kitchen,2025-03-24,,69.1,50.8,87.4,Forecast
SKU-005,Precision Barista Espresso Machine,Home & Kitchen,2023-01-02,57.0,64.9,47.7,82.1,Train
SKU-005,Precision Barista Espresso Machine,Home & Kitchen,2023-01-09,52.0,62.1,44.9,79.3,Train
SKU-005,Precision Barista Espresso Machine,Home & Kitchen,2023-01-16,34.0,59.0,41.9,76.2,Train
SKU-005,Precision Barista Espresso Machine,Home & Kitchen,2023-01-23,62.0,55.8,38.6,73.0,Train
SKU-005,Precision Barista Espresso Machine,Home & Kitchen,2023-01-30,39.0,52.6,35.4,69.8,Train
SKU-005,Precision Barista Espresso Machine,Home & Kitchen,2023-02-06,51.0,49.5,32.3,66.7,Train
SKU-005,Precision Barista Espresso Machine,Home & Kitchen,2023-02-13,51.0,46.8,29.6,64.0,Train
SKU-005,Precision Barista Espresso Machine,Home & Kitchen,2023-02-20,50.0,44.6,27.4,61.7,Train
SKU-005,Precision Barista Espresso Machine,Home & Kitchen,2023-02-27,48.0,42.8,25.6,60.0,Train
SKU-005,Precision Barista Espresso Machine,Home & Kitchen,2023-03-06,60.0,41.7,24.5,58.9,Train
SKU-005,Precision Barista Espresso Machine,Home & Kitchen,2023-03-13,52.0,41.3,24.1,58.5,Train
SKU-005,Precision Barista Espresso Machine,Home & Kitchen,2023-03-20,38.0,41.4,24.2,58.6,Train
SKU-005,Precision Barista Espresso Machine,Home & Kitchen,2023-03-27,63.0,42.2,25.0,59.4,Train
SKU-005,Precision Barista Espresso Machine,Home & Kitchen,2023-04-03,46.0,43.4,26.2,60.6,Train
SKU-005,Precision Barista Espresso Machine,Home & Kitchen,2023-04-10,57.0,45.1,27.9,62.3,Train
SKU-005,Precision Barista Espresso Machine,Home & Kitchen,2023-04-17,48.0,47.0,29.8,64.2,Train
SKU-005,Precision Barista Espresso Machine,Home & Kitchen,2023-04-24,49.0,49.0,31.8,66.2,Train
SKU-005,Precision Barista Espresso Machine,Home & Kitchen,2023-05-01,59.0,51.0,33.8,68.2,Train
SKU-005,Precision Barista Espresso Machine,Home & Kitchen,2023-05-08,53.0,52.9,35.7,70.1,Train
SKU-005,Precision Barista Espresso Machine,Home & Kitchen,2023-05-15,64.0,54.4,37.2,71.6,Train
SKU-005,Precision Barista Espresso Machine,Home & Kitchen,2023-05-22,42.0,55.6,38.4,72.8,Train
SKU-005,Precision Barista Espresso Machine,Home & Kitchen,2023-05-29,51.0,56.3,39.1,73.5,Train
SKU-005,Precision Barista Espresso Machine,Home & Kitchen,2023-06-05,50.0,56.5,39.4,73.7,Train
SKU-005,Precision Barista Espresso Machine,Home & Kitchen,2023-06-12,58.0,56.2,39.0,73.4,Train
SKU-005,Precision Barista Espresso Machine,Home & Kitchen,2023-06-19,60.0,55.4,38.2,72.6,Train
SKU-005,Precision Barista Espresso Machine,Home & Kitchen,2023-06-26,54.0,54.2,37.0,71.4,Train
SKU-005,Precision Barista Espresso Machine,Home & Kitchen,2023-07-03,65.0,52.7,35.5,69.8,Train
SKU-005,Precision Barista Espresso Machine,Home & Kitchen,2023-07-10,51.0,50.9,33.7,68.1,Train
SKU-005,Precision Barista Espresso Machine,Home & Kitchen,2023-07-17,44.0,49.0,31.8,66.2,Train
SKU-005,Precision Barista Espresso Machine,Home & Kitchen,2023-07-24,54.0,47.2,30.0,64.4,Train
SKU-005,Precision Barista Espresso Machine,Home & Kitchen,2023-07-31,48.0,45.7,28.5,62.9,Train
SKU-005,Precision Barista Espresso Machine,Home & Kitchen,2023-08-07,57.0,44.4,27.2,61.6,Train
SKU-005,Precision Barista Espresso Machine,Home & Kitchen,2023-08-14,38.0,43.7,26.5,60.9,Train
SKU-005,Precision Barista Espresso Machine,Home & Kitchen,2023-08-21,54.0,43.5,26.3,60.7,Train
SKU-005,Precision Barista Espresso Machine,Home & Kitchen,2023-08-28,58.0,44.0,26.8,61.1,Train
SKU-005,Precision Barista Espresso Machine,Home & Kitchen,2023-09-04,48.0,45.1,27.9,62.3,Train
SKU-005,Precision Barista Espresso Machine,Home & Kitchen,2023-09-11,53.0,46.9,29.7,64.1,Train
SKU-005,Precision Barista Espresso Machine,Home & Kitchen,2023-09-18,37.0,49.3,32.1,66.5,Train
SKU-005,Precision Barista Espresso Machine,Home & Kitchen,2023-09-25,36.0,52.2,35.0,69.4,Train
SKU-005,Precision Barista Espresso Machine,Home & Kitchen,2023-10-02,47.0,55.6,38.4,72.8,Train
SKU-005,Precision Barista Espresso Machine,Home & Kitchen,2023-10-09,59.0,59.2,42.1,76.4,Train
SKU-005,Precision Barista Espresso Machine,Home & Kitchen,2023-10-16,53.0,63.0,45.8,80.2,Train
SKU-005,Precision Barista Espresso Machine,Home & Kitchen,2023-10-23,56.0,66.8,49.6,84.0,Train
SKU-005,Precision Barista Espresso Machine,Home & Kitchen,2023-10-30,45.0,70.3,53.1,87.5,Train
SKU-005,Precision Barista Espresso Machine,Home & Kitchen,2023-11-06,76.0,73.5,56.3,90.7,Train
SKU-005,Precision Barista Espresso Machine,Home & Kitchen,2023-11-13,98.0,76.2,59.0,93.4,Train
SKU-005,Precision Barista Espresso Machine,Home & Kitchen,2023-11-20,82.0,78.2,61.0,95.4,Train
SKU-005,Precision Barista Espresso Machine,Home & Kitchen,2023-11-27,97.0,79.5,62.3,96.7,Train
SKU-005,Precision Barista Espresso Machine,Home & Kitchen,2023-12-04,95.0,80.1,62.9,97.3,Train
SKU-005,Precision Barista Espresso Machine,Home & Kitchen,2023-12-11,104.0,79.8,62.6,97.0,Train
SKU-005,Precision Barista Espresso Machine,Home & Kitchen,2023-12-18,98.0,78.8,61.6,96.0,Train
SKU-005,Precision Barista Espresso Machine,Home & Kitchen,2023-12-25,85.0,77.1,59.9,94.3,Train
SKU-005,Precision Barista Espresso Machine,Home & Kitchen,2024-01-01,53.0,74.8,57.6,92.0,Train
SKU-005,Precision Barista Espresso Machine,Home & Kitchen,2024-01-08,54.0,72.0,54.8,89.2,Train
SKU-005,Precision Barista Espresso Machine,Home & Kitchen,2024-01-15,47.0,68.9,51.7,86.1,Train
SKU-005,Precision Barista Espresso Machine,Home & Kitchen,2024-01-22,43.0,65.7,48.5,82.9,Train
SKU-005,Precision Barista Espresso Machine,Home & Kitchen,2024-01-29,28.0,62.5,45.3,79.7,Train
SKU-005,Precision Barista Espresso Machine,Home & Kitchen,2024-02-05,48.0,59.4,42.2,76.6,Train
SKU-005,Precision Barista Espresso Machine,Home & Kitchen,2024-02-12,54.0,56.7,39.5,73.9,Train
SKU-005,Precision Barista Espresso Machine,Home & Kitchen,2024-02-19,59.0,54.4,37.2,71.6,Train
SKU-005,Precision Barista Espresso Machine,Home & Kitchen,2024-02-26,54.0,52.7,35.5,69.9,Train
SKU-005,Precision Barista Espresso Machine,Home & Kitchen,2024-03-04,58.0,51.6,34.4,68.8,Train
SKU-005,Precision Barista Espresso Machine,Home & Kitchen,2024-03-11,69.0,51.1,33.9,68.3,Train
SKU-005,Precision Barista Espresso Machine,Home & Kitchen,2024-03-18,50.0,51.3,34.1,68.5,Train
SKU-005,Precision Barista Espresso Machine,Home & Kitchen,2024-03-25,53.0,52.1,34.9,69.2,Train
SKU-005,Precision Barista Espresso Machine,Home & Kitchen,2024-04-01,46.0,53.3,36.1,70.5,Train
SKU-005,Precision Barista Espresso Machine,Home & Kitchen,2024-04-08,60.0,54.9,37.8,72.1,Train
SKU-005,Precision Barista Espresso Machine,Home & Kitchen,2024-04-15,71.0,56.9,39.7,74.0,Train
SKU-005,Precision Barista Espresso Machine,Home & Kitchen,2024-04-22,38.0,58.9,41.7,76.1,Train
SKU-005,Precision Barista Espresso Machine,Home & Kitchen,2024-04-29,64.0,60.9,43.7,78.1,Train
SKU-005,Precision Barista Espresso Machine,Home & Kitchen,2024-05-06,49.0,62.7,45.6,79.9,Train
SKU-005,Precision Barista Espresso Machine,Home & Kitchen,2024-05-13,54.0,64.3,47.1,81.5,Train
SKU-005,Precision Barista Espresso Machine,Home & Kitchen,2024-05-20,50.0,65.5,48.3,82.7,Train
SKU-005,Precision Barista Espresso Machine,Home & Kitchen,2024-05-27,71.0,66.2,49.0,83.4,Train
SKU-005,Precision Barista Espresso Machine,Home & Kitchen,2024-06-03,63.0,66.4,49.2,83.6,Train
SKU-005,Precision Barista Espresso Machine,Home & Kitchen,2024-06-10,54.0,66.1,48.9,83.3,Train
SKU-005,Precision Barista Espresso Machine,Home & Kitchen,2024-06-17,58.0,65.3,48.1,82.5,Train
SKU-005,Precision Barista Espresso Machine,Home & Kitchen,2024-06-24,56.0,64.1,46.9,81.3,Train
SKU-005,Precision Barista Espresso Machine,Home & Kitchen,2024-07-01,79.0,62.5,45.3,79.7,Train
SKU-005,Precision Barista Espresso Machine,Home & Kitchen,2024-07-08,52.0,60.8,43.6,78.0,Train
SKU-005,Precision Barista Espresso Machine,Home & Kitchen,2024-07-15,60.0,58.9,41.7,76.1,Train
SKU-005,Precision Barista Espresso Machine,Home & Kitchen,2024-07-22,51.0,57.1,39.9,74.3,Train
SKU-005,Precision Barista Espresso Machine,Home & Kitchen,2024-07-29,58.0,55.5,38.3,72.7,Train
SKU-005,Precision Barista Espresso Machine,Home & Kitchen,2024-08-05,61.0,54.3,37.1,71.5,Train
SKU-005,Precision Barista Espresso Machine,Home & Kitchen,2024-08-12,56.0,53.6,36.4,70.8,Train
SKU-005,Precision Barista Espresso Machine,Home & Kitchen,2024-08-19,52.0,53.4,36.2,70.6,Train
SKU-005,Precision Barista Espresso Machine,Home & Kitchen,2024-08-26,63.0,53.8,36.6,71.0,Train
SKU-005,Precision Barista Espresso Machine,Home & Kitchen,2024-09-02,75.0,55.0,37.8,72.1,Train
SKU-005,Precision Barista Espresso Machine,Home & Kitchen,2024-09-09,61.0,56.7,39.5,73.9,Train
SKU-005,Precision Barista Espresso Machine,Home & Kitchen,2024-09-16,52.0,59.1,42.0,76.3,Train
SKU-005,Precision Barista Espresso Machine,Home & Kitchen,2024-09-23,66.0,62.1,44.9,79.3,Train
SKU-005,Precision Barista Espresso Machine,Home & Kitchen,2024-09-30,67.0,65.5,48.3,82.7,Train
SKU-005,Precision Barista Espresso Machine,Home & Kitchen,2024-10-07,45.0,69.1,51.9,86.3,Test
SKU-005,Precision Barista Espresso Machine,Home & Kitchen,2024-10-14,64.0,72.9,55.7,90.1,Test
SKU-005,Precision Barista Espresso Machine,Home & Kitchen,2024-10-21,63.0,76.7,59.5,93.9,Test
SKU-005,Precision Barista Espresso Machine,Home & Kitchen,2024-10-28,34.0,80.2,63.0,97.4,Test
SKU-005,Precision Barista Espresso Machine,Home & Kitchen,2024-11-04,78.0,83.4,66.2,100.6,Test
SKU-005,Precision Barista Espresso Machine,Home & Kitchen,2024-11-11,102.0,86.1,68.9,103.3,Test
SKU-005,Precision Barista Espresso Machine,Home & Kitchen,2024-11-18,118.0,88.1,70.9,105.3,Test
SKU-005,Precision Barista Espresso Machine,Home & Kitchen,2024-11-25,109.0,89.4,72.2,106.6,Test
SKU-005,Precision Barista Espresso Machine,Home & Kitchen,2024-12-02,97.0,89.9,72.7,107.1,Test
SKU-005,Precision Barista Espresso Machine,Home & Kitchen,2024-12-09,119.0,89.7,72.5,106.9,Test
SKU-005,Precision Barista Espresso Machine,Home & Kitchen,2024-12-16,110.0,88.7,71.5,105.9,Test
SKU-005,Precision Barista Espresso Machine,Home & Kitchen,2024-12-23,81.0,87.0,69.8,104.2,Test
SKU-005,Precision Barista Espresso Machine,Home & Kitchen,2024-12-30,,84.7,67.5,101.9,Forecast
SKU-005,Precision Barista Espresso Machine,Home & Kitchen,2025-01-06,,81.9,64.7,99.1,Forecast
SKU-005,Precision Barista Espresso Machine,Home & Kitchen,2025-01-13,,78.8,61.6,96.0,Forecast
SKU-005,Precision Barista Espresso Machine,Home & Kitchen,2025-01-20,,75.6,58.4,92.8,Forecast
SKU-005,Precision Barista Espresso Machine,Home & Kitchen,2025-01-27,,72.3,55.1,89.5,Forecast
SKU-005,Precision Barista Espresso Machine,Home & Kitchen,2025-02-03,,69.3,52.1,86.5,Forecast
SKU-005,Precision Barista Espresso Machine,Home & Kitchen,2025-02-10,,66.6,49.4,83.8,Forecast
SKU-005,Precision Barista Espresso Machine,Home & Kitchen,2025-02-17,,64.3,47.1,81.5,Forecast
SKU-005,Precision Barista Espresso Machine,Home & Kitchen,2025-02-24,,62.6,45.4,79.8,Forecast
SKU-005,Precision Barista Espresso Machine,Home & Kitchen,2025-03-03,,61.5,44.3,78.7,Forecast
SKU-005,Precision Barista Espresso Machine,Home & Kitchen,2025-03-10,,61.0,43.8,78.2,Forecast
SKU-005,Precision Barista Espresso Machine,Home & Kitchen,2025-03-17,,61.2,44.0,78.4,Forecast
SKU-005,Precision Barista Espresso Machine,Home & Kitchen,2025-03-24,,61.9,44.7,79.1,Forecast
SKU-010,Women's Down Insulated Winter Parka,Apparel & Footwear,2023-01-02,138.0,148.4,127.9,168.8,Train
SKU-010,Women's Down Insulated Winter Parka,Apparel & Footwear,2023-01-09,147.0,147.1,126.6,167.6,Train
SKU-010,Women's Down Insulated Winter Parka,Apparel & Footwear,2023-01-16,126.0,144.7,124.2,165.1,Train
SKU-010,Women's Down Insulated Winter Parka,Apparel & Footwear,2023-01-23,161.0,141.2,120.8,161.7,Train
SKU-010,Women's Down Insulated Winter Parka,Apparel & Footwear,2023-01-30,138.0,136.9,116.4,157.3,Train
SKU-010,Women's Down Insulated Winter Parka,Apparel & Footwear,2023-02-06,131.0,131.8,111.4,152.3,Train
SKU-010,Women's Down Insulated Winter Parka,Apparel & Footwear,2023-02-13,128.0,126.3,105.8,146.8,Train
SKU-010,Women's Down Insulated Winter Parka,Apparel & Footwear,2023-02-20,126.0,120.4,100.0,140.9,Train
SKU-010,Women's Down Insulated Winter Parka,Apparel & Footwear,2023-02-27,122.0,114.4,93.9,134.9,Train
SKU-010,Women's Down Insulated Winter Parka,Apparel & Footwear,2023-03-06,79.0,108.4,88.0,128.9,Train
SKU-010,Women's Down Insulated Winter Parka,Apparel & Footwear,2023-03-13,85.0,102.7,82.2,123.2,Train
SKU-010,Women's Down Insulated Winter Parka,Apparel & Footwear,2023-03-20,91.0,97.3,76.8,117.8,Train
SKU-010,Women's Down Insulated Winter Parka,Apparel & Footwear,2023-03-27,84.0,92.4,71.9,112.8,Train
SKU-010,Women's Down Insulated Winter Parka,Apparel & Footwear,2023-04-03,72.0,87.9,67.5,108.4,Train
SKU-010,Women's Down Insulated Winter Parka,Apparel & Footwear,2023-04-10,84.0,84.1,63.6,104.5,Train
SKU-010,Women's Down Insulated Winter Parka,Apparel & Footwear,2023-04-17,99.0,80.7,60.3,101.2,Train
SKU-010,Women's Down Insulated Winter Parka,Apparel & Footwear,2023-04-24,84.0,77.9,57.5,98.4,Train
SKU-010,Women's Down Insulated Winter Parka,Apparel & Footwear,2023-05-01,59.0,75.6,55.2,96.1,Train
SKU-010,Women's Down Insulated Winter Parka,Apparel & Footwear,2023-05-08,78.0,73.7,53.2,94.1,Train
SKU-010,Women's Down Insulated Winter Parka,Apparel & Footwear,2023-05-15,87.0,72.1,51.6,92.5,Train
SKU-010,Women's Down Insulated Winter Parka,Apparel & Footwear,2023-05-22,97.0,70.6,50.2,91.1,Train
SKU-010,Women's Down Insulated Winter Parka,Apparel & Footwear,2023-05-29,110.0,69.3,48.9,89.8,Train
SKU-010,Women's Down Insulated Winter Parka,Apparel & Footwear,2023-06-05,55.0,68.1,47.6,88.6,Train
SKU-010,Women's Down Insulated Winter Parka,Apparel & Footwear,2023-06-12,62.0,66.9,46.4,87.3,Train
SKU-010,Women's Down Insulated Winter Parka,Apparel & Footwear,2023-06-19,42.0,65.6,45.1,86.1,Train
SKU-010,Women's Down Insulated Winter Parka,Apparel & Footwear,2023-06-26,54.0,64.3,43.8,84.7,Train
SKU-010,Women's Down Insulated Winter Parka,Apparel & Footwear,2023-07-03,66.0,62.9,42.5,83.4,Train
SKU-010,Women's Down Insulated Winter Parka,Apparel & Footwear,2023-07-10,57.0,61.6,41.2,82.1,Train
SKU-010,Women's Down Insulated Winter Parka,Apparel & Footwear,2023-07-17,41.0,60.4,39.9,80.9,Train
SKU-010,Women's Down Insulated Winter Parka,Apparel & Footwear,2023-07-24,62.0,59.4,38.9,79.9,Train
SKU-010,Women's Down Insulated Winter Parka,Apparel & Footwear,2023-07-31,45.0,58.7,38.2,79.2,Train
SKU-010,Women's Down Insulated Winter Parka,Apparel & Footwear,2023-08-07,59.0,58.4,38.0,78.9,Train
SKU-010,Women's Down Insulated Winter Parka,Apparel & Footwear,2023-08-14,46.0,58.7,38.3,79.2,Train
SKU-010,Women's Down Insulated Winter Parka,Apparel & Footwear,2023-08-21,65.0,59.7,39.2,80.1,Train
SKU-010,Women's Down Insulated Winter Parka,Apparel & Footwear,2023-08-28,52.0,61.4,40.9,81.8,Train
SKU-010,Women's Down Insulated Winter Parka,Apparel & Footwear,2023-09-04,86.0,63.9,43.4,84.4,Train
SKU-010,Women's Down Insulated Winter Parka,Apparel & Footwear,2023-09-11,100.0,67.3,46.8,87.7,Train
SKU-010,Women's Down Insulated Winter Parka,Apparel & Footwear,2023-09-18,90.0,71.5,51.1,92.0,Train
SKU-010,Women's Down Insulated Winter Parka,Apparel & Footwear,2023-09-25,95.0,76.6,56.1,97.1,Train
SKU-010,Women's Down Insulated Winter Parka,Apparel & Footwear,2023-10-02,84.0,82.4,61.9,102.9,Train
SKU-010,Women's Down Insulated Winter Parka,Apparel & Footwear,2023-10-09,65.0,88.9,68.4,109.3,Train
SKU-010,Women's Down Insulated Winter Parka,Apparel & Footwear,2023-10-16,81.0,95.8,75.3,116.2,Train
SKU-010,Women's Down Insulated Winter Parka,Apparel & Footwear,2023-10-23,78.0,103.0,82.5,123.5,Train
SKU-010,Women's Down Insulated Winter Parka,Apparel & Footwear,2023-10-30,91.0,110.3,89.9,130.8,Train
SKU-010,Women's Down Insulated Winter Parka,Apparel & Footwear,2023-11-06,161.0,117.6,97.1,138.0,Train
SKU-010,Women's Down Insulated Winter Parka,Apparel & Footwear,2023-11-13,133.0,124.4,104.0,144.9,Train
SKU-010,Women's Down Insulated Winter Parka,Apparel & Footwear,2023-11-20,144.0,130.8,110.3,151.2,Train
SKU-010,Women's Down Insulated Winter Parka,Apparel & Footwear,2023-11-27,148.0,136.3,115.9,156.8,Train
SKU-010,Women's Down Insulated Winter Parka,Apparel & Footwear,2023-12-04,139.0,141.0,120.5,161.4,Train
SKU-010,Women's Down Insulated Winter Parka,Apparel & Footwear,2023-12-11,123.0,144.6,124.1,165.0,Train
SKU-010,Women's Down Insulated Winter Parka,Apparel & Footwear,2023-12-18,150.0,147.0,126.5,167.4,Train
SKU-010,Women's Down Insulated Winter Parka,Apparel & Footwear,2023-12-25,144.0,148.1,127.7,168.6,Train
SKU-010,Women's Down Insulated Winter Parka,Apparel & Footwear,2024-01-01,151.0,148.1,127.6,168.5,Train
SKU-010,Women's Down Insulated Winter Parka,Apparel & Footwear,2024-01-08,140.0,146.8,126.3,167.2,Train
SKU-010,Women's Down Insulated Winter Parka,Apparel & Footwear,2024-01-15,160.0,144.4,123.9,164.8,Train
SKU-010,Women's Down Insulated Winter Parka,Apparel & Footwear,2024-01-22,162.0,140.9,120.4,161.4,Train
SKU-010,Women's Down Insulated Winter Parka,Apparel & Footwear,2024-01-29,137.0,136.6,116.1,157.0,Train
SKU-010,Women's Down Insulated Winter Parka,Apparel & Footwear,2024-02-05,145.0,131.5,111.1,152.0,Train
SKU-010,Women's Down Insulated Winter Parka,Apparel & Footwear,2024-02-12,141.0,126.0,105.5,146.4,Train
SKU-010,Women's Down Insulated Winter Parka,Apparel & Footwear,2024-02-19,138.0,120.1,99.6,140.6,Train
SKU-010,Women's Down Insulated Winter Parka,Apparel & Footwear,2024-02-26,115.0,114.1,93.6,134.6,Train
SKU-010,Women's Down Insulated Winter Parka,Apparel & Footwear,2024-03-04,99.0,108.1,87.7,128.6,Train
SKU-010,Women's Down Insulated Winter Parka,Apparel & Footwear,2024-03-11,96.0,102.4,81.9,122.9,Train
SKU-010,Women's Down Insulated Winter Parka,Apparel & Footwear,2024-03-18,70.0,97.0,76.5,117.5,Train
SKU-010,Women's Down Insulated Winter Parka,Apparel & Footwear,2024-03-25,93.0,92.1,71.6,112.5,Train
SKU-010,Women's Down Insulated Winter Parka,Apparel & Footwear,2024-04-01,74.0,87.6,67.2,108.1,Train
SKU-010,Women's Down Insulated Winter Parka,Apparel & Footwear,2024-04-08,69.0,83.8,63.3,104.2,Train
SKU-010,Women's Down Insulated Winter Parka,Apparel & Footwear,2024-04-15,109.0,80.4,60.0,100.9,Train
SKU-010,Women's Down Insulated Winter Parka,Apparel & Footwear,2024-04-22,77.0,77.6,57.2,98.1,Train
SKU-010,Women's Down Insulated Winter Parka,Apparel & Footwear,2024-04-29,81.0,75.3,54.8,95.8,Train
SKU-010,Women's Down Insulated Winter Parka,Apparel & Footwear,2024-05-06,92.0,73.4,52.9,93.8,Train
SKU-010,Women's Down Insulated Winter Parka,Apparel & Footwear,2024-05-13,68.0,71.7,51.3,92.2,Train
SKU-010,Women's Down Insulated Winter Parka,Apparel & Footwear,2024-05-20,86.0,70.3,49.9,90.8,Train
SKU-010,Women's Down Insulated Winter Parka,Apparel & Footwear,2024-05-27,80.0,69.0,48.6,89.5,Train
SKU-010,Women's Down Insulated Winter Parka,Apparel & Footwear,2024-06-03,51.0,67.8,47.3,88.3,Train
SKU-010,Women's Down Insulated Winter Parka,Apparel & Footwear,2024-06-10,50.0,66.6,46.1,87.0,Train
SKU-010,Women's Down Insulated Winter Parka,Apparel & Footwear,2024-06-17,75.0,65.3,44.8,85.7,Train
SKU-010,Women's Down Insulated Winter Parka,Apparel & Footwear,2024-06-24,51.0,64.0,43.5,84.4,Train
SKU-010,Women's Down Insulated Winter Parka,Apparel & Footwear,2024-07-01,52.0,62.6,42.2,83.1,Train
SKU-010,Women's Down Insulated Winter Parka,Apparel & Footwear,2024-07-08,60.0,61.3,40.8,81.8,Train
SKU-010,Women's Down Insulated Winter Parka,Apparel & Footwear,2024-07-15,58.0,60.1,39.6,80.6,Train
SKU-010,Women's Down Insulated Winter Parka,Apparel & Footwear,2024-07-22,56.0,59.1,38.6,79.6,Train
SKU-010,Women's Down Insulated Winter Parka,Apparel & Footwear,2024-07-29,68.0,58.4,37.9,78.9,Train
SKU-010,Women's Down Insulated Winter Parka,Apparel & Footwear,2024-08-05,64.0,58.1,37.7,78.6,Train
SKU-010,Women's Down Insulated Winter Parka,Apparel & Footwear,2024-08-12,56.0,58.4,38.0,78.9,Train
SKU-010,Women's Down Insulated Winter Parka,Apparel & Footwear,2024-08-19,69.0,59.4,38.9,79.8,Train
SKU-010,Women's Down Insulated Winter Parka,Apparel & Footwear,2024-08-26,50.0,61.1,40.6,81.5,Train
SKU-010,Women's Down Insulated Winter Parka,Apparel & Footwear,2024-09-02,87.0,63.6,43.1,84.0,Train
SKU-010,Women's Down Insulated Winter Parka,Apparel & Footwear,2024-09-09,67.0,67.0,46.5,87.4,Train
SKU-010,Women's Down Insulated Winter Parka,Apparel & Footwear,2024-09-16,86.0,71.2,50.7,91.7,Train
SKU-010,Women's Down Insulated Winter Parka,Apparel & Footwear,2024-09-23,84.0,76.3,55.8,96.7,Train
SKU-010,Women's Down Insulated Winter Parka,Apparel & Footwear,2024-09-30,68.0,82.1,61.6,102.6,Train
SKU-010,Women's Down Insulated Winter Parka,Apparel & Footwear,2024-10-07,72.0,88.5,68.1,109.0,Test
SKU-010,Women's Down Insulated Winter Parka,Apparel & Footwear,2024-10-14,89.0,95.5,75.0,115.9,Test
SKU-010,Women's Down Insulated Winter Parka,Apparel & Footwear,2024-10-21,65.0,102.7,82.2,123.2,Test
SKU-010,Women's Down Insulated Winter Parka,Apparel & Footwear,2024-10-28,81.0,110.0,89.6,130.5,Test
SKU-010,Women's Down Insulated Winter Parka,Apparel & Footwear,2024-11-04,141.0,117.2,96.8,137.7,Test
SKU-010,Women's Down Insulated Winter Parka,Apparel & Footwear,2024-11-11,148.0,124.1,103.7,144.6,Test
SKU-010,Women's Down Insulated Winter Parka,Apparel & Footwear,2024-11-18,140.0,130.4,110.0,150.9,Test
SKU-010,Women's Down Insulated Winter Parka,Apparel & Footwear,2024-11-25,113.0,136.0,115.6,156.5,Test
SKU-010,Women's Down Insulated Winter Parka,Apparel & Footwear,2024-12-02,161.0,140.7,120.2,161.1,Test
SKU-010,Women's Down Insulated Winter Parka,Apparel & Footwear,2024-12-09,116.0,144.2,123.8,164.7,Test
SKU-010,Women's Down Insulated Winter Parka,Apparel & Footwear,2024-12-16,140.0,146.7,126.2,167.1,Test
SKU-010,Women's Down Insulated Winter Parka,Apparel & Footwear,2024-12-23,158.0,147.8,127.4,168.3,Test
SKU-010,Women's Down Insulated Winter Parka,Apparel & Footwear,2024-12-30,,147.8,127.3,168.2,Forecast
SKU-010,Women's Down Insulated Winter Parka,Apparel & Footwear,2025-01-06,,146.5,126.0,166.9,Forecast
SKU-010,Women's Down Insulated Winter Parka,Apparel & Footwear,2025-01-13,,144.0,123.6,164.5,Forecast
SKU-010,Women's Down Insulated Winter Parka,Apparel & Footwear,2025-01-20,,140.6,120.1,161.1,Forecast
SKU-010,Women's Down Insulated Winter Parka,Apparel & Footwear,2025-01-27,,136.3,115.8,156.7,Forecast
SKU-010,Women's Down Insulated Winter Parka,Apparel & Footwear,2025-02-03,,131.2,110.8,151.7,Forecast
SKU-010,Women's Down Insulated Winter Parka,Apparel & Footwear,2025-02-10,,125.7,105.2,146.1,Forecast
SKU-010,Women's Down Insulated Winter Parka,Apparel & Footwear,2025-02-17,,119.8,99.3,140.3,Forecast
SKU-010,Women's Down Insulated Winter Parka,Apparel & Footwear,2025-02-24,,113.8,93.3,134.2,Forecast
SKU-010,Women's Down Insulated Winter Parka,Apparel & Footwear,2025-03-03,,107.8,87.4,128.3,Forecast
SKU-010,Women's Down Insulated Winter Parka,Apparel & Footwear,2025-03-10,,102.1,81.6,122.5,Forecast
SKU-010,Women's Down Insulated Winter Parka,Apparel & Footwear,2025-03-17,,96.7,76.2,117.1,Forecast
SKU-010,Women's Down Insulated Winter Parka,Apparel & Footwear,2025-03-24,,91.7,71.3,112.2,Forecast
SKU-007,Ultra Lightweight 4-Season Backpacking Tent,Outdoor & Sports,2023-01-02,58.0,67.3,50.1,84.6,Train
SKU-007,Ultra Lightweight 4-Season Backpacking Tent,Outdoor & Sports,2023-01-09,51.0,66.8,49.6,84.1,Train
SKU-007,Ultra Lightweight 4-Season Backpacking Tent,Outdoor & Sports,2023-01-16,66.0,65.8,48.6,83.1,Train
SKU-007,Ultra Lightweight 4-Season Backpacking Tent,Outdoor & Sports,2023-01-23,66.0,64.4,47.1,81.6,Train
SKU-007,Ultra Lightweight 4-Season Backpacking Tent,Outdoor & Sports,2023-01-30,56.0,62.7,45.4,79.9,Train
SKU-007,Ultra Lightweight 4-Season Backpacking Tent,Outdoor & Sports,2023-02-06,49.0,60.9,43.6,78.1,Train
SKU-007,Ultra Lightweight 4-Season Backpacking Tent,Outdoor & Sports,2023-02-13,59.0,59.1,41.9,76.4,Train
SKU-007,Ultra Lightweight 4-Season Backpacking Tent,Outdoor & Sports,2023-02-20,57.0,57.7,40.5,75.0,Train
SKU-007,Ultra Lightweight 4-Season Backpacking Tent,Outdoor & Sports,2023-02-27,58.0,56.8,39.6,74.1,Train
SKU-007,Ultra Lightweight 4-Season Backpacking Tent,Outdoor & Sports,2023-03-06,68.0,56.6,39.4,73.9,Train
SKU-007,Ultra Lightweight 4-Season Backpacking Tent,Outdoor & Sports,2023-03-13,74.0,57.3,40.0,74.5,Train
SKU-007,Ultra Lightweight 4-Season Backpacking Tent,Outdoor & Sports,2023-03-20,50.0,58.9,41.7,76.2,Train
SKU-007,Ultra Lightweight 4-Season Backpacking Tent,Outdoor & Sports,2023-03-27,65.0,61.6,44.3,78.8,Train
SKU-007,Ultra Lightweight 4-Season Backpacking Tent,Outdoor & Sports,2023-04-03,70.0,65.2,48.0,82.5,Train
SKU-007,Ultra Lightweight 4-Season Backpacking Tent,Outdoor & Sports,2023-04-10,53.0,69.9,52.7,87.1,Train
SKU-007,Ultra Lightweight 4-Season Backpacking Tent,Outdoor & Sports,2023-04-17,65.0,75.4,58.2,92.7,Train
SKU-007,Ultra Lightweight 4-Season Backpacking Tent,Outdoor & Sports,2023-04-24,57.0,81.6,64.4,98.9,Train
SKU-007,Ultra Lightweight 4-Season Backpacking Tent,Outdoor & Sports,2023-05-01,126.0,88.3,71.1,105.6,Train
SKU-007,Ultra Lightweight 4-Season Backpacking Tent,Outdoor & Sports,2023-05-08,109.0,95.3,78.0,112.5,Train
SKU-007,Ultra Lightweight 4-Season Backpacking Tent,Outdoor & Sports,2023-05-15,100.0,102.1,84.9,119.4,Train
SKU-007,Ultra Lightweight 4-Season Backpacking Tent,Outdoor & Sports,2023-05-22,105.0,108.7,91.4,125.9,Train
SKU-007,Ultra Lightweight 4-Season Backpacking Tent,Outdoor & Sports,2023-05-29,126.0,114.6,97.4,131.9,Train
SKU-007,Ultra Lightweight 4-Season Backpacking Tent,Outdoor & Sports,2023-06-05,126.0,119.7,102.4,136.9,Train
SKU-007,Ultra Lightweight 4-Season Backpacking Tent,Outdoor & Sports,2023-06-12,115.0,123.7,106.4,140.9,Train
SKU-007,Ultra Lightweight 4-Season Backpacking Tent,Outdoor & Sports,2023-06-19,125.0,126.3,109.1,143.6,Train
SKU-007,Ultra Lightweight 4-Season Backpacking Tent,Outdoor & Sports,2023-06-26,133.0,127.6,110.4,144.9,Train
SKU-007,Ultra Lightweight 4-Season Backpacking Tent,Outdoor & Sports,2023-07-03,115.0,127.5,110.2,144.7,Train
SKU-007,Ultra Lightweight 4-Season Backpacking Tent,Outdoor & Sports,2023-07-10,136.0,125.8,108.6,143.1,Train
SKU-007,Ultra Lightweight 4-Season Backpacking Tent,Outdoor & Sports,2023-07-17,132.0,122.8,105.5,140.0,Train
SKU-007,Ultra Lightweight 4-Season Backpacking Tent,Outdoor & Sports,2023-07-24,119.0,118.5,101.2,135.7,Train
SKU-007,Ultra Lightweight 4-Season Backpacking Tent,Outdoor & Sports,2023-07-31,101.0,113.1,95.9,130.4,Train
SKU-007,Ultra Lightweight 4-Season Backpacking Tent,Outdoor & Sports,2023-08-07,111.0,106.9,89.7,124.2,Train
SKU-007,Ultra Lightweight 4-Season Backpacking Tent,Outdoor & Sports,2023-08-14,120.0,100.1,82.9,117.4,Train
SKU-007,Ultra Lightweight 4-Season Backpacking Tent,Outdoor & Sports,2023-08-21,123.0,93.0,75.8,110.3,Train
SKU-007,Ultra Lightweight 4-Season Backpacking Tent,Outdoor & Sports,2023-08-28,127.0,85.9,68.7,103.2,Train
SKU-007,Ultra Lightweight 4-Season Backpacking Tent,Outdoor & Sports,2023-09-04,64.0,79.1,61.9,96.4,Train
SKU-007,Ultra Lightweight 4-Season Backpacking Tent,Outdoor & Sports,2023-09-11,61.0,72.8,55.6,90.1,Train
SKU-007,Ultra Lightweight 4-Season Backpacking Tent,Outdoor & Sports,2023-09-18,49.0,67.3,50.0,84.5,Train
SKU-007,Ultra Lightweight 4-Season Backpacking Tent,Outdoor & Sports,2023-09-25,58.0,62.6,45.3,79.8,Train
SKU-007,Ultra Lightweight 4-Season Backpacking Tent,Outdoor & Sports,2023-10-02,60.0,58.9,41.7,76.2,Train
SKU-007,Ultra Lightweight 4-Season Backpacking Tent,Outdoor & Sports,2023-10-09,54.0,56.3,39.1,73.6,Train
SKU-007,Ultra Lightweight 4-Season Backpacking Tent,Outdoor & Sports,2023-10-16,59.0,54.8,37.6,72.1,Train
SKU-007,Ultra Lightweight 4-Season Backpacking Tent,Outdoor & Sports,2023-10-23,48.0,54.3,37.0,71.5,Train
SKU-007,Ultra Lightweight 4-Season Backpacking Tent,Outdoor & Sports,2023-10-30,64.0,54.6,37.4,71.9,Train
SKU-007,Ultra Lightweight 4-Season Backpacking Tent,Outdoor & Sports,2023-11-06,55.0,55.7,38.4,72.9,Train
SKU-007,Ultra Lightweight 4-Season Backpacking Tent,Outdoor & Sports,2023-11-13,53.0,57.2,40.0,74.5,Train
SKU-007,Ultra Lightweight 4-Season Backpacking Tent,Outdoor & Sports,2023-11-20,48.0,59.1,41.9,76.4,Train
SKU-007,Ultra Lightweight 4-Season Backpacking Tent,Outdoor & Sports,2023-11-27,74.0,61.1,43.9,78.4,Train
SKU-007,Ultra Lightweight 4-Season Backpacking Tent,Outdoor & Sports,2023-12-04,53.0,63.0,45.8,80.3,Train
SKU-007,Ultra Lightweight 4-Season Backpacking Tent,Outdoor & Sports,2023-12-11,63.0,64.7,47.4,81.9,Train
SKU-007,Ultra Lightweight 4-Season Backpacking Tent,Outdoor & Sports,2023-12-18,62.0,65.9,48.6,83.1,Train
SKU-007,Ultra Lightweight 4-Season Backpacking Tent,Outdoor & Sports,2023-12-25,61.0,66.5,49.3,83.8,Train
SKU-007,Ultra Lightweight 4-Season Backpacking Tent,Outdoor & Sports,2024-01-01,48.0,66.6,49.4,83.9,Train
SKU-007,Ultra Lightweight 4-Season Backpacking Tent,Outdoor & Sports,2024-01-08,71.0,66.2,48.9,83.4,Train
SKU-007,Ultra Lightweight 4-Season Backpacking Tent,Outdoor & Sports,2024-01-15,71.0,65.2,47.9,82.4,Train
SKU-007,Ultra Lightweight 4-Season Backpacking Tent,Outdoor & Sports,2024-01-22,63.0,63.7,46.5,81.0,Train
SKU-007,Ultra Lightweight 4-Season Backpacking Tent,Outdoor & Sports,2024-01-29,75.0,62.0,44.8,79.3,Train
SKU-007,Ultra Lightweight 4-Season Backpacking Tent,Outdoor & Sports,2024-02-05,56.0,60.2,43.0,77.4,Train
SKU-007,Ultra Lightweight 4-Season Backpacking Tent,Outdoor & Sports,2024-02-12,66.0,58.5,41.2,75.7,Train
SKU-007,Ultra Lightweight 4-Season Backpacking Tent,Outdoor & Sports,2024-02-19,63.0,57.1,39.8,74.3,Train
SKU-007,Ultra Lightweight 4-Season Backpacking Tent,Outdoor & Sports,2024-02-26,68.0,56.2,38.9,73.4,Train
SKU-007,Ultra Lightweight 4-Season Backpacking Tent,Outdoor & Sports,2024-03-04,65.0,56.0,38.7,73.2,Train
SKU-007,Ultra Lightweight 4-Season Backpacking Tent,Outdoor & Sports,2024-03-11,52.0,56.6,39.4,73.9,Train
SKU-007,Ultra Lightweight 4-Season Backpacking Tent,Outdoor & Sports,2024-03-18,63.0,58.2,41.0,75.5,Train
SKU-007,Ultra Lightweight 4-Season Backpacking Tent,Outdoor & Sports,2024-03-25,74.0,60.9,43.6,78.1,Train
SKU-007,Ultra Lightweight 4-Season Backpacking Tent,Outdoor & Sports,2024-04-01,51.0,64.6,47.3,81.8,Train
SKU-007,Ultra Lightweight 4-Season Backpacking Tent,Outdoor & Sports,2024-04-08,60.0,69.2,52.0,86.5,Train
SKU-007,Ultra Lightweight 4-Season Backpacking Tent,Outdoor & Sports,2024-04-15,61.0,74.8,57.5,92.0,Train
SKU-007,Ultra Lightweight 4-Season Backpacking Tent,Outdoor & Sports,2024-04-22,78.0,81.0,63.7,98.2,Train
SKU-007,Ultra Lightweight 4-Season Backpacking Tent,Outdoor & Sports,2024-04-29,55.0,87.7,70.4,104.9,Train
SKU-007,Ultra Lightweight 4-Season Backpacking Tent,Outdoor & Sports,2024-05-06,104.0,94.6,77.3,111.8,Train
SKU-007,Ultra Lightweight 4-Season Backpacking Tent,Outdoor & Sports,2024-05-13,110.0,101.5,84.2,118.7,Train
SKU-007,Ultra Lightweight 4-Season Backpacking Tent,Outdoor & Sports,2024-05-20,114.0,108.0,90.8,125.3,Train
SKU-007,Ultra Lightweight 4-Season Backpacking Tent,Outdoor & Sports,2024-05-27,123.0,114.0,96.7,131.2,Train
SKU-007,Ultra Lightweight 4-Season Backpacking Tent,Outdoor & Sports,2024-06-03,104.0,119.0,101.8,136.3,Train
SKU-007,Ultra Lightweight 4-Season Backpacking Tent,Outdoor & Sports,2024-06-10,131.0,123.0,105.7,140.2,Train
SKU-007,Ultra Lightweight 4-Season Backpacking Tent,Outdoor & Sports,2024-06-17,126.0,125.7,108.4,142.9,Train
SKU-007,Ultra Lightweight 4-Season Backpacking Tent,Outdoor & Sports,2024-06-24,154.0,127.0,109.7,144.2,Train
SKU-007,Ultra Lightweight 4-Season Backpacking Tent,Outdoor & Sports,2024-07-01,120.0,126.8,109.5,144.0,Train
SKU-007,Ultra Lightweight 4-Season Backpacking Tent,Outdoor & Sports,2024-07-08,83.0,125.1,107.9,142.4,Train
SKU-007,Ultra Lightweight 4-Season Backpacking Tent,Outdoor & Sports,2024-07-15,118.0,122.1,104.9,139.4,Train
SKU-007,Ultra Lightweight 4-Season Backpacking Tent,Outdoor & Sports,2024-07-22,125.0,117.8,100.6,135.1,Train
SKU-007,Ultra Lightweight 4-Season Backpacking Tent,Outdoor & Sports,2024-07-29,100.0,112.5,95.2,129.7,Train
SKU-007,Ultra Lightweight 4-Season Backpacking Tent,Outdoor & Sports,2024-08-05,81.0,106.2,89.0,123.5,Train
SKU-007,Ultra Lightweight 4-Season Backpacking Tent,Outdoor & Sports,2024-08-12,116.0,99.5,82.2,116.7,Train
SKU-007,Ultra Lightweight 4-Season Backpacking Tent,Outdoor & Sports,2024-08-19,114.0,92.4,75.1,109.6,Train
SKU-007,Ultra Lightweight 4-Season Backpacking Tent,Outdoor & Sports,2024-08-26,87.0,85.3,68.0,102.5,Train
SKU-007,Ultra Lightweight 4-Season Backpacking Tent,Outdoor & Sports,2024-09-02,47.0,78.5,61.2,95.7,Train
SKU-007,Ultra Lightweight 4-Season Backpacking Tent,Outdoor & Sports,2024-09-09,62.0,72.2,54.9,89.4,Train
SKU-007,Ultra Lightweight 4-Season Backpacking Tent,Outdoor & Sports,2024-09-16,53.0,66.6,49.3,83.8,Train
SKU-007,Ultra Lightweight 4-Season Backpacking Tent,Outdoor & Sports,2024-09-23,48.0,61.9,44.7,79.2,Train
SKU-007,Ultra Lightweight 4-Season Backpacking Tent,Outdoor & Sports,2024-09-30,61.0,58.3,41.0,75.5,Train
SKU-007,Ultra Lightweight 4-Season Backpacking Tent,Outdoor & Sports,2024-10-07,58.0,55.7,38.4,72.9,Test
SKU-007,Ultra Lightweight 4-Season Backpacking Tent,Outdoor & Sports,2024-10-14,53.0,54.1,36.9,71.4,Test
SKU-007,Ultra Lightweight 4-Season Backpacking Tent,Outdoor & Sports,2024-10-21,79.0,53.6,36.4,70.9,Test
SKU-007,Ultra Lightweight 4-Season Backpacking Tent,Outdoor & Sports,2024-10-28,60.0,53.9,36.7,71.2,Test
SKU-007,Ultra Lightweight 4-Season Backpacking Tent,Outdoor & Sports,2024-11-04,71.0,55.0,37.7,72.2,Test
SKU-007,Ultra Lightweight 4-Season Backpacking Tent,Outdoor & Sports,2024-11-11,50.0,56.6,39.3,73.8,Test
SKU-007,Ultra Lightweight 4-Season Backpacking Tent,Outdoor & Sports,2024-11-18,62.0,58.5,41.2,75.7,Test
SKU-007,Ultra Lightweight 4-Season Backpacking Tent,Outdoor & Sports,2024-11-25,70.0,60.5,43.2,77.7,Test
SKU-007,Ultra Lightweight 4-Season Backpacking Tent,Outdoor & Sports,2024-12-02,73.0,62.4,45.1,79.6,Test
SKU-007,Ultra Lightweight 4-Season Backpacking Tent,Outdoor & Sports,2024-12-09,66.0,64.0,46.7,81.2,Test
SKU-007,Ultra Lightweight 4-Season Backpacking Tent,Outdoor & Sports,2024-12-16,60.0,65.2,48.0,82.4,Test
SKU-007,Ultra Lightweight 4-Season Backpacking Tent,Outdoor & Sports,2024-12-23,70.0,65.9,48.6,83.1,Test
SKU-007,Ultra Lightweight 4-Season Backpacking Tent,Outdoor & Sports,2024-12-30,,66.0,48.7,83.2,Forecast
SKU-007,Ultra Lightweight 4-Season Backpacking Tent,Outdoor & Sports,2025-01-06,,65.5,48.3,82.8,Forecast
SKU-007,Ultra Lightweight 4-Season Backpacking Tent,Outdoor & Sports,2025-01-13,,64.5,47.2,81.7,Forecast
SKU-007,Ultra Lightweight 4-Season Backpacking Tent,Outdoor & Sports,2025-01-20,,63.1,45.8,80.3,Forecast
SKU-007,Ultra Lightweight 4-Season Backpacking Tent,Outdoor & Sports,2025-01-27,,61.4,44.1,78.6,Forecast
SKU-007,Ultra Lightweight 4-Season Backpacking Tent,Outdoor & Sports,2025-02-03,,59.5,42.3,76.8,Forecast
SKU-007,Ultra Lightweight 4-Season Backpacking Tent,Outdoor & Sports,2025-02-10,,57.8,40.6,75.1,Forecast
SKU-007,Ultra Lightweight 4-Season Backpacking Tent,Outdoor & Sports,2025-02-17,,56.4,39.2,73.7,Forecast
SKU-007,Ultra Lightweight 4-Season Backpacking Tent,Outdoor & Sports,2025-02-24,,55.5,38.3,72.8,Forecast
SKU-007,Ultra Lightweight 4-Season Backpacking Tent,Outdoor & Sports,2025-03-03,,55.3,38.1,72.6,Forecast
SKU-007,Ultra Lightweight 4-Season Backpacking Tent,Outdoor & Sports,2025-03-10,,56.0,38.7,73.2,Forecast
SKU-007,Ultra Lightweight 4-Season Backpacking Tent,Outdoor & Sports,2025-03-17,,57.6,40.3,74.8,Forecast
SKU-007,Ultra Lightweight 4-Season Backpacking Tent,Outdoor & Sports,2025-03-24,,60.2,43.0,77.5,Forecast
SKU-009,Men's Waterproof Trail Running Shoe,Apparel & Footwear,2023-01-02,109.0,98.0,75.6,120.3,Train
SKU-009,Men's Waterproof Trail Running Shoe,Apparel & Footwear,2023-01-09,106.0,101.1,78.8,123.5,Train
SKU-009,Men's Waterproof Trail Running Shoe,Apparel & Footwear,2023-01-16,104.0,104.8,82.5,127.2,Train
SKU-009,Men's Waterproof Trail Running Shoe,Apparel & Footwear,2023-01-23,97.0,109.0,86.6,131.3,Train
SKU-009,Men's Waterproof Trail Running Shoe,Apparel & Footwear,2023-01-30,114.0,113.4,91.1,135.8,Train
SKU-009,Men's Waterproof Trail Running Shoe,Apparel & Footwear,2023-02-06,108.0,118.2,95.8,140.5,Train
SKU-009,Men's Waterproof Trail Running Shoe,Apparel & Footwear,2023-02-13,102.0,123.1,100.7,145.4,Train
SKU-009,Men's Waterproof Trail Running Shoe,Apparel & Footwear,2023-02-20,127.0,128.1,105.7,150.4,Train
SKU-009,Men's Waterproof Trail Running Shoe,Apparel & Footwear,2023-02-27,103.0,133.0,110.7,155.4,Train
SKU-009,Men's Waterproof Trail Running Shoe,Apparel & Footwear,2023-03-06,140.0,137.9,115.5,160.2,Train
SKU-009,Men's Waterproof Trail Running Shoe,Apparel & Footwear,2023-03-13,164.0,142.6,120.2,164.9,Train
SKU-009,Men's Waterproof Trail Running Shoe,Apparel & Footwear,2023-03-20,181.0,147.0,124.6,169.3,Train
SKU-009,Men's Waterproof Trail Running Shoe,Apparel & Footwear,2023-03-27,126.0,151.1,128.7,173.4,Train
SKU-009,Men's Waterproof Trail Running Shoe,Apparel & Footwear,2023-04-03,163.0,154.8,132.4,177.1,Train
SKU-009,Men's Waterproof Trail Running Shoe,Apparel & Footwear,2023-04-10,179.0,158.1,135.7,180.4,Train
SKU-009,Men's Waterproof Trail Running Shoe,Apparel & Footwear,2023-04-17,166.0,160.9,138.6,183.3,Train
SKU-009,Men's Waterproof Trail Running Shoe,Apparel & Footwear,2023-04-24,170.0,163.4,141.0,185.7,Train
SKU-009,Men's Waterproof Trail Running Shoe,Apparel & Footwear,2023-05-01,141.0,165.3,143.0,187.6,Train
SKU-009,Men's Waterproof Trail Running Shoe,Apparel & Footwear,2023-05-08,157.0,166.8,144.4,189.1,Train
SKU-009,Men's Waterproof Trail Running Shoe,Apparel & Footwear,2023-05-15,162.0,167.8,145.5,190.2,Train
SKU-009,Men's Waterproof Trail Running Shoe,Apparel & Footwear,2023-05-22,190.0,168.4,146.1,190.8,Train
SKU-009,Men's Waterproof Trail Running Shoe,Apparel & Footwear,2023-05-29,175.0,168.6,146.3,191.0,Train
SKU-009,Men's Waterproof Trail Running Shoe,Apparel & Footwear,2023-06-05,173.0,168.4,146.0,190.7,Train
SKU-009,Men's Waterproof Trail Running Shoe,Apparel & Footwear,2023-06-12,167.0,167.8,145.4,190.1,Train
SKU-009,Men's Waterproof Trail Running Shoe,Apparel & Footwear,2023-06-19,156.0,166.8,144.5,189.2,Train
SKU-009,Men's Waterproof Trail Running Shoe,Apparel & Footwear,2023-06-26,142.0,165.5,143.2,187.9,Train
SKU-009,Men's Waterproof Trail Running Shoe,Apparel & Footwear,2023-07-03,141.0,163.9,141.5,186.2,Train
SKU-009,Men's Waterproof Trail Running Shoe,Apparel & Footwear,2023-07-10,184.0,161.9,139.6,184.3,Train
SKU-009,Men's Waterproof Trail Running Shoe,Apparel & Footwear,2023-07-17,144.0,159.7,137.4,182.0,Train
SKU-009,Men's Waterproof Trail Running Shoe,Apparel & Footwear,2023-07-24,184.0,157.2,134.8,179.5,Train
SKU-009,Men's Waterproof Trail Running Shoe,Apparel & Footwear,2023-07-31,166.0,154.4,132.0,176.7,Train
SKU-009,Men's Waterproof Trail Running Shoe,Apparel & Footwear,2023-08-07,164.0,151.3,129.0,173.7,Train
SKU-009,Men's Waterproof Trail Running Shoe,Apparel & Footwear,2023-08-14,158.0,148.0,125.7,170.4,Train
SKU-009,Men's Waterproof Trail Running Shoe,Apparel & Footwear,2023-08-21,182.0,144.5,122.2,166.9,Train
SKU-009,Men's Waterproof Trail Running Shoe,Apparel & Footwear,2023-08-28,156.0,140.9,118.5,163.2,Train
SKU-009,Men's Waterproof Trail Running Shoe,Apparel & Footwear,2023-09-04,105.0,137.0,114.7,159.4,Train
SKU-009,Men's Waterproof Trail Running Shoe,Apparel & Footwear,2023-09-11,110.0,133.1,110.8,155.5,Train
SKU-009,Men's Waterproof Trail Running Shoe,Apparel & Footwear,2023-09-18,111.0,129.2,106.8,151.5,Train
SKU-009,Men's Waterproof Trail Running Shoe,Apparel & Footwear,2023-09-25,131.0,125.2,102.9,147.6,Train
SKU-009,Men's Waterproof Trail Running Shoe,Apparel & Footwear,2023-10-02,109.0,121.4,99.0,143.7,Train
SKU-009,Men's Waterproof Trail Running Shoe,Apparel & Footwear,2023-10-09,104.0,117.6,95.3,140.0,Train
SKU-009,Men's Waterproof Trail Running Shoe,Apparel & Footwear,2023-10-16,98.0,114.2,91.8,136.5,Train
SKU-009,Men's Waterproof Trail Running Shoe,Apparel & Footwear,2023-10-23,120.0,111.0,88.7,133.3,Train
SKU-009,Men's Waterproof Trail Running Shoe,Apparel & Footwear,2023-10-30,90.0,108.2,85.9,130.5,Train
SKU-009,Men's Waterproof Trail Running Shoe,Apparel & Footwear,2023-11-06,130.0,105.9,83.5,128.2,Train
SKU-009,Men's Waterproof Trail Running Shoe,Apparel & Footwear,2023-11-13,122.0,104.0,81.7,126.4,Train
SKU-009,Men's Waterproof Trail Running Shoe,Apparel & Footwear,2023-11-20,98.0,102.8,80.4,125.1,Train
SKU-009,Men's Waterproof Trail Running Shoe,Apparel & Footwear,2023-11-27,123.0,102.1,79.8,124.5,Train
SKU-009,Men's Waterproof Trail Running Shoe,Apparel & Footwear,2023-12-04,131.0,102.2,79.8,124.5,Train
SKU-009,Men's Waterproof Trail Running Shoe,Apparel & Footwear,2023-12-11,105.0,102.8,80.5,125.2,Train
SKU-009,Men's Waterproof Trail Running Shoe,Apparel & Footwear,2023-12-18,106.0,104.2,81.8,126.5,Train
SKU-009,Men's Waterproof Trail Running Shoe,Apparel & Footwear,2023-12-25,112.0,106.2,83.8,128.5,Train
SKU-009,Men's Waterproof Trail Running Shoe,Apparel & Footwear,2024-01-01,109.0,108.8,86.4,131.1,Train
SKU-009,Men's Waterproof Trail Running Shoe,Apparel & Footwear,2024-01-08,116.0,112.0,89.6,134.3,Train
SKU-009,Men's Waterproof Trail Running Shoe,Apparel & Footwear,2024-01-15,101.0,115.6,93.3,138.0,Train
SKU-009,Men's Waterproof Trail Running Shoe,Apparel & Footwear,2024-01-22,128.0,119.8,97.4,142.1,Train
SKU-009,Men's Waterproof Trail Running Shoe,Apparel & Footwear,2024-01-29,99.0,124.2,101.9,146.6,Train
SKU-009,Men's Waterproof Trail Running Shoe,Apparel & Footwear,2024-02-05,121.0,129.0,106.6,151.3,Train
SKU-009,Men's Waterproof Trail Running Shoe,Apparel & Footwear,2024-02-12,119.0,133.9,111.6,156.2,Train
SKU-009,Men's Waterproof Trail Running Shoe,Apparel & Footwear,2024-02-19,106.0,138.9,116.5,161.2,Train
SKU-009,Men's Waterproof Trail Running Shoe,Apparel & Footwear,2024-02-26,132.0,143.8,121.5,166.2,Train
SKU-009,Men's Waterproof Trail Running Shoe,Apparel & Footwear,2024-03-04,159.0,148.7,126.4,171.1,Train
SKU-009,Men's Waterproof Trail Running Shoe,Apparel & Footwear,2024-03-11,158.0,153.4,131.0,175.7,Train
SKU-009,Men's Waterproof Trail Running Shoe,Apparel & Footwear,2024-03-18,167.0,157.8,135.4,180.1,Train
SKU-009,Men's Waterproof Trail Running Shoe,Apparel & Footwear,2024-03-25,194.0,161.9,139.5,184.2,Train
SKU-009,Men's Waterproof Trail Running Shoe,Apparel & Footwear,2024-04-01,189.0,165.6,143.3,187.9,Train
SKU-009,Men's Waterproof Trail Running Shoe,Apparel & Footwear,2024-04-08,164.0,168.9,146.6,191.2,Train
SKU-009,Men's Waterproof Trail Running Shoe,Apparel & Footwear,2024-04-15,193.0,171.8,149.4,194.1,Train
SKU-009,Men's Waterproof Trail Running Shoe,Apparel & Footwear,2024-04-22,179.0,174.2,151.8,196.5,Train
SKU-009,Men's Waterproof Trail Running Shoe,Apparel & Footwear,2024-04-29,188.0,176.1,153.8,198.5,Train
SKU-009,Men's Waterproof Trail Running Shoe,Apparel & Footwear,2024-05-06,172.0,177.6,155.3,200.0,Train
SKU-009,Men's Waterproof Trail Running Shoe,Apparel & Footwear,2024-05-13,166.0,178.6,156.3,201.0,Train
SKU-009,Men's Waterproof Trail Running Shoe,Apparel & Footwear,2024-05-20,167.0,179.2,156.9,201.6,Train
SKU-009,Men's Waterproof Trail Running Shoe,Apparel & Footwear,2024-05-27,187.0,179.4,157.1,201.8,Train
SKU-009,Men's Waterproof Trail Running Shoe,Apparel & Footwear,2024-06-03,152.0,179.2,156.9,201.5,Train
SKU-009,Men's Waterproof Trail Running Shoe,Apparel & Footwear,2024-06-10,164.0,178.6,156.3,200.9,Train
SKU-009,Men's Waterproof Trail Running Shoe,Apparel & Footwear,2024-06-17,153.0,177.6,155.3,200.0,Train
SKU-009,Men's Waterproof Trail Running Shoe,Apparel & Footwear,2024-06-24,161.0,176.3,154.0,198.7,Train
SKU-009,Men's Waterproof Trail Running Shoe,Apparel & Footwear,2024-07-01,169.0,174.7,152.4,197.1,Train
SKU-009,Men's Waterproof Trail Running Shoe,Apparel & Footwear,2024-07-08,172.0,172.8,150.4,195.1,Train
SKU-009,Men's Waterproof Trail Running Shoe,Apparel & Footwear,2024-07-15,172.0,170.5,148.2,192.9,Train
SKU-009,Men's Waterproof Trail Running Shoe,Apparel & Footwear,2024-07-22,190.0,168.0,145.7,190.3,Train
SKU-009,Men's Waterproof Trail Running Shoe,Apparel & Footwear,2024-07-29,159.0,165.2,142.9,187.5,Train
SKU-009,Men's Waterproof Trail Running Shoe,Apparel & Footwear,2024-08-05,183.0,162.1,139.8,184.5,Train
SKU-009,Men's Waterproof Trail Running Shoe,Apparel & Footwear,2024-08-12,173.0,158.9,136.5,181.2,Train
SKU-009,Men's Waterproof Trail Running Shoe,Apparel & Footwear,2024-08-19,186.0,155.4,133.0,177.7,Train
SKU-009,Men's Waterproof Trail Running Shoe,Apparel & Footwear,2024-08-26,199.0,151.7,129.3,174.0,Train
SKU-009,Men's Waterproof Trail Running Shoe,Apparel & Footwear,2024-09-02,136.0,147.9,125.5,170.2,Train
SKU-009,Men's Waterproof Trail Running Shoe,Apparel & Footwear,2024-09-09,114.0,143.9,121.6,166.3,Train
SKU-009,Men's Waterproof Trail Running Shoe,Apparel & Footwear,2024-09-16,104.0,140.0,117.6,162.3,Train
SKU-009,Men's Waterproof Trail Running Shoe,Apparel & Footwear,2024-09-23,140.0,136.0,113.7,158.4,Train
SKU-009,Men's Waterproof Trail Running Shoe,Apparel & Footwear,2024-09-30,113.0,132.2,109.8,154.5,Train
SKU-009,Men's Waterproof Trail Running Shoe,Apparel & Footwear,2024-10-07,129.0,128.5,106.1,150.8,Test
SKU-009,Men's Waterproof Trail Running Shoe,Apparel & Footwear,2024-10-14,113.0,125.0,102.6,147.3,Test
SKU-009,Men's Waterproof Trail Running Shoe,Apparel & Footwear,2024-10-21,124.0,121.8,99.5,144.2,Test
SKU-009,Men's Waterproof Trail Running Shoe,Apparel & Footwear,2024-10-28,119.0,119.0,96.7,141.4,Test
SKU-009,Men's Waterproof Trail Running Shoe,Apparel & Footwear,2024-11-04,95.0,116.7,94.3,139.0,Test
SKU-009,Men's Waterproof Trail Running Shoe,Apparel & Footwear,2024-11-11,119.0,114.9,92.5,137.2,Test
SKU-009,Men's Waterproof Trail Running Shoe,Apparel & Footwear,2024-11-18,109.0,113.6,91.3,135.9,Test
SKU-009,Men's Waterproof Trail Running Shoe,Apparel & Footwear,2024-11-25,143.0,113.0,90.6,135.3,Test
SKU-009,Men's Waterproof Trail Running Shoe,Apparel & Footwear,2024-12-02,118.0,113.0,90.6,135.3,Test
SKU-009,Men's Waterproof Trail Running Shoe,Apparel & Footwear,2024-12-09,103.0,113.7,91.3,136.0,Test
SKU-009,Men's Waterproof Trail Running Shoe,Apparel & Footwear,2024-12-16,128.0,115.0,92.7,137.3,Test
SKU-009,Men's Waterproof Trail Running Shoe,Apparel & Footwear,2024-12-23,120.0,117.0,94.6,139.3,Test
SKU-009,Men's Waterproof Trail Running Shoe,Apparel & Footwear,2024-12-30,,119.6,97.3,141.9,Forecast
SKU-009,Men's Waterproof Trail Running Shoe,Apparel & Footwear,2025-01-06,,122.8,100.4,145.1,Forecast
SKU-009,Men's Waterproof Trail Running Shoe,Apparel & Footwear,2025-01-13,,126.5,104.1,148.8,Forecast
SKU-009,Men's Waterproof Trail Running Shoe,Apparel & Footwear,2025-01-20,,130.6,108.2,152.9,Forecast
SKU-009,Men's Waterproof Trail Running Shoe,Apparel & Footwear,2025-01-27,,135.1,112.7,157.4,Forecast
SKU-009,Men's Waterproof Trail Running Shoe,Apparel & Footwear,2025-02-03,,139.8,117.5,162.2,Forecast
SKU-009,Men's Waterproof Trail Running Shoe,Apparel & Footwear,2025-02-10,,144.7,122.4,167.1,Forecast
SKU-009,Men's Waterproof Trail Running Shoe,Apparel & Footwear,2025-02-17,,149.7,127.4,172.0,Forecast
SKU-009,Men's Waterproof Trail Running Shoe,Apparel & Footwear,2025-02-24,,154.7,132.3,177.0,Forecast
SKU-009,Men's Waterproof Trail Running Shoe,Apparel & Footwear,2025-03-03,,159.5,137.2,181.9,Forecast
SKU-009,Men's Waterproof Trail Running Shoe,Apparel & Footwear,2025-03-10,,164.2,141.9,186.5,Forecast
SKU-009,Men's Waterproof Trail Running Shoe,Apparel & Footwear,2025-03-17,,168.6,146.3,191.0,Forecast
SKU-009,Men's Waterproof Trail Running Shoe,Apparel & Footwear,2025-03-24,,172.7,150.4,195.0,Forecast
SKU-015,XL 8-Quart Digital Dual-Zone Air Fryer,Home & Kitchen,2023-01-02,68.0,127.4,95.7,159.1,Train
SKU-015,XL 8-Quart Digital Dual-Zone Air Fryer,Home & Kitchen,2023-01-09,110.0,122.1,90.4,153.8,Train
SKU-015,XL 8-Quart Digital Dual-Zone Air Fryer,Home & Kitchen,2023-01-16,81.0,116.3,84.6,148.0,Train
SKU-015,XL 8-Quart Digital Dual-Zone Air Fryer,Home & Kitchen,2023-01-23,76.0,110.4,78.7,142.0,Train
SKU-015,XL 8-Quart Digital Dual-Zone Air Fryer,Home & Kitchen,2023-01-30,105.0,104.5,72.8,136.2,Train
SKU-015,XL 8-Quart Digital Dual-Zone Air Fryer,Home & Kitchen,2023-02-06,98.0,99.0,67.4,130.7,Train
SKU-015,XL 8-Quart Digital Dual-Zone Air Fryer,Home & Kitchen,2023-02-13,97.0,94.1,62.5,125.8,Train
SKU-015,XL 8-Quart Digital Dual-Zone Air Fryer,Home & Kitchen,2023-02-20,111.0,90.1,58.4,121.7,Train
SKU-015,XL 8-Quart Digital Dual-Zone Air Fryer,Home & Kitchen,2023-02-27,108.0,86.9,55.2,118.6,Train
SKU-015,XL 8-Quart Digital Dual-Zone Air Fryer,Home & Kitchen,2023-03-06,90.0,84.8,53.1,116.5,Train
SKU-015,XL 8-Quart Digital Dual-Zone Air Fryer,Home & Kitchen,2023-03-13,98.0,83.7,52.0,115.4,Train
SKU-015,XL 8-Quart Digital Dual-Zone Air Fryer,Home & Kitchen,2023-03-20,105.0,83.6,52.0,115.3,Train
SKU-015,XL 8-Quart Digital Dual-Zone Air Fryer,Home & Kitchen,2023-03-27,101.0,84.5,52.8,116.2,Train
SKU-015,XL 8-Quart Digital Dual-Zone Air Fryer,Home & Kitchen,2023-04-03,92.0,86.1,54.4,117.8,Train
SKU-015,XL 8-Quart Digital Dual-Zone Air Fryer,Home & Kitchen,2023-04-10,104.0,88.3,56.6,120.0,Train
SKU-015,XL 8-Quart Digital Dual-Zone Air Fryer,Home & Kitchen,2023-04-17,107.0,90.9,59.2,122.6,Train
SKU-015,XL 8-Quart Digital Dual-Zone Air Fryer,Home & Kitchen,2023-04-24,103.0,93.6,61.9,125.3,Train
SKU-015,XL 8-Quart Digital Dual-Zone Air Fryer,Home & Kitchen,2023-05-01,97.0,96.3,64.6,127.9,Train
SKU-015,XL 8-Quart Digital Dual-Zone Air Fryer,Home & Kitchen,2023-05-08,90.0,98.6,67.0,130.3,Train
SKU-015,XL 8-Quart Digital Dual-Zone Air Fryer,Home & Kitchen,2023-05-15,101.0,100.5,68.9,132.2,Train
SKU-015,XL 8-Quart Digital Dual-Zone Air Fryer,Home & Kitchen,2023-05-22,127.0,101.9,70.2,133.5,Train
SKU-015,XL 8-Quart Digital Dual-Zone Air Fryer,Home & Kitchen,2023-05-29,101.0,102.5,70.8,134.1,Train
SKU-015,XL 8-Quart Digital Dual-Zone Air Fryer,Home & Kitchen,2023-06-05,118.0,102.3,70.7,134.0,Train
SKU-015,XL 8-Quart Digital Dual-Zone Air Fryer,Home & Kitchen,2023-06-12,92.0,101.5,69.8,133.2,Train
SKU-015,XL 8-Quart Digital Dual-Zone Air Fryer,Home & Kitchen,2023-06-19,107.0,100.0,68.3,131.7,Train
SKU-015,XL 8-Quart Digital Dual-Zone Air Fryer,Home & Kitchen,2023-06-26,96.0,98.0,66.3,129.7,Train
SKU-015,XL 8-Quart Digital Dual-Zone Air Fryer,Home & Kitchen,2023-07-03,104.0,95.7,64.0,127.3,Train
SKU-015,XL 8-Quart Digital Dual-Zone Air Fryer,Home & Kitchen,2023-07-10,83.0,93.2,61.5,124.9,Train
SKU-015,XL 8-Quart Digital Dual-Zone Air Fryer,Home & Kitchen,2023-07-17,98.0,90.8,59.1,122.4,Train
SKU-015,XL 8-Quart Digital Dual-Zone Air Fryer,Home & Kitchen,2023-07-24,112.0,88.7,57.0,120.4,Train
SKU-015,XL 8-Quart Digital Dual-Zone Air Fryer,Home & Kitchen,2023-07-31,116.0,87.1,55.4,118.8,Train
SKU-015,XL 8-Quart Digital Dual-Zone Air Fryer,Home & Kitchen,2023-08-07,96.0,86.3,54.6,118.0,Train
SKU-015,XL 8-Quart Digital Dual-Zone Air Fryer,Home & Kitchen,2023-08-14,89.0,86.4,54.7,118.1,Train
SKU-015,XL 8-Quart Digital Dual-Zone Air Fryer,Home & Kitchen,2023-08-21,105.0,87.5,55.8,119.2,Train
SKU-015,XL 8-Quart Digital Dual-Zone Air Fryer,Home & Kitchen,2023-08-28,87.0,89.7,58.1,121.4,Train
SKU-015,XL 8-Quart Digital Dual-Zone Air Fryer,Home & Kitchen,2023-09-04,105.0,93.1,61.4,124.7,Train
SKU-015,XL 8-Quart Digital Dual-Zone Air Fryer,Home & Kitchen,2023-09-11,130.0,97.4,65.8,129.1,Train
SKU-015,XL 8-Quart Digital Dual-Zone Air Fryer,Home & Kitchen,2023-09-18,94.0,102.7,71.1,134.4,Train
SKU-015,XL 8-Quart Digital Dual-Zone Air Fryer,Home & Kitchen,2023-09-25,94.0,108.8,77.1,140.5,Train
SKU-015,XL 8-Quart Digital Dual-Zone Air Fryer,Home & Kitchen,2023-10-02,106.0,115.4,83.7,147.1,Train
SKU-015,XL 8-Quart Digital Dual-Zone Air Fryer,Home & Kitchen,2023-10-09,108.0,122.3,90.6,154.0,Train
SKU-015,XL 8-Quart Digital Dual-Zone Air Fryer,Home & Kitchen,2023-10-16,99.0,129.2,97.5,160.8,Train
SKU-015,XL 8-Quart Digital Dual-Zone Air Fryer,Home & Kitchen,2023-10-23,81.0,135.8,104.1,167.4,Train
SKU-015,XL 8-Quart Digital Dual-Zone Air Fryer,Home & Kitchen,2023-10-30,116.0,141.8,110.1,173.5,Train
SKU-015,XL 8-Quart Digital Dual-Zone Air Fryer,Home & Kitchen,2023-11-06,184.0,147.0,115.3,178.7,Train
SKU-015,XL 8-Quart Digital Dual-Zone Air Fryer,Home & Kitchen,2023-11-13,180.0,151.2,119.5,182.9,Train
SKU-015,XL 8-Quart Digital Dual-Zone Air Fryer,Home & Kitchen,2023-11-20,222.0,154.1,122.4,185.8,Train
SKU-015,XL 8-Quart Digital Dual-Zone Air Fryer,Home & Kitchen,2023-11-27,176.0,155.7,124.0,187.4,Train
SKU-015,XL 8-Quart Digital Dual-Zone Air Fryer,Home & Kitchen,2023-12-04,181.0,155.9,124.3,187.6,Train
SKU-015,XL 8-Quart Digital Dual-Zone Air Fryer,Home & Kitchen,2023-12-11,173.0,154.8,123.1,186.5,Train
SKU-015,XL 8-Quart Digital Dual-Zone Air Fryer,Home & Kitchen,2023-12-18,169.0,152.3,120.6,184.0,Train
SKU-015,XL 8-Quart Digital Dual-Zone Air Fryer,Home & Kitchen,2023-12-25,147.0,148.7,117.0,180.4,Train
SKU-015,XL 8-Quart Digital Dual-Zone Air Fryer,Home & Kitchen,2024-01-01,76.0,144.1,112.4,175.8,Train
SKU-015,XL 8-Quart Digital Dual-Zone Air Fryer,Home & Kitchen,2024-01-08,97.0,138.8,107.1,170.5,Train
SKU-015,XL 8-Quart Digital Dual-Zone Air Fryer,Home & Kitchen,2024-01-15,99.0,133.0,101.4,164.7,Train
SKU-015,XL 8-Quart Digital Dual-Zone Air Fryer,Home & Kitchen,2024-01-22,98.0,127.1,95.4,158.8,Train
SKU-015,XL 8-Quart Digital Dual-Zone Air Fryer,Home & Kitchen,2024-01-29,105.0,121.2,89.6,152.9,Train
SKU-015,XL 8-Quart Digital Dual-Zone Air Fryer,Home & Kitchen,2024-02-05,139.0,115.8,84.1,147.4,Train
SKU-015,XL 8-Quart Digital Dual-Zone Air Fryer,Home & Kitchen,2024-02-12,101.0,110.9,79.2,142.6,Train
SKU-015,XL 8-Quart Digital Dual-Zone Air Fryer,Home & Kitchen,2024-02-19,103.0,106.8,75.1,138.5,Train
SKU-015,XL 8-Quart Digital Dual-Zone Air Fryer,Home & Kitchen,2024-02-26,115.0,103.6,72.0,135.3,Train
SKU-015,XL 8-Quart Digital Dual-Zone Air Fryer,Home & Kitchen,2024-03-04,106.0,101.5,69.8,133.2,Train
SKU-015,XL 8-Quart Digital Dual-Zone Air Fryer,Home & Kitchen,2024-03-11,105.0,100.4,68.8,132.1,Train
SKU-015,XL 8-Quart Digital Dual-Zone Air Fryer,Home & Kitchen,2024-03-18,98.0,100.4,68.7,132.0,Train
SKU-015,XL 8-Quart Digital Dual-Zone Air Fryer,Home & Kitchen,2024-03-25,116.0,101.2,69.5,132.9,Train
SKU-015,XL 8-Quart Digital Dual-Zone Air Fryer,Home & Kitchen,2024-04-01,108.0,102.8,71.1,134.5,Train
SKU-015,XL 8-Quart Digital Dual-Zone Air Fryer,Home & Kitchen,2024-04-08,112.0,105.0,73.3,136.7,Train
SKU-015,XL 8-Quart Digital Dual-Zone Air Fryer,Home & Kitchen,2024-04-15,113.0,107.6,75.9,139.3,Train
SKU-015,XL 8-Quart Digital Dual-Zone Air Fryer,Home & Kitchen,2024-04-22,87.0,110.3,78.7,142.0,Train
SKU-015,XL 8-Quart Digital Dual-Zone Air Fryer,Home & Kitchen,2024-04-29,68.0,113.0,81.3,144.7,Train
SKU-015,XL 8-Quart Digital Dual-Zone Air Fryer,Home & Kitchen,2024-05-06,108.0,115.4,83.7,147.0,Train
SKU-015,XL 8-Quart Digital Dual-Zone Air Fryer,Home & Kitchen,2024-05-13,117.0,117.3,85.6,149.0,Train
SKU-015,XL 8-Quart Digital Dual-Zone Air Fryer,Home & Kitchen,2024-05-20,90.0,118.6,86.9,150.3,Train
SKU-015,XL 8-Quart Digital Dual-Zone Air Fryer,Home & Kitchen,2024-05-27,103.0,119.2,87.5,150.9,Train
SKU-015,XL 8-Quart Digital Dual-Zone Air Fryer,Home & Kitchen,2024-06-03,105.0,119.1,87.4,150.8,Train
SKU-015,XL 8-Quart Digital Dual-Zone Air Fryer,Home & Kitchen,2024-06-10,91.0,118.2,86.5,149.9,Train
SKU-015,XL 8-Quart Digital Dual-Zone Air Fryer,Home & Kitchen,2024-06-17,120.0,116.7,85.1,148.4,Train
SKU-015,XL 8-Quart Digital Dual-Zone Air Fryer,Home & Kitchen,2024-06-24,106.0,114.7,83.1,146.4,Train
SKU-015,XL 8-Quart Digital Dual-Zone Air Fryer,Home & Kitchen,2024-07-01,102.0,112.4,80.7,144.1,Train
SKU-015,XL 8-Quart Digital Dual-Zone Air Fryer,Home & Kitchen,2024-07-08,96.0,109.9,78.2,141.6,Train
SKU-015,XL 8-Quart Digital Dual-Zone Air Fryer,Home & Kitchen,2024-07-15,104.0,107.5,75.8,139.2,Train
SKU-015,XL 8-Quart Digital Dual-Zone Air Fryer,Home & Kitchen,2024-07-22,97.0,105.4,73.7,137.1,Train
SKU-015,XL 8-Quart Digital Dual-Zone Air Fryer,Home & Kitchen,2024-07-29,117.0,103.9,72.2,135.5,Train
SKU-015,XL 8-Quart Digital Dual-Zone Air Fryer,Home & Kitchen,2024-08-05,112.0,103.0,71.4,134.7,Train
SKU-015,XL 8-Quart Digital Dual-Zone Air Fryer,Home & Kitchen,2024-08-12,112.0,103.1,71.4,134.8,Train
SKU-015,XL 8-Quart Digital Dual-Zone Air Fryer,Home & Kitchen,2024-08-19,119.0,104.3,72.6,135.9,Train
SKU-015,XL 8-Quart Digital Dual-Zone Air Fryer,Home & Kitchen,2024-08-26,133.0,106.5,74.8,138.2,Train
SKU-015,XL 8-Quart Digital Dual-Zone Air Fryer,Home & Kitchen,2024-09-02,117.0,109.8,78.1,141.5,Train
SKU-015,XL 8-Quart Digital Dual-Zone Air Fryer,Home & Kitchen,2024-09-09,99.0,114.2,82.5,145.9,Train
SKU-015,XL 8-Quart Digital Dual-Zone Air Fryer,Home & Kitchen,2024-09-16,107.0,119.5,87.8,151.2,Train
SKU-015,XL 8-Quart Digital Dual-Zone Air Fryer,Home & Kitchen,2024-09-23,126.0,125.5,93.9,157.2,Train
SKU-015,XL 8-Quart Digital Dual-Zone Air Fryer,Home & Kitchen,2024-09-30,104.0,132.1,100.5,163.8,Train
SKU-015,XL 8-Quart Digital Dual-Zone Air Fryer,Home & Kitchen,2024-10-07,109.0,139.0,107.3,170.7,Test
SKU-015,XL 8-Quart Digital Dual-Zone Air Fryer,Home & Kitchen,2024-10-14,125.0,145.9,114.2,177.6,Test
SKU-015,XL 8-Quart Digital Dual-Zone Air Fryer,Home & Kitchen,2024-10-21,92.0,152.5,120.8,184.2,Test
SKU-015,XL 8-Quart Digital Dual-Zone Air Fryer,Home & Kitchen,2024-10-28,100.0,158.5,126.8,190.2,Test
SKU-015,XL 8-Quart Digital Dual-Zone Air Fryer,Home & Kitchen,2024-11-04,187.0,163.7,132.1,195.4,Test
SKU-015,XL 8-Quart Digital Dual-Zone Air Fryer,Home & Kitchen,2024-11-11,198.0,167.9,136.2,199.6,Test
SKU-015,XL 8-Quart Digital Dual-Zone Air Fryer,Home & Kitchen,2024-11-18,208.0,170.8,139.2,202.5,Test
SKU-015,XL 8-Quart Digital Dual-Zone Air Fryer,Home & Kitchen,2024-11-25,225.0,172.5,140.8,204.1,Test
SKU-015,XL 8-Quart Digital Dual-Zone Air Fryer,Home & Kitchen,2024-12-02,194.0,172.7,141.0,204.3,Test
SKU-015,XL 8-Quart Digital Dual-Zone Air Fryer,Home & Kitchen,2024-12-09,242.0,171.5,139.8,203.2,Test
SKU-015,XL 8-Quart Digital Dual-Zone Air Fryer,Home & Kitchen,2024-12-16,185.0,169.0,137.4,200.7,Test
SKU-015,XL 8-Quart Digital Dual-Zone Air Fryer,Home & Kitchen,2024-12-23,175.0,165.4,133.7,197.1,Test
SKU-015,XL 8-Quart Digital Dual-Zone Air Fryer,Home & Kitchen,2024-12-30,,160.8,129.2,192.5,Forecast
SKU-015,XL 8-Quart Digital Dual-Zone Air Fryer,Home & Kitchen,2025-01-06,,155.5,123.9,187.2,Forecast
SKU-015,XL 8-Quart Digital Dual-Zone Air Fryer,Home & Kitchen,2025-01-13,,149.8,118.1,181.5,Forecast
SKU-015,XL 8-Quart Digital Dual-Zone Air Fryer,Home & Kitchen,2025-01-20,,143.8,112.1,175.5,Forecast
SKU-015,XL 8-Quart Digital Dual-Zone Air Fryer,Home & Kitchen,2025-01-27,,138.0,106.3,169.7,Forecast
SKU-015,XL 8-Quart Digital Dual-Zone Air Fryer,Home & Kitchen,2025-02-03,,132.5,100.8,164.2,Forecast
SKU-015,XL 8-Quart Digital Dual-Zone Air Fryer,Home & Kitchen,2025-02-10,,127.6,95.9,159.3,Forecast
SKU-015,XL 8-Quart Digital Dual-Zone Air Fryer,Home & Kitchen,2025-02-17,,123.5,91.8,155.2,Forecast
SKU-015,XL 8-Quart Digital Dual-Zone Air Fryer,Home & Kitchen,2025-02-24,,120.4,88.7,152.1,Forecast
SKU-015,XL 8-Quart Digital Dual-Zone Air Fryer,Home & Kitchen,2025-03-03,,118.2,86.6,149.9,Forecast
SKU-015,XL 8-Quart Digital Dual-Zone Air Fryer,Home & Kitchen,2025-03-10,,117.2,85.5,148.8,Forecast
SKU-015,XL 8-Quart Digital Dual-Zone Air Fryer,Home & Kitchen,2025-03-17,,117.1,85.4,148.8,Forecast
SKU-015,XL 8-Quart Digital Dual-Zone Air Fryer,Home & Kitchen,2025-03-24,,117.9,86.3,149.6,Forecast
SKU-011,Custom Mechanical Gaming Keyboard RGB,Consumer Electronics,2023-01-02,76.0,137.0,105.0,169.0,Train
SKU-011,Custom Mechanical Gaming Keyboard RGB,Consumer Electronics,2023-01-09,83.0,130.6,98.6,162.6,Train
SKU-011,Custom Mechanical Gaming Keyboard RGB,Consumer Electronics,2023-01-16,108.0,123.6,91.6,155.6,Train
SKU-011,Custom Mechanical Gaming Keyboard RGB,Consumer Electronics,2023-01-23,109.0,116.4,84.4,148.4,Train
SKU-011,Custom Mechanical Gaming Keyboard RGB,Consumer Electronics,2023-01-30,79.0,109.4,77.4,141.4,Train
SKU-011,Custom Mechanical Gaming Keyboard RGB,Consumer Electronics,2023-02-06,111.0,102.8,70.8,134.8,Train
SKU-011,Custom Mechanical Gaming Keyboard RGB,Consumer Electronics,2023-02-13,104.0,97.0,65.0,129.0,Train
SKU-011,Custom Mechanical Gaming Keyboard RGB,Consumer Electronics,2023-02-20,100.0,92.1,60.1,124.1,Train
SKU-011,Custom Mechanical Gaming Keyboard RGB,Consumer Electronics,2023-02-27,106.0,88.4,56.4,120.4,Train
SKU-011,Custom Mechanical Gaming Keyboard RGB,Consumer Electronics,2023-03-06,109.0,85.9,53.9,117.9,Train
SKU-011,Custom Mechanical Gaming Keyboard RGB,Consumer Electronics,2023-03-13,111.0,84.7,52.7,116.7,Train
SKU-011,Custom Mechanical Gaming Keyboard RGB,Consumer Electronics,2023-03-20,100.0,84.8,52.8,116.8,Train
SKU-011,Custom Mechanical Gaming Keyboard RGB,Consumer Electronics,2023-03-27,88.0,86.0,54.0,118.0,Train
SKU-011,Custom Mechanical Gaming Keyboard RGB,Consumer Electronics,2023-04-03,114.0,88.1,56.1,120.1,Train
SKU-011,Custom Mechanical Gaming Keyboard RGB,Consumer Electronics,2023-04-10,111.0,91.0,59.0,123.0,Train
SKU-011,Custom Mechanical Gaming Keyboard RGB,Consumer Electronics,2023-04-17,112.0,94.3,62.3,126.3,Train
SKU-011,Custom Mechanical Gaming Keyboard RGB,Consumer Electronics,2023-04-24,99.0,97.8,65.8,129.8,Train
SKU-011,Custom Mechanical Gaming Keyboard RGB,Consumer Electronics,2023-05-01,111.0,101.3,69.3,133.3,Train
SKU-011,Custom Mechanical Gaming Keyboard RGB,Consumer Electronics,2023-05-08,107.0,104.4,72.4,136.4,Train
SKU-011,Custom Mechanical Gaming Keyboard RGB,Consumer Electronics,2023-05-15,86.0,107.0,75.0,139.0,Train
SKU-011,Custom Mechanical Gaming Keyboard RGB,Consumer Electronics,2023-05-22,104.0,108.8,76.8,140.8,Train
SKU-011,Custom Mechanical Gaming Keyboard RGB,Consumer Electronics,2023-05-29,106.0,109.8,77.8,141.8,Train
SKU-011,Custom Mechanical Gaming Keyboard RGB,Consumer Electronics,2023-06-05,100.0,109.9,77.9,141.9,Train
SKU-011,Custom Mechanical Gaming Keyboard RGB,Consumer Electronics,2023-06-12,107.0,109.0,77.0,141.0,Train
SKU-011,Custom Mechanical Gaming Keyboard RGB,Consumer Electronics,2023-06-19,98.0,107.4,75.4,139.4,Train
SKU-011,Custom Mechanical Gaming Keyboard RGB,Consumer Electronics,2023-06-26,109.0,105.1,73.1,137.1,Train
SKU-011,Custom Mechanical Gaming Keyboard RGB,Consumer Electronics,2023-07-03,103.0,102.3,70.3,134.3,Train
SKU-011,Custom Mechanical Gaming Keyboard RGB,Consumer Electronics,2023-07-10,107.0,99.3,67.3,131.3,Train
SKU-011,Custom Mechanical Gaming Keyboard RGB,Consumer Electronics,2023-07-17,120.0,96.3,64.3,128.3,Train
SKU-011,Custom Mechanical Gaming Keyboard RGB,Consumer Electronics,2023-07-24,102.0,93.6,61.6,125.6,Train
SKU-011,Custom Mechanical Gaming Keyboard RGB,Consumer Electronics,2023-07-31,115.0,91.5,59.5,123.5,Train
SKU-011,Custom Mechanical Gaming Keyboard RGB,Consumer Electronics,2023-08-07,92.0,90.3,58.3,122.3,Train
SKU-011,Custom Mechanical Gaming Keyboard RGB,Consumer Electronics,2023-08-14,108.0,90.0,58.0,122.0,Train
SKU-011,Custom Mechanical Gaming Keyboard RGB,Consumer Electronics,2023-08-21,94.0,91.0,59.0,123.0,Train
SKU-011,Custom Mechanical Gaming Keyboard RGB,Consumer Electronics,2023-08-28,120.0,93.2,61.3,125.2,Train
SKU-011,Custom Mechanical Gaming Keyboard RGB,Consumer Electronics,2023-09-04,101.0,96.8,64.8,128.8,Train
SKU-011,Custom Mechanical Gaming Keyboard RGB,Consumer Electronics,2023-09-11,113.0,101.6,69.6,133.6,Train
SKU-011,Custom Mechanical Gaming Keyboard RGB,Consumer Electronics,2023-09-18,129.0,107.4,75.4,139.4,Train
SKU-011,Custom Mechanical Gaming Keyboard RGB,Consumer Electronics,2023-09-25,113.0,114.2,82.2,146.2,Train
SKU-011,Custom Mechanical Gaming Keyboard RGB,Consumer Electronics,2023-10-02,111.0,121.7,89.7,153.7,Train
SKU-011,Custom Mechanical Gaming Keyboard RGB,Consumer Electronics,2023-10-09,108.0,129.5,97.5,161.5,Train
SKU-011,Custom Mechanical Gaming Keyboard RGB,Consumer Electronics,2023-10-16,108.0,137.3,105.3,169.3,Train
SKU-011,Custom Mechanical Gaming Keyboard RGB,Consumer Electronics,2023-10-23,115.0,144.8,112.8,176.8,Train
SKU-011,Custom Mechanical Gaming Keyboard RGB,Consumer Electronics,2023-10-30,127.0,151.7,119.7,183.7,Train
SKU-011,Custom Mechanical Gaming Keyboard RGB,Consumer Electronics,2023-11-06,191.0,157.6,125.6,189.6,Train
SKU-011,Custom Mechanical Gaming Keyboard RGB,Consumer Electronics,2023-11-13,187.0,162.3,130.3,194.3,Train
SKU-011,Custom Mechanical Gaming Keyboard RGB,Consumer Electronics,2023-11-20,192.0,165.6,133.6,197.6,Train
SKU-011,Custom Mechanical Gaming Keyboard RGB,Consumer Electronics,2023-11-27,211.0,167.3,135.3,199.3,Train
SKU-011,Custom Mechanical Gaming Keyboard RGB,Consumer Electronics,2023-12-04,207.0,167.3,135.3,199.3,Train
SKU-011,Custom Mechanical Gaming Keyboard RGB,Consumer Electronics,2023-12-11,183.0,165.8,133.8,197.8,Train
SKU-011,Custom Mechanical Gaming Keyboard RGB,Consumer Electronics,2023-12-18,197.0,162.7,130.7,194.7,Train
SKU-011,Custom Mechanical Gaming Keyboard RGB,Consumer Electronics,2023-12-25,168.0,158.2,126.2,190.2,Train
SKU-011,Custom Mechanical Gaming Keyboard RGB,Consumer Electronics,2024-01-01,106.0,152.7,120.7,184.7,Train
SKU-011,Custom Mechanical Gaming Keyboard RGB,Consumer Electronics,2024-01-08,118.0,146.2,114.2,178.2,Train
SKU-011,Custom Mechanical Gaming Keyboard RGB,Consumer Electronics,2024-01-15,92.0,139.2,107.3,171.2,Train
SKU-011,Custom Mechanical Gaming Keyboard RGB,Consumer Electronics,2024-01-22,102.0,132.1,100.1,164.1,Train
SKU-011,Custom Mechanical Gaming Keyboard RGB,Consumer Electronics,2024-01-29,113.0,125.0,93.0,157.0,Train
SKU-011,Custom Mechanical Gaming Keyboard RGB,Consumer Electronics,2024-02-05,96.0,118.5,86.5,150.5,Train
SKU-011,Custom Mechanical Gaming Keyboard RGB,Consumer Electronics,2024-02-12,119.0,112.6,80.6,144.6,Train
SKU-011,Custom Mechanical Gaming Keyboard RGB,Consumer Electronics,2024-02-19,91.0,107.8,75.8,139.8,Train
SKU-011,Custom Mechanical Gaming Keyboard RGB,Consumer Electronics,2024-02-26,89.0,104.0,72.0,136.0,Train
SKU-011,Custom Mechanical Gaming Keyboard RGB,Consumer Electronics,2024-03-04,103.0,101.6,69.6,133.6,Train
SKU-011,Custom Mechanical Gaming Keyboard RGB,Consumer Electronics,2024-03-11,114.0,100.4,68.4,132.4,Train
SKU-011,Custom Mechanical Gaming Keyboard RGB,Consumer Electronics,2024-03-18,91.0,100.4,68.4,132.4,Train
SKU-011,Custom Mechanical Gaming Keyboard RGB,Consumer Electronics,2024-03-25,115.0,101.6,69.6,133.6,Train
SKU-011,Custom Mechanical Gaming Keyboard RGB,Consumer Electronics,2024-04-01,130.0,103.8,71.8,135.8,Train
SKU-011,Custom Mechanical Gaming Keyboard RGB,Consumer Electronics,2024-04-08,110.0,106.6,74.6,138.6,Train
SKU-011,Custom Mechanical Gaming Keyboard RGB,Consumer Electronics,2024-04-15,101.0,110.0,78.0,142.0,Train
SKU-011,Custom Mechanical Gaming Keyboard RGB,Consumer Electronics,2024-04-22,124.0,113.5,81.5,145.5,Train
SKU-011,Custom Mechanical Gaming Keyboard RGB,Consumer Electronics,2024-04-29,107.0,116.9,85.0,148.9,Train
SKU-011,Custom Mechanical Gaming Keyboard RGB,Consumer Electronics,2024-05-06,126.0,120.1,88.1,152.1,Train
SKU-011,Custom Mechanical Gaming Keyboard RGB,Consumer Electronics,2024-05-13,104.0,122.6,90.7,154.6,Train
SKU-011,Custom Mechanical Gaming Keyboard RGB,Consumer Electronics,2024-05-20,81.0,124.5,92.5,156.5,Train
SKU-011,Custom Mechanical Gaming Keyboard RGB,Consumer Electronics,2024-05-27,121.0,125.5,93.5,157.5,Train
SKU-011,Custom Mechanical Gaming Keyboard RGB,Consumer Electronics,2024-06-03,111.0,125.5,93.5,157.5,Train
SKU-011,Custom Mechanical Gaming Keyboard RGB,Consumer Electronics,2024-06-10,107.0,124.7,92.7,156.7,Train
SKU-011,Custom Mechanical Gaming Keyboard RGB,Consumer Electronics,2024-06-17,97.0,123.1,91.1,155.1,Train
SKU-011,Custom Mechanical Gaming Keyboard RGB,Consumer Electronics,2024-06-24,124.0,120.7,88.7,152.7,Train
SKU-011,Custom Mechanical Gaming Keyboard RGB,Consumer Electronics,2024-07-01,102.0,118.0,86.0,149.9,Train
SKU-011,Custom Mechanical Gaming Keyboard RGB,Consumer Electronics,2024-07-08,124.0,114.9,82.9,146.9,Train
SKU-011,Custom Mechanical Gaming Keyboard RGB,Consumer Electronics,2024-07-15,102.0,111.9,79.9,143.9,Train
SKU-011,Custom Mechanical Gaming Keyboard RGB,Consumer Electronics,2024-07-22,116.0,109.3,77.3,141.3,Train
SKU-011,Custom Mechanical Gaming Keyboard RGB,Consumer Electronics,2024-07-29,119.0,107.2,75.2,139.2,Train
SKU-011,Custom Mechanical Gaming Keyboard RGB,Consumer Electronics,2024-08-05,120.0,105.9,73.9,137.9,Train
SKU-011,Custom Mechanical Gaming Keyboard RGB,Consumer Electronics,2024-08-12,116.0,105.7,73.7,137.7,Train
SKU-011,Custom Mechanical Gaming Keyboard RGB,Consumer Electronics,2024-08-19,106.0,106.7,74.7,138.7,Train
SKU-011,Custom Mechanical Gaming Keyboard RGB,Consumer Electronics,2024-08-26,124.0,108.9,76.9,140.9,Train
SKU-011,Custom Mechanical Gaming Keyboard RGB,Consumer Electronics,2024-09-02,133.0,112.5,80.5,144.4,Train
SKU-011,Custom Mechanical Gaming Keyboard RGB,Consumer Electronics,2024-09-09,125.0,117.2,85.2,149.2,Train
SKU-011,Custom Mechanical Gaming Keyboard RGB,Consumer Electronics,2024-09-16,108.0,123.1,91.1,155.1,Train
SKU-011,Custom Mechanical Gaming Keyboard RGB,Consumer Electronics,2024-09-23,102.0,129.9,97.9,161.9,Train
SKU-011,Custom Mechanical Gaming Keyboard RGB,Consumer Electronics,2024-09-30,106.0,137.3,105.4,169.3,Train
SKU-011,Custom Mechanical Gaming Keyboard RGB,Consumer Electronics,2024-10-07,108.0,145.2,113.2,177.1,Test
SKU-011,Custom Mechanical Gaming Keyboard RGB,Consumer Electronics,2024-10-14,109.0,153.0,121.0,185.0,Test
SKU-011,Custom Mechanical Gaming Keyboard RGB,Consumer Electronics,2024-10-21,95.0,160.5,128.5,192.5,Test
SKU-011,Custom Mechanical Gaming Keyboard RGB,Consumer Electronics,2024-10-28,108.0,167.4,135.4,199.4,Test
SKU-011,Custom Mechanical Gaming Keyboard RGB,Consumer Electronics,2024-11-04,186.0,173.3,141.3,205.3,Test
SKU-011,Custom Mechanical Gaming Keyboard RGB,Consumer Electronics,2024-11-11,181.0,178.0,146.0,210.0,Test
SKU-011,Custom Mechanical Gaming Keyboard RGB,Consumer Electronics,2024-11-18,241.0,181.2,149.2,213.2,Test
SKU-011,Custom Mechanical Gaming Keyboard RGB,Consumer Electronics,2024-11-25,232.0,182.9,150.9,214.9,Test
SKU-011,Custom Mechanical Gaming Keyboard RGB,Consumer Electronics,2024-12-02,255.0,183.0,151.0,215.0,Test
SKU-011,Custom Mechanical Gaming Keyboard RGB,Consumer Electronics,2024-12-09,223.0,181.4,149.4,213.4,Test
SKU-011,Custom Mechanical Gaming Keyboard RGB,Consumer Electronics,2024-12-16,192.0,178.4,146.4,210.4,Test
SKU-011,Custom Mechanical Gaming Keyboard RGB,Consumer Electronics,2024-12-23,183.0,173.9,141.9,205.9,Test
SKU-011,Custom Mechanical Gaming Keyboard RGB,Consumer Electronics,2024-12-30,,168.3,136.3,200.3,Forecast
SKU-011,Custom Mechanical Gaming Keyboard RGB,Consumer Electronics,2025-01-06,,161.9,129.9,193.9,Forecast
SKU-011,Custom Mechanical Gaming Keyboard RGB,Consumer Electronics,2025-01-13,,154.9,122.9,186.9,Forecast
SKU-011,Custom Mechanical Gaming Keyboard RGB,Consumer Electronics,2025-01-20,,147.7,115.7,179.7,Forecast
SKU-011,Custom Mechanical Gaming Keyboard RGB,Consumer Electronics,2025-01-27,,140.7,108.7,172.7,Forecast
SKU-011,Custom Mechanical Gaming Keyboard RGB,Consumer Electronics,2025-02-03,,134.1,102.1,166.1,Forecast
SKU-011,Custom Mechanical Gaming Keyboard RGB,Consumer Electronics,2025-02-10,,128.3,96.3,160.3,Forecast
SKU-011,Custom Mechanical Gaming Keyboard RGB,Consumer Electronics,2025-02-17,,123.4,91.4,155.4,Forecast
SKU-011,Custom Mechanical Gaming Keyboard RGB,Consumer Electronics,2025-02-24,,119.7,87.7,151.7,Forecast
SKU-011,Custom Mechanical Gaming Keyboard RGB,Consumer Electronics,2025-03-03,,117.2,85.2,149.2,Forecast
SKU-011,Custom Mechanical Gaming Keyboard RGB,Consumer Electronics,2025-03-10,,116.1,84.1,148.1,Forecast
SKU-011,Custom Mechanical Gaming Keyboard RGB,Consumer Electronics,2025-03-17,,116.1,84.1,148.1,Forecast
SKU-011,Custom Mechanical Gaming Keyboard RGB,Consumer Electronics,2025-03-24,,117.3,85.3,149.3,Forecast
SKU-013,Tri-Band WiFi 7 Mesh Router System,Consumer Electronics,2023-01-02,49.0,67.2,49.9,84.4,Train
SKU-013,Tri-Band WiFi 7 Mesh Router System,Consumer Electronics,2023-01-09,45.0,63.9,46.6,81.1,Train
SKU-013,Tri-Band WiFi 7 Mesh Router System,Consumer Electronics,2023-01-16,38.0,60.4,43.1,77.6,Train
SKU-013,Tri-Band WiFi 7 Mesh Router System,Consumer Electronics,2023-01-23,50.0,56.9,39.6,74.1,Train
SKU-013,Tri-Band WiFi 7 Mesh Router System,Consumer Electronics,2023-01-30,59.0,53.5,36.2,70.8,Train
SKU-013,Tri-Band WiFi 7 Mesh Router System,Consumer Electronics,2023-02-06,45.0,50.4,33.1,67.7,Train
SKU-013,Tri-Band WiFi 7 Mesh Router System,Consumer Electronics,2023-02-13,56.0,47.7,30.4,65.0,Train
SKU-013,Tri-Band WiFi 7 Mesh Router System,Consumer Electronics,2023-02-20,61.0,45.5,28.3,62.8,Train
SKU-013,Tri-Band WiFi 7 Mesh Router System,Consumer Electronics,2023-02-27,50.0,44.0,26.7,61.2,Train
SKU-013,Tri-Band WiFi 7 Mesh Router System,Consumer Electronics,2023-03-06,53.0,43.0,25.7,60.3,Train
SKU-013,Tri-Band WiFi 7 Mesh Router System,Consumer Electronics,2023-03-13,46.0,42.6,25.3,59.9,Train
SKU-013,Tri-Band WiFi 7 Mesh Router System,Consumer Electronics,2023-03-20,49.0,42.8,25.5,60.1,Train
SKU-013,Tri-Band WiFi 7 Mesh Router System,Consumer Electronics,2023-03-27,45.0,43.5,26.2,60.8,Train
SKU-013,Tri-Band WiFi 7 Mesh Router System,Consumer Electronics,2023-04-03,48.0,44.6,27.3,61.9,Train
SKU-013,Tri-Band WiFi 7 Mesh Router System,Consumer Electronics,2023-04-10,62.0,46.0,28.7,63.3,Train
SKU-013,Tri-Band WiFi 7 Mesh Router System,Consumer Electronics,2023-04-17,46.0,47.6,30.3,64.8,Train
SKU-013,Tri-Band WiFi 7 Mesh Router System,Consumer Electronics,2023-04-24,46.0,49.2,31.9,66.4,Train
SKU-013,Tri-Band WiFi 7 Mesh Router System,Consumer Electronics,2023-05-01,60.0,50.7,33.4,67.9,Train
SKU-013,Tri-Band WiFi 7 Mesh Router System,Consumer Electronics,2023-05-08,56.0,52.0,34.7,69.3,Train
SKU-013,Tri-Band WiFi 7 Mesh Router System,Consumer Electronics,2023-05-15,57.0,53.0,35.7,70.3,Train
SKU-013,Tri-Band WiFi 7 Mesh Router System,Consumer Electronics,2023-05-22,51.0,53.7,36.4,70.9,Train
SKU-013,Tri-Band WiFi 7 Mesh Router System,Consumer Electronics,2023-05-29,50.0,53.9,36.6,71.2,Train
SKU-013,Tri-Band WiFi 7 Mesh Router System,Consumer Electronics,2023-06-05,25.0,53.7,36.5,71.0,Train
SKU-013,Tri-Band WiFi 7 Mesh Router System,Consumer Electronics,2023-06-12,61.0,53.2,35.9,70.5,Train
SKU-013,Tri-Band WiFi 7 Mesh Router System,Consumer Electronics,2023-06-19,52.0,52.3,35.0,69.6,Train
SKU-013,Tri-Band WiFi 7 Mesh Router System,Consumer Electronics,2023-06-26,55.0,51.2,33.9,68.4,Train
SKU-013,Tri-Band WiFi 7 Mesh Router System,Consumer Electronics,2023-07-03,51.0,49.9,32.6,67.2,Train
SKU-013,Tri-Band WiFi 7 Mesh Router System,Consumer Electronics,2023-07-10,46.0,48.6,31.3,65.9,Train
SKU-013,Tri-Band WiFi 7 Mesh Router System,Consumer Electronics,2023-07-17,39.0,47.4,30.1,64.7,Train
SKU-013,Tri-Band WiFi 7 Mesh Router System,Consumer Electronics,2023-07-24,63.0,46.4,29.2,63.7,Train
SKU-013,Tri-Band WiFi 7 Mesh Router System,Consumer Electronics,2023-07-31,57.0,45.8,28.6,63.1,Train
SKU-013,Tri-Band WiFi 7 Mesh Router System,Consumer Electronics,2023-08-07,69.0,45.7,28.4,63.0,Train
SKU-013,Tri-Band WiFi 7 Mesh Router System,Consumer Electronics,2023-08-14,73.0,46.1,28.8,63.4,Train
SKU-013,Tri-Band WiFi 7 Mesh Router System,Consumer Electronics,2023-08-21,52.0,47.1,29.8,64.4,Train
SKU-013,Tri-Band WiFi 7 Mesh Router System,Consumer Electronics,2023-08-28,38.0,48.7,31.5,66.0,Train
SKU-013,Tri-Band WiFi 7 Mesh Router System,Consumer Electronics,2023-09-04,57.0,51.0,33.7,68.3,Train
SKU-013,Tri-Band WiFi 7 Mesh Router System,Consumer Electronics,2023-09-11,41.0,53.8,36.5,71.1,Train
SKU-013,Tri-Band WiFi 7 Mesh Router System,Consumer Electronics,2023-09-18,62.0,57.0,39.8,74.3,Train
SKU-013,Tri-Band WiFi 7 Mesh Router System,Consumer Electronics,2023-09-25,57.0,60.7,43.4,78.0,Train
SKU-013,Tri-Band WiFi 7 Mesh Router System,Consumer Electronics,2023-10-02,65.0,64.5,47.3,81.8,Train
SKU-013,Tri-Band WiFi 7 Mesh Router System,Consumer Electronics,2023-10-09,55.0,68.5,51.2,85.7,Train
SKU-013,Tri-Band WiFi 7 Mesh Router System,Consumer Electronics,2023-10-16,59.0,72.3,55.0,89.6,Train
SKU-013,Tri-Band WiFi 7 Mesh Router System,Consumer Electronics,2023-10-23,76.0,75.9,58.6,93.1,Train
SKU-013,Tri-Band WiFi 7 Mesh Router System,Consumer Electronics,2023-10-30,64.0,79.0,61.8,96.3,Train
SKU-013,Tri-Band WiFi 7 Mesh Router System,Consumer Electronics,2023-11-06,122.0,81.7,64.4,98.9,Train
SKU-013,Tri-Band WiFi 7 Mesh Router System,Consumer Electronics,2023-11-13,110.0,83.6,66.3,100.9,Train
SKU-013,Tri-Band WiFi 7 Mesh Router System,Consumer Electronics,2023-11-20,86.0,84.8,67.6,102.1,Train
SKU-013,Tri-Band WiFi 7 Mesh Router System,Consumer Electronics,2023-11-27,91.0,85.3,68.0,102.5,Train
SKU-013,Tri-Band WiFi 7 Mesh Router System,Consumer Electronics,2023-12-04,90.0,84.9,67.6,102.2,Train
SKU-013,Tri-Band WiFi 7 Mesh Router System,Consumer Electronics,2023-12-11,88.0,83.7,66.4,101.0,Train
SKU-013,Tri-Band WiFi 7 Mesh Router System,Consumer Electronics,2023-12-18,81.0,81.9,64.6,99.1,Train
SKU-013,Tri-Band WiFi 7 Mesh Router System,Consumer Electronics,2023-12-25,95.0,79.4,62.1,96.7,Train
SKU-013,Tri-Band WiFi 7 Mesh Router System,Consumer Electronics,2024-01-01,61.0,76.4,59.1,93.7,Train
SKU-013,Tri-Band WiFi 7 Mesh Router System,Consumer Electronics,2024-01-08,49.0,73.1,55.8,90.4,Train
SKU-013,Tri-Band WiFi 7 Mesh Router System,Consumer Electronics,2024-01-15,40.0,69.6,52.3,86.9,Train
SKU-013,Tri-Band WiFi 7 Mesh Router System,Consumer Electronics,2024-01-22,50.0,66.1,48.8,83.4,Train
SKU-013,Tri-Band WiFi 7 Mesh Router System,Consumer Electronics,2024-01-29,56.0,62.7,45.5,80.0,Train
SKU-013,Tri-Band WiFi 7 Mesh Router System,Consumer Electronics,2024-02-05,53.0,59.7,42.4,76.9,Train
SKU-013,Tri-Band WiFi 7 Mesh Router System,Consumer Electronics,2024-02-12,48.0,57.0,39.7,74.3,Train
SKU-013,Tri-Band WiFi 7 Mesh Router System,Consumer Electronics,2024-02-19,55.0,54.8,37.5,72.1,Train
SKU-013,Tri-Band WiFi 7 Mesh Router System,Consumer Electronics,2024-02-26,64.0,53.2,35.9,70.5,Train
SKU-013,Tri-Band WiFi 7 Mesh Router System,Consumer Electronics,2024-03-04,57.0,52.2,35.0,69.5,Train
SKU-013,Tri-Band WiFi 7 Mesh Router System,Consumer Electronics,2024-03-11,46.0,51.9,34.6,69.1,Train
SKU-013,Tri-Band WiFi 7 Mesh Router System,Consumer Electronics,2024-03-18,64.0,52.1,34.8,69.3,Train
SKU-013,Tri-Band WiFi 7 Mesh Router System,Consumer Electronics,2024-03-25,56.0,52.8,35.5,70.0,Train
SKU-013,Tri-Band WiFi 7 Mesh Router System,Consumer Electronics,2024-04-01,64.0,53.9,36.6,71.1,Train
SKU-013,Tri-Band WiFi 7 Mesh Router System,Consumer Electronics,2024-04-08,59.0,55.2,38.0,72.5,Train
SKU-013,Tri-Band WiFi 7 Mesh Router System,Consumer Electronics,2024-04-15,54.0,56.8,39.5,74.1,Train
SKU-013,Tri-Band WiFi 7 Mesh Router System,Consumer Electronics,2024-04-22,57.0,58.4,41.1,75.7,Train
SKU-013,Tri-Band WiFi 7 Mesh Router System,Consumer Electronics,2024-04-29,48.0,59.9,42.7,77.2,Train
SKU-013,Tri-Band WiFi 7 Mesh Router System,Consumer Electronics,2024-05-06,47.0,61.2,44.0,78.5,Train
SKU-013,Tri-Band WiFi 7 Mesh Router System,Consumer Electronics,2024-05-13,65.0,62.3,45.0,79.5,Train
SKU-013,Tri-Band WiFi 7 Mesh Router System,Consumer Electronics,2024-05-20,46.0,62.9,45.6,80.2,Train
SKU-013,Tri-Band WiFi 7 Mesh Router System,Consumer Electronics,2024-05-27,59.0,63.2,45.9,80.4,Train
SKU-013,Tri-Band WiFi 7 Mesh Router System,Consumer Electronics,2024-06-03,51.0,63.0,45.7,80.3,Train
SKU-013,Tri-Band WiFi 7 Mesh Router System,Consumer Electronics,2024-06-10,64.0,62.4,45.2,79.7,Train
SKU-013,Tri-Band WiFi 7 Mesh Router System,Consumer Electronics,2024-06-17,65.0,61.6,44.3,78.8,Train
SKU-013,Tri-Band WiFi 7 Mesh Router System,Consumer Electronics,2024-06-24,69.0,60.4,43.1,77.7,Train
SKU-013,Tri-Band WiFi 7 Mesh Router System,Consumer Electronics,2024-07-01,60.0,59.1,41.9,76.4,Train
SKU-013,Tri-Band WiFi 7 Mesh Router System,Consumer Electronics,2024-07-08,40.0,57.8,40.6,75.1,Train
SKU-013,Tri-Band WiFi 7 Mesh Router System,Consumer Electronics,2024-07-15,56.0,56.6,39.4,73.9,Train
SKU-013,Tri-Band WiFi 7 Mesh Router System,Consumer Electronics,2024-07-22,55.0,55.7,38.4,73.0,Train
SKU-013,Tri-Band WiFi 7 Mesh Router System,Consumer Electronics,2024-07-29,53.0,55.1,37.8,72.4,Train
SKU-013,Tri-Band WiFi 7 Mesh Router System,Consumer Electronics,2024-08-05,62.0,55.0,37.7,72.2,Train
SKU-013,Tri-Band WiFi 7 Mesh Router System,Consumer Electronics,2024-08-12,55.0,55.4,38.1,72.6,Train
SKU-013,Tri-Band WiFi 7 Mesh Router System,Consumer Electronics,2024-08-19,80.0,56.4,39.1,73.7,Train
SKU-013,Tri-Band WiFi 7 Mesh Router System,Consumer Electronics,2024-08-26,60.0,58.0,40.7,75.3,Train
SKU-013,Tri-Band WiFi 7 Mesh Router System,Consumer Electronics,2024-09-02,42.0,60.2,43.0,77.5,Train
SKU-013,Tri-Band WiFi 7 Mesh Router System,Consumer Electronics,2024-09-09,56.0,63.0,45.8,80.3,Train
SKU-013,Tri-Band WiFi 7 Mesh Router System,Consumer Electronics,2024-09-16,75.0,66.3,49.0,83.6,Train
SKU-013,Tri-Band WiFi 7 Mesh Router System,Consumer Electronics,2024-09-23,64.0,69.9,52.7,87.2,Train
SKU-013,Tri-Band WiFi 7 Mesh Router System,Consumer Electronics,2024-09-30,62.0,73.8,56.5,91.1,Train
SKU-013,Tri-Band WiFi 7 Mesh Router System,Consumer Electronics,2024-10-07,53.0,77.7,60.4,95.0,Test
SKU-013,Tri-Band WiFi 7 Mesh Router System,Consumer Electronics,2024-10-14,60.0,81.6,64.3,98.8,Test
SKU-013,Tri-Band WiFi 7 Mesh Router System,Consumer Electronics,2024-10-21,64.0,85.1,67.9,102.4,Test
SKU-013,Tri-Band WiFi 7 Mesh Router System,Consumer Electronics,2024-10-28,58.0,88.3,71.0,105.6,Test
SKU-013,Tri-Band WiFi 7 Mesh Router System,Consumer Electronics,2024-11-04,99.0,90.9,73.6,108.2,Test
SKU-013,Tri-Band WiFi 7 Mesh Router System,Consumer Electronics,2024-11-11,97.0,92.9,75.6,110.2,Test
SKU-013,Tri-Band WiFi 7 Mesh Router System,Consumer Electronics,2024-11-18,116.0,94.1,76.8,111.4,Test
SKU-013,Tri-Band WiFi 7 Mesh Router System,Consumer Electronics,2024-11-25,129.0,94.5,77.2,111.8,Test
SKU-013,Tri-Band WiFi 7 Mesh Router System,Consumer Electronics,2024-12-02,113.0,94.1,76.9,111.4,Test
SKU-013,Tri-Band WiFi 7 Mesh Router System,Consumer Electronics,2024-12-09,121.0,93.0,75.7,110.3,Test
SKU-013,Tri-Band WiFi 7 Mesh Router System,Consumer Electronics,2024-12-16,96.0,91.1,73.8,108.4,Test
SKU-013,Tri-Band WiFi 7 Mesh Router System,Consumer Electronics,2024-12-23,98.0,88.6,71.4,105.9,Test
SKU-013,Tri-Band WiFi 7 Mesh Router System,Consumer Electronics,2024-12-30,,85.7,68.4,103.0,Forecast
SKU-013,Tri-Band WiFi 7 Mesh Router System,Consumer Electronics,2025-01-06,,82.4,65.1,99.6,Forecast
SKU-013,Tri-Band WiFi 7 Mesh Router System,Consumer Electronics,2025-01-13,,78.9,61.6,96.2,Forecast
SKU-013,Tri-Band WiFi 7 Mesh Router System,Consumer Electronics,2025-01-20,,75.4,58.1,92.6,Forecast
SKU-013,Tri-Band WiFi 7 Mesh Router System,Consumer Electronics,2025-01-27,,72.0,54.7,89.3,Forecast
SKU-013,Tri-Band WiFi 7 Mesh Router System,Consumer Electronics,2025-02-03,,68.9,51.6,86.2,Forecast
SKU-013,Tri-Band WiFi 7 Mesh Router System,Consumer Electronics,2025-02-10,,66.2,49.0,83.5,Forecast
SKU-013,Tri-Band WiFi 7 Mesh Router System,Consumer Electronics,2025-02-17,,64.1,46.8,81.3,Forecast
SKU-013,Tri-Band WiFi 7 Mesh Router System,Consumer Electronics,2025-02-24,,62.5,45.2,79.8,Forecast
SKU-013,Tri-Band WiFi 7 Mesh Router System,Consumer Electronics,2025-03-03,,61.5,44.2,78.8,Forecast
SKU-013,Tri-Band WiFi 7 Mesh Router System,Consumer Electronics,2025-03-10,,61.1,43.8,78.4,Forecast
SKU-013,Tri-Band WiFi 7 Mesh Router System,Consumer Electronics,2025-03-17,,61.3,44.0,78.6,Forecast
SKU-013,Tri-Band WiFi 7 Mesh Router System,Consumer Electronics,2025-03-24,,62.0,44.7,79.3,Forecast
SKU-017,Inflatable Stand Up Touring Paddleboard,Outdoor & Sports,2023-01-02,40.0,42.3,31.1,53.5,Train
SKU-017,Inflatable Stand Up Touring Paddleboard,Outdoor & Sports,2023-01-09,37.0,42.1,30.9,53.3,Train
SKU-017,Inflatable Stand Up Touring Paddleboard,Outdoor & Sports,2023-01-16,34.0,41.5,30.4,52.7,Train
SKU-017,Inflatable Stand Up Touring Paddleboard,Outdoor & Sports,2023-01-23,36.0,40.8,29.6,52.0,Train
SKU-017,Inflatable Stand Up Touring Paddleboard,Outdoor & Sports,2023-01-30,29.0,39.9,28.7,51.1,Train
SKU-017,Inflatable Stand Up Touring Paddleboard,Outdoor & Sports,2023-02-06,32.0,39.0,27.8,50.2,Train
SKU-017,Inflatable Stand Up Touring Paddleboard,Outdoor & Sports,2023-02-13,39.0,38.2,27.0,49.4,Train
SKU-017,Inflatable Stand Up Touring Paddleboard,Outdoor & Sports,2023-02-20,34.0,37.6,26.4,48.8,Train
SKU-017,Inflatable Stand Up Touring Paddleboard,Outdoor & Sports,2023-02-27,50.0,37.4,26.2,48.6,Train
SKU-017,Inflatable Stand Up Touring Paddleboard,Outdoor & Sports,2023-03-06,53.0,37.7,26.5,48.9,Train
SKU-017,Inflatable Stand Up Touring Paddleboard,Outdoor & Sports,2023-03-13,35.0,38.5,27.3,49.7,Train
SKU-017,Inflatable Stand Up Touring Paddleboard,Outdoor & Sports,2023-03-20,44.0,39.9,28.7,51.1,Train
SKU-017,Inflatable Stand Up Touring Paddleboard,Outdoor & Sports,2023-03-27,34.0,42.0,30.8,53.2,Train
SKU-017,Inflatable Stand Up Touring Paddleboard,Outdoor & Sports,2023-04-03,38.0,44.7,33.5,55.9,Train
SKU-017,Inflatable Stand Up Touring Paddleboard,Outdoor & Sports,2023-04-10,40.0,48.0,36.8,59.2,Train
SKU-017,Inflatable Stand Up Touring Paddleboard,Outdoor & Sports,2023-04-17,41.0,51.8,40.6,63.0,Train
SKU-017,Inflatable Stand Up Touring Paddleboard,Outdoor & Sports,2023-04-24,60.0,56.1,44.9,67.3,Train
SKU-017,Inflatable Stand Up Touring Paddleboard,Outdoor & Sports,2023-05-01,79.0,60.6,49.4,71.8,Train
SKU-017,Inflatable Stand Up Touring Paddleboard,Outdoor & Sports,2023-05-08,46.0,65.2,54.0,76.4,Train
SKU-017,Inflatable Stand Up Touring Paddleboard,Outdoor & Sports,2023-05-15,87.0,69.7,58.5,80.9,Train
SKU-017,Inflatable Stand Up Touring Paddleboard,Outdoor & Sports,2023-05-22,71.0,74.0,62.8,85.2,Train
SKU-017,Inflatable Stand Up Touring Paddleboard,Outdoor & Sports,2023-05-29,85.0,77.8,66.6,89.0,Train
SKU-017,Inflatable Stand Up Touring Paddleboard,Outdoor & Sports,2023-06-05,82.0,81.1,69.9,92.3,Train
SKU-017,Inflatable Stand Up Touring Paddleboard,Outdoor & Sports,2023-06-12,91.0,83.6,72.4,94.8,Train
SKU-017,Inflatable Stand Up Touring Paddleboard,Outdoor & Sports,2023-06-19,94.0,85.2,74.1,96.4,Train
SKU-017,Inflatable Stand Up Touring Paddleboard,Outdoor & Sports,2023-06-26,83.0,86.0,74.8,97.2,Train
SKU-017,Inflatable Stand Up Touring Paddleboard,Outdoor & Sports,2023-07-03,92.0,85.8,74.6,97.0,Train
SKU-017,Inflatable Stand Up Touring Paddleboard,Outdoor & Sports,2023-07-10,76.0,84.6,73.5,95.8,Train
SKU-017,Inflatable Stand Up Touring Paddleboard,Outdoor & Sports,2023-07-17,85.0,82.6,71.4,93.8,Train
SKU-017,Inflatable Stand Up Touring Paddleboard,Outdoor & Sports,2023-07-24,69.0,79.8,68.6,90.9,Train
SKU-017,Inflatable Stand Up Touring Paddleboard,Outdoor & Sports,2023-07-31,68.0,76.2,65.0,87.4,Train
SKU-017,Inflatable Stand Up Touring Paddleboard,Outdoor & Sports,2023-08-07,64.0,72.1,61.0,83.3,Train
SKU-017,Inflatable Stand Up Touring Paddleboard,Outdoor & Sports,2023-08-14,67.0,67.7,56.5,78.9,Train
SKU-017,Inflatable Stand Up Touring Paddleboard,Outdoor & Sports,2023-08-21,75.0,63.1,51.9,74.3,Train
SKU-017,Inflatable Stand Up Touring Paddleboard,Outdoor & Sports,2023-08-28,81.0,58.4,47.2,69.6,Train
SKU-017,Inflatable Stand Up Touring Paddleboard,Outdoor & Sports,2023-09-04,48.0,54.0,42.8,65.2,Train
SKU-017,Inflatable Stand Up Touring Paddleboard,Outdoor & Sports,2023-09-11,35.0,49.8,38.6,61.0,Train
SKU-017,Inflatable Stand Up Touring Paddleboard,Outdoor & Sports,2023-09-18,38.0,46.2,35.0,57.4,Train
SKU-017,Inflatable Stand Up Touring Paddleboard,Outdoor & Sports,2023-09-25,41.0,43.1,31.9,54.2,Train
SKU-017,Inflatable Stand Up Touring Paddleboard,Outdoor & Sports,2023-10-02,45.0,40.6,29.4,51.8,Train
SKU-017,Inflatable Stand Up Touring Paddleboard,Outdoor & Sports,2023-10-09,51.0,38.8,27.6,50.0,Train
SKU-017,Inflatable Stand Up Touring Paddleboard,Outdoor & Sports,2023-10-16,36.0,37.7,26.5,48.9,Train
SKU-017,Inflatable Stand Up Touring Paddleboard,Outdoor & Sports,2023-10-23,31.0,37.2,26.0,48.3,Train
SKU-017,Inflatable Stand Up Touring Paddleboard,Outdoor & Sports,2023-10-30,36.0,37.2,26.0,48.4,Train
SKU-017,Inflatable Stand Up Touring Paddleboard,Outdoor & Sports,2023-11-06,40.0,37.7,26.5,48.9,Train
SKU-017,Inflatable Stand Up Touring Paddleboard,Outdoor & Sports,2023-11-13,47.0,38.5,27.4,49.7,Train
SKU-017,Inflatable Stand Up Touring Paddleboard,Outdoor & Sports,2023-11-20,49.0,39.6,28.4,50.8,Train
SKU-017,Inflatable Stand Up Touring Paddleboard,Outdoor & Sports,2023-11-27,46.0,40.7,29.5,51.9,Train
SKU-017,Inflatable Stand Up Touring Paddleboard,Outdoor & Sports,2023-12-04,43.0,41.8,30.6,53.0,Train
SKU-017,Inflatable Stand Up Touring Paddleboard,Outdoor & Sports,2023-12-11,43.0,42.7,31.6,53.9,Train
SKU-017,Inflatable Stand Up Touring Paddleboard,Outdoor & Sports,2023-12-18,48.0,43.4,32.3,54.6,Train
SKU-017,Inflatable Stand Up Touring Paddleboard,Outdoor & Sports,2023-12-25,48.0,43.8,32.7,55.0,Train
SKU-017,Inflatable Stand Up Touring Paddleboard,Outdoor & Sports,2024-01-01,45.0,43.9,32.7,55.1,Train
SKU-017,Inflatable Stand Up Touring Paddleboard,Outdoor & Sports,2024-01-08,28.0,43.7,32.5,54.9,Train
SKU-017,Inflatable Stand Up Touring Paddleboard,Outdoor & Sports,2024-01-15,48.0,43.1,32.0,54.3,Train
SKU-017,Inflatable Stand Up Touring Paddleboard,Outdoor & Sports,2024-01-22,49.0,42.4,31.2,53.6,Train
SKU-017,Inflatable Stand Up Touring Paddleboard,Outdoor & Sports,2024-01-29,37.0,41.5,30.3,52.7,Train
SKU-017,Inflatable Stand Up Touring Paddleboard,Outdoor & Sports,2024-02-05,48.0,40.6,29.4,51.8,Train
SKU-017,Inflatable Stand Up Touring Paddleboard,Outdoor & Sports,2024-02-12,53.0,39.8,28.6,51.0,Train
SKU-017,Inflatable Stand Up Touring Paddleboard,Outdoor & Sports,2024-02-19,49.0,39.2,28.0,50.4,Train
SKU-017,Inflatable Stand Up Touring Paddleboard,Outdoor & Sports,2024-02-26,41.0,39.0,27.8,50.2,Train
SKU-017,Inflatable Stand Up Touring Paddleboard,Outdoor & Sports,2024-03-04,43.0,39.3,28.1,50.5,Train
SKU-017,Inflatable Stand Up Touring Paddleboard,Outdoor & Sports,2024-03-11,38.0,40.1,28.9,51.3,Train
SKU-017,Inflatable Stand Up Touring Paddleboard,Outdoor & Sports,2024-03-18,49.0,41.5,30.3,52.7,Train
SKU-017,Inflatable Stand Up Touring Paddleboard,Outdoor & Sports,2024-03-25,40.0,43.6,32.4,54.8,Train
SKU-017,Inflatable Stand Up Touring Paddleboard,Outdoor & Sports,2024-04-01,37.0,46.3,35.1,57.5,Train
SKU-017,Inflatable Stand Up Touring Paddleboard,Outdoor & Sports,2024-04-08,51.0,49.6,38.4,60.8,Train
SKU-017,Inflatable Stand Up Touring Paddleboard,Outdoor & Sports,2024-04-15,44.0,53.4,42.2,64.6,Train
SKU-017,Inflatable Stand Up Touring Paddleboard,Outdoor & Sports,2024-04-22,47.0,57.7,46.5,68.9,Train
SKU-017,Inflatable Stand Up Touring Paddleboard,Outdoor & Sports,2024-04-29,52.0,62.2,51.0,73.4,Train
SKU-017,Inflatable Stand Up Touring Paddleboard,Outdoor & Sports,2024-05-06,71.0,66.8,55.6,78.0,Train
SKU-017,Inflatable Stand Up Touring Paddleboard,Outdoor & Sports,2024-05-13,79.0,71.3,60.1,82.5,Train
SKU-017,Inflatable Stand Up Touring Paddleboard,Outdoor & Sports,2024-05-20,81.0,75.6,64.4,86.8,Train
SKU-017,Inflatable Stand Up Touring Paddleboard,Outdoor & Sports,2024-05-27,93.0,79.4,68.2,90.6,Train
SKU-017,Inflatable Stand Up Touring Paddleboard,Outdoor & Sports,2024-06-03,77.0,82.7,71.5,93.9,Train
SKU-017,Inflatable Stand Up Touring Paddleboard,Outdoor & Sports,2024-06-10,89.0,85.2,74.0,96.4,Train
SKU-017,Inflatable Stand Up Touring Paddleboard,Outdoor & Sports,2024-06-17,82.0,86.8,75.7,98.0,Train
SKU-017,Inflatable Stand Up Touring Paddleboard,Outdoor & Sports,2024-06-24,79.0,87.6,76.4,98.8,Train
SKU-017,Inflatable Stand Up Touring Paddleboard,Outdoor & Sports,2024-07-01,69.0,87.4,76.2,98.6,Train
SKU-017,Inflatable Stand Up Touring Paddleboard,Outdoor & Sports,2024-07-08,90.0,86.3,75.1,97.4,Train
SKU-017,Inflatable Stand Up Touring Paddleboard,Outdoor & Sports,2024-07-15,86.0,84.2,73.0,95.4,Train
SKU-017,Inflatable Stand Up Touring Paddleboard,Outdoor & Sports,2024-07-22,89.0,81.4,70.2,92.5,Train
SKU-017,Inflatable Stand Up Touring Paddleboard,Outdoor & Sports,2024-07-29,72.0,77.8,66.6,89.0,Train
SKU-017,Inflatable Stand Up Touring Paddleboard,Outdoor & Sports,2024-08-05,67.0,73.7,62.6,84.9,Train
SKU-017,Inflatable Stand Up Touring Paddleboard,Outdoor & Sports,2024-08-12,76.0,69.3,58.1,80.5,Train
SKU-017,Inflatable Stand Up Touring Paddleboard,Outdoor & Sports,2024-08-19,88.0,64.7,53.5,75.9,Train
SKU-017,Inflatable Stand Up Touring Paddleboard,Outdoor & Sports,2024-08-26,77.0,60.0,48.8,71.2,Train
SKU-017,Inflatable Stand Up Touring Paddleboard,Outdoor & Sports,2024-09-02,34.0,55.6,44.4,66.8,Train
SKU-017,Inflatable Stand Up Touring Paddleboard,Outdoor & Sports,2024-09-09,44.0,51.4,40.3,62.6,Train
SKU-017,Inflatable Stand Up Touring Paddleboard,Outdoor & Sports,2024-09-16,49.0,47.8,36.6,59.0,Train
SKU-017,Inflatable Stand Up Touring Paddleboard,Outdoor & Sports,2024-09-23,42.0,44.7,33.5,55.9,Train
SKU-017,Inflatable Stand Up Touring Paddleboard,Outdoor & Sports,2024-09-30,34.0,42.2,31.0,53.4,Train
SKU-017,Inflatable Stand Up Touring Paddleboard,Outdoor & Sports,2024-10-07,46.0,40.4,29.2,51.6,Test
SKU-017,Inflatable Stand Up Touring Paddleboard,Outdoor & Sports,2024-10-14,40.0,39.3,28.1,50.5,Test
SKU-017,Inflatable Stand Up Touring Paddleboard,Outdoor & Sports,2024-10-21,39.0,38.8,27.6,49.9,Test
SKU-017,Inflatable Stand Up Touring Paddleboard,Outdoor & Sports,2024-10-28,38.0,38.8,27.6,50.0,Test
SKU-017,Inflatable Stand Up Touring Paddleboard,Outdoor & Sports,2024-11-04,40.0,39.3,28.1,50.5,Test
SKU-017,Inflatable Stand Up Touring Paddleboard,Outdoor & Sports,2024-11-11,39.0,40.1,29.0,51.3,Test
SKU-017,Inflatable Stand Up Touring Paddleboard,Outdoor & Sports,2024-11-18,42.0,41.2,30.0,52.4,Test
SKU-017,Inflatable Stand Up Touring Paddleboard,Outdoor & Sports,2024-11-25,33.0,42.3,31.1,53.5,Test
SKU-017,Inflatable Stand Up Touring Paddleboard,Outdoor & Sports,2024-12-02,31.0,43.4,32.2,54.6,Test
SKU-017,Inflatable Stand Up Touring Paddleboard,Outdoor & Sports,2024-12-09,54.0,44.3,33.2,55.5,Test
SKU-017,Inflatable Stand Up Touring Paddleboard,Outdoor & Sports,2024-12-16,43.0,45.0,33.9,56.2,Test
SKU-017,Inflatable Stand Up Touring Paddleboard,Outdoor & Sports,2024-12-23,43.0,45.4,34.3,56.6,Test
SKU-017,Inflatable Stand Up Touring Paddleboard,Outdoor & Sports,2024-12-30,,45.5,34.3,56.7,Forecast
SKU-017,Inflatable Stand Up Touring Paddleboard,Outdoor & Sports,2025-01-06,,45.3,34.1,56.5,Forecast
SKU-017,Inflatable Stand Up Touring Paddleboard,Outdoor & Sports,2025-01-13,,44.7,33.6,55.9,Forecast
SKU-017,Inflatable Stand Up Touring Paddleboard,Outdoor & Sports,2025-01-20,,44.0,32.8,55.2,Forecast
SKU-017,Inflatable Stand Up Touring Paddleboard,Outdoor & Sports,2025-01-27,,43.1,31.9,54.3,Forecast
SKU-017,Inflatable Stand Up Touring Paddleboard,Outdoor & Sports,2025-02-03,,42.2,31.0,53.4,Forecast
SKU-017,Inflatable Stand Up Touring Paddleboard,Outdoor & Sports,2025-02-10,,41.4,30.2,52.6,Forecast
SKU-017,Inflatable Stand Up Touring Paddleboard,Outdoor & Sports,2025-02-17,,40.8,29.7,52.0,Forecast
SKU-017,Inflatable Stand Up Touring Paddleboard,Outdoor & Sports,2025-02-24,,40.6,29.4,51.8,Forecast
SKU-017,Inflatable Stand Up Touring Paddleboard,Outdoor & Sports,2025-03-03,,40.9,29.7,52.1,Forecast
SKU-017,Inflatable Stand Up Touring Paddleboard,Outdoor & Sports,2025-03-10,,41.7,30.5,52.9,Forecast
SKU-017,Inflatable Stand Up Touring Paddleboard,Outdoor & Sports,2025-03-17,,43.1,31.9,54.3,Forecast
SKU-017,Inflatable Stand Up Touring Paddleboard,Outdoor & Sports,2025-03-24,,45.2,34.0,56.4,Forecast
SKU-019,High-Impact Recovery Massage Gun Pro,Consumer Electronics,2023-01-02,62.0,101.9,76.8,127.0,Train
SKU-019,High-Impact Recovery Massage Gun Pro,Consumer Electronics,2023-01-09,70.0,96.5,71.4,121.6,Train
SKU-019,High-Impact Recovery Massage Gun Pro,Consumer Electronics,2023-01-16,59.0,90.9,65.8,116.0,Train
SKU-019,High-Impact Recovery Massage Gun Pro,Consumer Electronics,2023-01-23,81.0,85.3,60.2,110.4,Train
SKU-019,High-Impact Recovery Massage Gun Pro,Consumer Electronics,2023-01-30,73.0,80.0,54.9,105.1,Train
SKU-019,High-Impact Recovery Massage Gun Pro,Consumer Electronics,2023-02-06,72.0,75.2,50.1,100.3,Train
SKU-019,High-Impact Recovery Massage Gun Pro,Consumer Electronics,2023-02-13,63.0,71.1,46.0,96.2,Train
SKU-019,High-Impact Recovery Massage Gun Pro,Consumer Electronics,2023-02-20,81.0,68.0,42.9,93.1,Train
SKU-019,High-Impact Recovery Massage Gun Pro,Consumer Electronics,2023-02-27,82.0,65.8,40.7,90.9,Train
SKU-019,High-Impact Recovery Massage Gun Pro,Consumer Electronics,2023-03-06,83.0,64.7,39.6,89.8,Train
SKU-019,High-Impact Recovery Massage Gun Pro,Consumer Electronics,2023-03-13,77.0,64.6,39.5,89.7,Train
SKU-019,High-Impact Recovery Massage Gun Pro,Consumer Electronics,2023-03-20,73.0,65.5,40.4,90.5,Train
SKU-019,High-Impact Recovery Massage Gun Pro,Consumer Electronics,2023-03-27,80.0,67.1,42.0,92.2,Train
SKU-019,High-Impact Recovery Massage Gun Pro,Consumer Electronics,2023-04-03,103.0,69.5,44.4,94.6,Train
SKU-019,High-Impact Recovery Massage Gun Pro,Consumer Electronics,2023-04-10,93.0,72.2,47.1,97.3,Train
SKU-019,High-Impact Recovery Massage Gun Pro,Consumer Electronics,2023-04-17,72.0,75.2,50.1,100.3,Train
SKU-019,High-Impact Recovery Massage Gun Pro,Consumer Electronics,2023-04-24,92.0,78.2,53.1,103.3,Train
SKU-019,High-Impact Recovery Massage Gun Pro,Consumer Electronics,2023-05-01,76.0,81.0,55.9,106.1,Train
SKU-019,High-Impact Recovery Massage Gun Pro,Consumer Electronics,2023-05-08,65.0,83.3,58.2,108.4,Train
SKU-019,High-Impact Recovery Massage Gun Pro,Consumer Electronics,2023-05-15,92.0,85.0,59.9,110.1,Train
SKU-019,High-Impact Recovery Massage Gun Pro,Consumer Electronics,2023-05-22,85.0,86.1,61.0,111.2,Train
SKU-019,High-Impact Recovery Massage Gun Pro,Consumer Electronics,2023-05-29,71.0,86.3,61.2,111.4,Train
SKU-019,High-Impact Recovery Massage Gun Pro,Consumer Electronics,2023-06-05,77.0,85.8,60.7,110.9,Train
SKU-019,High-Impact Recovery Massage Gun Pro,Consumer Electronics,2023-06-12,99.0,84.5,59.4,109.6,Train
SKU-019,High-Impact Recovery Massage Gun Pro,Consumer Electronics,2023-06-19,70.0,82.6,57.5,107.7,Train
SKU-019,High-Impact Recovery Massage Gun Pro,Consumer Electronics,2023-06-26,67.0,80.2,55.1,105.3,Train
SKU-019,High-Impact Recovery Massage Gun Pro,Consumer Electronics,2023-07-03,77.0,77.5,52.4,102.6,Train
SKU-019,High-Impact Recovery Massage Gun Pro,Consumer Electronics,2023-07-10,100.0,74.7,49.6,99.8,Train
SKU-019,High-Impact Recovery Massage Gun Pro,Consumer Electronics,2023-07-17,90.0,72.0,46.9,97.1,Train
SKU-019,High-Impact Recovery Massage Gun Pro,Consumer Electronics,2023-07-24,72.0,69.7,44.6,94.8,Train
SKU-019,High-Impact Recovery Massage Gun Pro,Consumer Electronics,2023-07-31,97.0,68.0,42.9,93.1,Train
SKU-019,High-Impact Recovery Massage Gun Pro,Consumer Electronics,2023-08-07,93.0,67.0,42.0,92.1,Train
SKU-019,High-Impact Recovery Massage Gun Pro,Consumer Electronics,2023-08-14,60.0,67.0,41.9,92.1,Train
SKU-019,High-Impact Recovery Massage Gun Pro,Consumer Electronics,2023-08-21,59.0,68.0,42.9,93.1,Train
SKU-019,High-Impact Recovery Massage Gun Pro,Consumer Electronics,2023-08-28,69.0,70.1,45.0,95.1,Train
SKU-019,High-Impact Recovery Massage Gun Pro,Consumer Electronics,2023-09-04,73.0,73.1,48.0,98.2,Train
SKU-019,High-Impact Recovery Massage Gun Pro,Consumer Electronics,2023-09-11,94.0,77.2,52.1,102.3,Train
SKU-019,High-Impact Recovery Massage Gun Pro,Consumer Electronics,2023-09-18,81.0,82.1,57.0,107.2,Train
SKU-019,High-Impact Recovery Massage Gun Pro,Consumer Electronics,2023-09-25,50.0,87.6,62.5,112.7,Train
SKU-019,High-Impact Recovery Massage Gun Pro,Consumer Electronics,2023-10-02,92.0,93.5,68.4,118.6,Train
SKU-019,High-Impact Recovery Massage Gun Pro,Consumer Electronics,2023-10-09,90.0,99.6,74.5,124.7,Train
SKU-019,High-Impact Recovery Massage Gun Pro,Consumer Electronics,2023-10-16,90.0,105.6,80.5,130.7,Train
SKU-019,High-Impact Recovery Massage Gun Pro,Consumer Electronics,2023-10-23,83.0,111.2,86.1,136.3,Train
SKU-019,High-Impact Recovery Massage Gun Pro,Consumer Electronics,2023-10-30,106.0,116.1,91.1,141.2,Train
SKU-019,High-Impact Recovery Massage Gun Pro,Consumer Electronics,2023-11-06,119.0,120.2,95.1,145.3,Train
SKU-019,High-Impact Recovery Massage Gun Pro,Consumer Electronics,2023-11-13,164.0,123.2,98.1,148.3,Train
SKU-019,High-Impact Recovery Massage Gun Pro,Consumer Electronics,2023-11-20,152.0,125.0,99.9,150.1,Train
SKU-019,High-Impact Recovery Massage Gun Pro,Consumer Electronics,2023-11-27,170.0,125.6,100.5,150.6,Train
SKU-019,High-Impact Recovery Massage Gun Pro,Consumer Electronics,2023-12-04,165.0,124.8,99.7,149.9,Train
SKU-019,High-Impact Recovery Massage Gun Pro,Consumer Electronics,2023-12-11,139.0,122.8,97.7,147.9,Train
SKU-019,High-Impact Recovery Massage Gun Pro,Consumer Electronics,2023-12-18,129.0,119.6,94.5,144.7,Train
SKU-019,High-Impact Recovery Massage Gun Pro,Consumer Electronics,2023-12-25,129.0,115.5,90.4,140.6,Train
SKU-019,High-Impact Recovery Massage Gun Pro,Consumer Electronics,2024-01-01,83.0,110.6,85.5,135.7,Train
SKU-019,High-Impact Recovery Massage Gun Pro,Consumer Electronics,2024-01-08,71.0,105.2,80.1,130.3,Train
SKU-019,High-Impact Recovery Massage Gun Pro,Consumer Electronics,2024-01-15,66.0,99.6,74.5,124.7,Train
SKU-019,High-Impact Recovery Massage Gun Pro,Consumer Electronics,2024-01-22,78.0,94.0,68.9,119.1,Train
SKU-019,High-Impact Recovery Massage Gun Pro,Consumer Electronics,2024-01-29,68.0,88.6,63.5,113.7,Train
SKU-019,High-Impact Recovery Massage Gun Pro,Consumer Electronics,2024-02-05,81.0,83.9,58.8,109.0,Train
SKU-019,High-Impact Recovery Massage Gun Pro,Consumer Electronics,2024-02-12,81.0,79.8,54.7,104.9,Train
SKU-019,High-Impact Recovery Massage Gun Pro,Consumer Electronics,2024-02-19,79.0,76.7,51.6,101.7,Train
SKU-019,High-Impact Recovery Massage Gun Pro,Consumer Electronics,2024-02-26,74.0,74.5,49.4,99.6,Train
SKU-019,High-Impact Recovery Massage Gun Pro,Consumer Electronics,2024-03-04,88.0,73.4,48.3,98.5,Train
SKU-019,High-Impact Recovery Massage Gun Pro,Consumer Electronics,2024-03-11,93.0,73.3,48.2,98.4,Train
SKU-019,High-Impact Recovery Massage Gun Pro,Consumer Electronics,2024-03-18,66.0,74.1,49.0,99.2,Train
SKU-019,High-Impact Recovery Massage Gun Pro,Consumer Electronics,2024-03-25,83.0,75.8,50.7,100.9,Train
SKU-019,High-Impact Recovery Massage Gun Pro,Consumer Electronics,2024-04-01,86.0,78.1,53.0,103.2,Train
SKU-019,High-Impact Recovery Massage Gun Pro,Consumer Electronics,2024-04-08,87.0,80.9,55.8,106.0,Train
SKU-019,High-Impact Recovery Massage Gun Pro,Consumer Electronics,2024-04-15,62.0,83.9,58.8,109.0,Train
SKU-019,High-Impact Recovery Massage Gun Pro,Consumer Electronics,2024-04-22,87.0,86.9,61.8,112.0,Train
SKU-019,High-Impact Recovery Massage Gun Pro,Consumer Electronics,2024-04-29,68.0,89.6,64.6,114.7,Train
SKU-019,High-Impact Recovery Massage Gun Pro,Consumer Electronics,2024-05-06,88.0,92.0,66.9,117.1,Train
SKU-019,High-Impact Recovery Massage Gun Pro,Consumer Electronics,2024-05-13,68.0,93.7,68.6,118.8,Train
SKU-019,High-Impact Recovery Massage Gun Pro,Consumer Electronics,2024-05-20,86.0,94.7,69.7,119.8,Train
SKU-019,High-Impact Recovery Massage Gun Pro,Consumer Electronics,2024-05-27,97.0,95.0,69.9,120.1,Train
SKU-019,High-Impact Recovery Massage Gun Pro,Consumer Electronics,2024-06-03,85.0,94.5,69.4,119.6,Train
SKU-019,High-Impact Recovery Massage Gun Pro,Consumer Electronics,2024-06-10,65.0,93.2,68.1,118.3,Train
SKU-019,High-Impact Recovery Massage Gun Pro,Consumer Electronics,2024-06-17,93.0,91.3,66.2,116.4,Train
SKU-019,High-Impact Recovery Massage Gun Pro,Consumer Electronics,2024-06-24,81.0,88.9,63.8,114.0,Train
SKU-019,High-Impact Recovery Massage Gun Pro,Consumer Electronics,2024-07-01,98.0,86.2,61.1,111.3,Train
SKU-019,High-Impact Recovery Massage Gun Pro,Consumer Electronics,2024-07-08,86.0,83.4,58.3,108.5,Train
SKU-019,High-Impact Recovery Massage Gun Pro,Consumer Electronics,2024-07-15,75.0,80.7,55.6,105.8,Train
SKU-019,High-Impact Recovery Massage Gun Pro,Consumer Electronics,2024-07-22,85.0,78.4,53.3,103.5,Train
SKU-019,High-Impact Recovery Massage Gun Pro,Consumer Electronics,2024-07-29,61.0,76.7,51.6,101.8,Train
SKU-019,High-Impact Recovery Massage Gun Pro,Consumer Electronics,2024-08-05,105.0,75.7,50.6,100.8,Train
SKU-019,High-Impact Recovery Massage Gun Pro,Consumer Electronics,2024-08-12,110.0,75.7,50.6,100.8,Train
SKU-019,High-Impact Recovery Massage Gun Pro,Consumer Electronics,2024-08-19,70.0,76.7,51.6,101.8,Train
SKU-019,High-Impact Recovery Massage Gun Pro,Consumer Electronics,2024-08-26,82.0,78.7,53.6,103.8,Train
SKU-019,High-Impact Recovery Massage Gun Pro,Consumer Electronics,2024-09-02,82.0,81.8,56.7,106.9,Train
SKU-019,High-Impact Recovery Massage Gun Pro,Consumer Electronics,2024-09-09,96.0,85.9,60.8,111.0,Train
SKU-019,High-Impact Recovery Massage Gun Pro,Consumer Electronics,2024-09-16,57.0,90.8,65.7,115.9,Train
SKU-019,High-Impact Recovery Massage Gun Pro,Consumer Electronics,2024-09-23,86.0,96.3,71.2,121.4,Train
SKU-019,High-Impact Recovery Massage Gun Pro,Consumer Electronics,2024-09-30,86.0,102.2,77.1,127.3,Train
SKU-019,High-Impact Recovery Massage Gun Pro,Consumer Electronics,2024-10-07,102.0,108.3,83.2,133.4,Test
SKU-019,High-Impact Recovery Massage Gun Pro,Consumer Electronics,2024-10-14,84.0,114.3,89.2,139.4,Test
SKU-019,High-Impact Recovery Massage Gun Pro,Consumer Electronics,2024-10-21,88.0,119.9,94.8,145.0,Test
SKU-019,High-Impact Recovery Massage Gun Pro,Consumer Electronics,2024-10-28,94.0,124.8,99.7,149.9,Test
SKU-019,High-Impact Recovery Massage Gun Pro,Consumer Electronics,2024-11-04,182.0,128.9,103.8,154.0,Test
SKU-019,High-Impact Recovery Massage Gun Pro,Consumer Electronics,2024-11-11,130.0,131.9,106.8,157.0,Test
SKU-019,High-Impact Recovery Massage Gun Pro,Consumer Electronics,2024-11-18,169.0,133.7,108.6,158.8,Test
SKU-019,High-Impact Recovery Massage Gun Pro,Consumer Electronics,2024-11-25,152.0,134.2,109.1,159.3,Test
SKU-019,High-Impact Recovery Massage Gun Pro,Consumer Electronics,2024-12-02,137.0,133.5,108.4,158.6,Test
SKU-019,High-Impact Recovery Massage Gun Pro,Consumer Electronics,2024-12-09,164.0,131.4,106.3,156.5,Test
SKU-019,High-Impact Recovery Massage Gun Pro,Consumer Electronics,2024-12-16,144.0,128.3,103.2,153.4,Test
SKU-019,High-Impact Recovery Massage Gun Pro,Consumer Electronics,2024-12-23,108.0,124.2,99.1,149.3,Test
SKU-019,High-Impact Recovery Massage Gun Pro,Consumer Electronics,2024-12-30,,119.3,94.2,144.4,Forecast
SKU-019,High-Impact Recovery Massage Gun Pro,Consumer Electronics,2025-01-06,,113.9,88.8,139.0,Forecast
SKU-019,High-Impact Recovery Massage Gun Pro,Consumer Electronics,2025-01-13,,108.3,83.2,133.3,Forecast
SKU-019,High-Impact Recovery Massage Gun Pro,Consumer Electronics,2025-01-20,,102.6,77.5,127.7,Forecast
SKU-019,High-Impact Recovery Massage Gun Pro,Consumer Electronics,2025-01-27,,97.3,72.2,122.4,Forecast
SKU-019,High-Impact Recovery Massage Gun Pro,Consumer Electronics,2025-02-03,,92.5,67.4,117.6,Forecast
SKU-019,High-Impact Recovery Massage Gun Pro,Consumer Electronics,2025-02-10,,88.5,63.4,113.6,Forecast
SKU-019,High-Impact Recovery Massage Gun Pro,Consumer Electronics,2025-02-17,,85.3,60.2,110.4,Forecast
SKU-019,High-Impact Recovery Massage Gun Pro,Consumer Electronics,2025-02-24,,83.2,58.1,108.3,Forecast
SKU-019,High-Impact Recovery Massage Gun Pro,Consumer Electronics,2025-03-03,,82.1,57.0,107.2,Forecast
SKU-019,High-Impact Recovery Massage Gun Pro,Consumer Electronics,2025-03-10,,82.0,56.9,107.1,Forecast
SKU-019,High-Impact Recovery Massage Gun Pro,Consumer Electronics,2025-03-17,,82.8,57.7,107.9,Forecast
SKU-019,High-Impact Recovery Massage Gun Pro,Consumer Electronics,2025-03-24,,84.5,59.4,109.6,Forecast
SKU-020,All-Weather Gore-Tex Hardshell Jacket,Apparel & Footwear,2023-01-02,65.0,59.7,49.1,70.3,Train
SKU-020,All-Weather Gore-Tex Hardshell Jacket,Apparel & Footwear,2023-01-09,57.0,59.6,49.1,70.2,Train
SKU-020,All-Weather Gore-Tex Hardshell Jacket,Apparel & Footwear,2023-01-16,51.0,59.5,49.0,70.1,Train
SKU-020,All-Weather Gore-Tex Hardshell Jacket,Apparel & Footwear,2023-01-23,74.0,59.4,48.8,70.0,Train
SKU-020,All-Weather Gore-Tex Hardshell Jacket,Apparel & Footwear,2023-01-30,46.0,59.2,48.7,69.8,Train
SKU-020,All-Weather Gore-Tex Hardshell Jacket,Apparel & Footwear,2023-02-06,52.0,59.0,48.5,69.6,Train
SKU-020,All-Weather Gore-Tex Hardshell Jacket,Apparel & Footwear,2023-02-13,60.0,58.8,48.2,69.4,Train
SKU-020,All-Weather Gore-Tex Hardshell Jacket,Apparel & Footwear,2023-02-20,61.0,58.6,48.0,69.1,Train
SKU-020,All-Weather Gore-Tex Hardshell Jacket,Apparel & Footwear,2023-02-27,53.0,58.4,47.8,68.9,Train
SKU-020,All-Weather Gore-Tex Hardshell Jacket,Apparel & Footwear,2023-03-06,59.0,58.1,47.6,68.7,Train
SKU-020,All-Weather Gore-Tex Hardshell Jacket,Apparel & Footwear,2023-03-13,67.0,58.0,47.4,68.5,Train
SKU-020,All-Weather Gore-Tex Hardshell Jacket,Apparel & Footwear,2023-03-20,52.0,57.8,47.3,68.4,Train
SKU-020,All-Weather Gore-Tex Hardshell Jacket,Apparel & Footwear,2023-03-27,66.0,57.7,47.2,68.3,Train
SKU-020,All-Weather Gore-Tex Hardshell Jacket,Apparel & Footwear,2023-04-03,56.0,57.7,47.1,68.3,Train
SKU-020,All-Weather Gore-Tex Hardshell Jacket,Apparel & Footwear,2023-04-10,54.0,57.7,47.1,68.3,Train
SKU-020,All-Weather Gore-Tex Hardshell Jacket,Apparel & Footwear,2023-04-17,63.0,57.8,47.2,68.3,Train
SKU-020,All-Weather Gore-Tex Hardshell Jacket,Apparel & Footwear,2023-04-24,67.0,57.9,47.3,68.5,Train
SKU-020,All-Weather Gore-Tex Hardshell Jacket,Apparel & Footwear,2023-05-01,48.0,58.1,47.5,68.6,Train
SKU-020,All-Weather Gore-Tex Hardshell Jacket,Apparel & Footwear,2023-05-08,60.0,58.3,47.7,68.8,Train
SKU-020,All-Weather Gore-Tex Hardshell Jacket,Apparel & Footwear,2023-05-15,66.0,58.5,47.9,69.1,Train
SKU-020,All-Weather Gore-Tex Hardshell Jacket,Apparel & Footwear,2023-05-22,62.0,58.8,48.2,69.3,Train
SKU-020,All-Weather Gore-Tex Hardshell Jacket,Apparel & Footwear,2023-05-29,51.0,59.0,48.5,69.6,Train
SKU-020,All-Weather Gore-Tex Hardshell Jacket,Apparel & Footwear,2023-06-05,67.0,59.3,48.7,69.9,Train
SKU-020,All-Weather Gore-Tex Hardshell Jacket,Apparel & Footwear,2023-06-12,61.0,59.5,49.0,70.1,Train
SKU-020,All-Weather Gore-Tex Hardshell Jacket,Apparel & Footwear,2023-06-19,65.0,59.8,49.2,70.3,Train
SKU-020,All-Weather Gore-Tex Hardshell Jacket,Apparel & Footwear,2023-06-26,63.0,59.9,49.4,70.5,Train
SKU-020,All-Weather Gore-Tex Hardshell Jacket,Apparel & Footwear,2023-07-03,61.0,60.1,49.5,70.7,Train
SKU-020,All-Weather Gore-Tex Hardshell Jacket,Apparel & Footwear,2023-07-10,67.0,60.2,49.6,70.7,Train
SKU-020,All-Weather Gore-Tex Hardshell Jacket,Apparel & Footwear,2023-07-17,60.0,60.2,49.7,70.8,Train
SKU-020,All-Weather Gore-Tex Hardshell Jacket,Apparel & Footwear,2023-07-24,60.0,60.2,49.7,70.8,Train
SKU-020,All-Weather Gore-Tex Hardshell Jacket,Apparel & Footwear,2023-07-31,51.0,60.2,49.6,70.8,Train
SKU-020,All-Weather Gore-Tex Hardshell Jacket,Apparel & Footwear,2023-08-07,57.0,60.1,49.6,70.7,Train
SKU-020,All-Weather Gore-Tex Hardshell Jacket,Apparel & Footwear,2023-08-14,58.0,60.0,49.5,70.6,Train
SKU-020,All-Weather Gore-Tex Hardshell Jacket,Apparel & Footwear,2023-08-21,57.0,59.9,49.3,70.5,Train
SKU-020,All-Weather Gore-Tex Hardshell Jacket,Apparel & Footwear,2023-08-28,62.0,59.8,49.2,70.3,Train
SKU-020,All-Weather Gore-Tex Hardshell Jacket,Apparel & Footwear,2023-09-04,55.0,59.6,49.1,70.2,Train
SKU-020,All-Weather Gore-Tex Hardshell Jacket,Apparel & Footwear,2023-09-11,65.0,59.5,49.0,70.1,Train
SKU-020,All-Weather Gore-Tex Hardshell Jacket,Apparel & Footwear,2023-09-18,66.0,59.4,48.9,70.0,Train
SKU-020,All-Weather Gore-Tex Hardshell Jacket,Apparel & Footwear,2023-09-25,52.0,59.4,48.8,70.0,Train
SKU-020,All-Weather Gore-Tex Hardshell Jacket,Apparel & Footwear,2023-10-02,75.0,59.4,48.8,69.9,Train
SKU-020,All-Weather Gore-Tex Hardshell Jacket,Apparel & Footwear,2023-10-09,51.0,59.4,48.8,69.9,Train
SKU-020,All-Weather Gore-Tex Hardshell Jacket,Apparel & Footwear,2023-10-16,50.0,59.4,48.9,70.0,Train
SKU-020,All-Weather Gore-Tex Hardshell Jacket,Apparel & Footwear,2023-10-23,46.0,59.5,48.9,70.1,Train
SKU-020,All-Weather Gore-Tex Hardshell Jacket,Apparel & Footwear,2023-10-30,64.0,59.6,49.1,70.2,Train
SKU-020,All-Weather Gore-Tex Hardshell Jacket,Apparel & Footwear,2023-11-06,55.0,59.8,49.2,70.3,Train
SKU-020,All-Weather Gore-Tex Hardshell Jacket,Apparel & Footwear,2023-11-13,51.0,59.9,49.4,70.5,Train
SKU-020,All-Weather Gore-Tex Hardshell Jacket,Apparel & Footwear,2023-11-20,52.0,60.1,49.5,70.7,Train
SKU-020,All-Weather Gore-Tex Hardshell Jacket,Apparel & Footwear,2023-11-27,59.0,60.2,49.7,70.8,Train
SKU-020,All-Weather Gore-Tex Hardshell Jacket,Apparel & Footwear,2023-12-04,63.0,60.4,49.8,71.0,Train
SKU-020,All-Weather Gore-Tex Hardshell Jacket,Apparel & Footwear,2023-12-11,71.0,60.5,49.9,71.1,Train
SKU-020,All-Weather Gore-Tex Hardshell Jacket,Apparel & Footwear,2023-12-18,65.0,60.6,50.0,71.1,Train
SKU-020,All-Weather Gore-Tex Hardshell Jacket,Apparel & Footwear,2023-12-25,70.0,60.6,50.1,71.2,Train
SKU-020,All-Weather Gore-Tex Hardshell Jacket,Apparel & Footwear,2024-01-01,47.0,60.6,50.1,71.2,Train
SKU-020,All-Weather Gore-Tex Hardshell Jacket,Apparel & Footwear,2024-01-08,63.0,60.6,50.0,71.1,Train
SKU-020,All-Weather Gore-Tex Hardshell Jacket,Apparel & Footwear,2024-01-15,79.0,60.5,49.9,71.0,Train
SKU-020,All-Weather Gore-Tex Hardshell Jacket,Apparel & Footwear,2024-01-22,59.0,60.3,49.8,70.9,Train
SKU-020,All-Weather Gore-Tex Hardshell Jacket,Apparel & Footwear,2024-01-29,75.0,60.2,49.6,70.7,Train
SKU-020,All-Weather Gore-Tex Hardshell Jacket,Apparel & Footwear,2024-02-05,48.0,60.0,49.4,70.5,Train
SKU-020,All-Weather Gore-Tex Hardshell Jacket,Apparel & Footwear,2024-02-12,67.0,59.7,49.2,70.3,Train
SKU-020,All-Weather Gore-Tex Hardshell Jacket,Apparel & Footwear,2024-02-19,47.0,59.5,48.9,70.1,Train
SKU-020,All-Weather Gore-Tex Hardshell Jacket,Apparel & Footwear,2024-02-26,64.0,59.3,48.7,69.8,Train
SKU-020,All-Weather Gore-Tex Hardshell Jacket,Apparel & Footwear,2024-03-04,63.0,59.1,48.5,69.6,Train
SKU-020,All-Weather Gore-Tex Hardshell Jacket,Apparel & Footwear,2024-03-11,54.0,58.9,48.3,69.5,Train
SKU-020,All-Weather Gore-Tex Hardshell Jacket,Apparel & Footwear,2024-03-18,47.0,58.8,48.2,69.3,Train
SKU-020,All-Weather Gore-Tex Hardshell Jacket,Apparel & Footwear,2024-03-25,49.0,58.7,48.1,69.2,Train
SKU-020,All-Weather Gore-Tex Hardshell Jacket,Apparel & Footwear,2024-04-01,55.0,58.6,48.1,69.2,Train
SKU-020,All-Weather Gore-Tex Hardshell Jacket,Apparel & Footwear,2024-04-08,61.0,58.6,48.1,69.2,Train
SKU-020,All-Weather Gore-Tex Hardshell Jacket,Apparel & Footwear,2024-04-15,59.0,58.7,48.1,69.3,Train
SKU-020,All-Weather Gore-Tex Hardshell Jacket,Apparel & Footwear,2024-04-22,63.0,58.8,48.3,69.4,Train
SKU-020,All-Weather Gore-Tex Hardshell Jacket,Apparel & Footwear,2024-04-29,73.0,59.0,48.4,69.6,Train
SKU-020,All-Weather Gore-Tex Hardshell Jacket,Apparel & Footwear,2024-05-06,48.0,59.2,48.6,69.8,Train
SKU-020,All-Weather Gore-Tex Hardshell Jacket,Apparel & Footwear,2024-05-13,55.0,59.4,48.9,70.0,Train
SKU-020,All-Weather Gore-Tex Hardshell Jacket,Apparel & Footwear,2024-05-20,60.0,59.7,49.1,70.3,Train
SKU-020,All-Weather Gore-Tex Hardshell Jacket,Apparel & Footwear,2024-05-27,72.0,60.0,49.4,70.5,Train
SKU-020,All-Weather Gore-Tex Hardshell Jacket,Apparel & Footwear,2024-06-03,56.0,60.2,49.7,70.8,Train
SKU-020,All-Weather Gore-Tex Hardshell Jacket,Apparel & Footwear,2024-06-10,60.0,60.5,49.9,71.0,Train
SKU-020,All-Weather Gore-Tex Hardshell Jacket,Apparel & Footwear,2024-06-17,61.0,60.7,50.1,71.3,Train
SKU-020,All-Weather Gore-Tex Hardshell Jacket,Apparel & Footwear,2024-06-24,55.0,60.9,50.3,71.4,Train
SKU-020,All-Weather Gore-Tex Hardshell Jacket,Apparel & Footwear,2024-07-01,51.0,61.0,50.4,71.6,Train
SKU-020,All-Weather Gore-Tex Hardshell Jacket,Apparel & Footwear,2024-07-08,51.0,61.1,50.5,71.7,Train
SKU-020,All-Weather Gore-Tex Hardshell Jacket,Apparel & Footwear,2024-07-15,50.0,61.2,50.6,71.7,Train
SKU-020,All-Weather Gore-Tex Hardshell Jacket,Apparel & Footwear,2024-07-22,58.0,61.2,50.6,71.7,Train
SKU-020,All-Weather Gore-Tex Hardshell Jacket,Apparel & Footwear,2024-07-29,68.0,61.1,50.6,71.7,Train
SKU-020,All-Weather Gore-Tex Hardshell Jacket,Apparel & Footwear,2024-08-05,62.0,61.0,50.5,71.6,Train
SKU-020,All-Weather Gore-Tex Hardshell Jacket,Apparel & Footwear,2024-08-12,70.0,60.9,50.4,71.5,Train
SKU-020,All-Weather Gore-Tex Hardshell Jacket,Apparel & Footwear,2024-08-19,75.0,60.8,50.3,71.4,Train
SKU-020,All-Weather Gore-Tex Hardshell Jacket,Apparel & Footwear,2024-08-26,57.0,60.7,50.1,71.3,Train
SKU-020,All-Weather Gore-Tex Hardshell Jacket,Apparel & Footwear,2024-09-02,56.0,60.6,50.0,71.1,Train
SKU-020,All-Weather Gore-Tex Hardshell Jacket,Apparel & Footwear,2024-09-09,64.0,60.5,49.9,71.0,Train
SKU-020,All-Weather Gore-Tex Hardshell Jacket,Apparel & Footwear,2024-09-16,72.0,60.4,49.8,70.9,Train
SKU-020,All-Weather Gore-Tex Hardshell Jacket,Apparel & Footwear,2024-09-23,49.0,60.3,49.7,70.9,Train
SKU-020,All-Weather Gore-Tex Hardshell Jacket,Apparel & Footwear,2024-09-30,56.0,60.3,49.7,70.9,Train
SKU-020,All-Weather Gore-Tex Hardshell Jacket,Apparel & Footwear,2024-10-07,70.0,60.3,49.7,70.9,Test
SKU-020,All-Weather Gore-Tex Hardshell Jacket,Apparel & Footwear,2024-10-14,75.0,60.4,49.8,70.9,Test
SKU-020,All-Weather Gore-Tex Hardshell Jacket,Apparel & Footwear,2024-10-21,75.0,60.4,49.9,71.0,Test
SKU-020,All-Weather Gore-Tex Hardshell Jacket,Apparel & Footwear,2024-10-28,53.0,60.6,50.0,71.1,Test
SKU-020,All-Weather Gore-Tex Hardshell Jacket,Apparel & Footwear,2024-11-04,50.0,60.7,50.1,71.3,Test
SKU-020,All-Weather Gore-Tex Hardshell Jacket,Apparel & Footwear,2024-11-11,70.0,60.9,50.3,71.4,Test
SKU-020,All-Weather Gore-Tex Hardshell Jacket,Apparel & Footwear,2024-11-18,56.0,61.0,50.4,71.6,Test
SKU-020,All-Weather Gore-Tex Hardshell Jacket,Apparel & Footwear,2024-11-25,48.0,61.2,50.6,71.7,Test
SKU-020,All-Weather Gore-Tex Hardshell Jacket,Apparel & Footwear,2024-12-02,56.0,61.3,50.7,71.9,Test
SKU-020,All-Weather Gore-Tex Hardshell Jacket,Apparel & Footwear,2024-12-09,83.0,61.4,50.9,72.0,Test
SKU-020,All-Weather Gore-Tex Hardshell Jacket,Apparel & Footwear,2024-12-16,51.0,61.5,50.9,72.1,Test
SKU-020,All-Weather Gore-Tex Hardshell Jacket,Apparel & Footwear,2024-12-23,62.0,61.5,51.0,72.1,Test
SKU-020,All-Weather Gore-Tex Hardshell Jacket,Apparel & Footwear,2024-12-30,,61.5,51.0,72.1,Forecast
SKU-020,All-Weather Gore-Tex Hardshell Jacket,Apparel & Footwear,2025-01-06,,61.5,50.9,72.1,Forecast
SKU-020,All-Weather Gore-Tex Hardshell Jacket,Apparel & Footwear,2025-01-13,,61.4,50.8,72.0,Forecast
SKU-020,All-Weather Gore-Tex Hardshell Jacket,Apparel & Footwear,2025-01-20,,61.3,50.7,71.8,Forecast
SKU-020,All-Weather Gore-Tex Hardshell Jacket,Apparel & Footwear,2025-01-27,,61.1,50.5,71.6,Forecast
SKU-020,All-Weather Gore-Tex Hardshell Jacket,Apparel & Footwear,2025-02-03,,60.9,50.3,71.4,Forecast
SKU-020,All-Weather Gore-Tex Hardshell Jacket,Apparel & Footwear,2025-02-10,,60.7,50.1,71.2,Forecast
SKU-020,All-Weather Gore-Tex Hardshell Jacket,Apparel & Footwear,2025-02-17,,60.4,49.9,71.0,Forecast
SKU-020,All-Weather Gore-Tex Hardshell Jacket,Apparel & Footwear,2025-02-24,,60.2,49.6,70.8,Forecast
SKU-020,All-Weather Gore-Tex Hardshell Jacket,Apparel & Footwear,2025-03-03,,60.0,49.4,70.6,Forecast
SKU-020,All-Weather Gore-Tex Hardshell Jacket,Apparel & Footwear,2025-03-10,,59.8,49.3,70.4,Forecast
SKU-020,All-Weather Gore-Tex Hardshell Jacket,Apparel & Footwear,2025-03-17,,59.7,49.1,70.2,Forecast
SKU-020,All-Weather Gore-Tex Hardshell Jacket,Apparel & Footwear,2025-03-24,,59.6,49.0,70.2,Forecast
SKU-008,Carbon Fiber Road Cycling Helmet,Outdoor & Sports,2023-01-02,63.0,68.8,52.7,84.9,Train
SKU-008,Carbon Fiber Road Cycling Helmet,Outdoor & Sports,2023-01-09,66.0,68.7,52.6,84.8,Train
SKU-008,Carbon Fiber Road Cycling Helmet,Outdoor & Sports,2023-01-16,64.0,68.1,52.0,84.3,Train
SKU-008,Carbon Fiber Road Cycling Helmet,Outdoor & Sports,2023-01-23,72.0,67.2,51.1,83.3,Train
SKU-008,Carbon Fiber Road Cycling Helmet,Outdoor & Sports,2023-01-30,72.0,66.0,49.9,82.1,Train
SKU-008,Carbon Fiber Road Cycling Helmet,Outdoor & Sports,2023-02-06,81.0,64.8,48.7,80.9,Train
SKU-008,Carbon Fiber Road Cycling Helmet,Outdoor & Sports,2023-02-13,81.0,63.6,47.5,79.7,Train
SKU-008,Carbon Fiber Road Cycling Helmet,Outdoor & Sports,2023-02-20,64.0,62.8,46.7,78.9,Train
SKU-008,Carbon Fiber Road Cycling Helmet,Outdoor & Sports,2023-02-27,73.0,62.4,46.3,78.5,Train
SKU-008,Carbon Fiber Road Cycling Helmet,Outdoor & Sports,2023-03-06,46.0,62.8,46.7,78.9,Train
SKU-008,Carbon Fiber Road Cycling Helmet,Outdoor & Sports,2023-03-13,69.0,63.9,47.8,80.1,Train
SKU-008,Carbon Fiber Road Cycling Helmet,Outdoor & Sports,2023-03-20,95.0,66.1,49.9,82.2,Train
SKU-008,Carbon Fiber Road Cycling Helmet,Outdoor & Sports,2023-03-27,63.0,69.2,53.1,85.3,Train
SKU-008,Carbon Fiber Road Cycling Helmet,Outdoor & Sports,2023-04-03,73.0,73.3,57.2,89.4,Train
SKU-008,Carbon Fiber Road Cycling Helmet,Outdoor & Sports,2023-04-10,57.0,78.4,62.3,94.5,Train
SKU-008,Carbon Fiber Road Cycling Helmet,Outdoor & Sports,2023-04-17,77.0,84.3,68.2,100.4,Train
SKU-008,Carbon Fiber Road Cycling Helmet,Outdoor & Sports,2023-04-24,58.0,90.9,74.8,107.0,Train
SKU-008,Carbon Fiber Road Cycling Helmet,Outdoor & Sports,2023-05-01,111.0,98.0,81.9,114.1,Train
SKU-008,Carbon Fiber Road Cycling Helmet,Outdoor & Sports,2023-05-08,123.0,105.3,89.2,121.4,Train
SKU-008,Carbon Fiber Road Cycling Helmet,Outdoor & Sports,2023-05-15,113.0,112.5,96.4,128.6,Train
SKU-008,Carbon Fiber Road Cycling Helmet,Outdoor & Sports,2023-05-22,121.0,119.4,103.3,135.5,Train
SKU-008,Carbon Fiber Road Cycling Helmet,Outdoor & Sports,2023-05-29,121.0,125.6,109.5,141.7,Train
SKU-008,Carbon Fiber Road Cycling Helmet,Outdoor & Sports,2023-06-05,132.0,131.0,114.9,147.1,Train
SKU-008,Carbon Fiber Road Cycling Helmet,Outdoor & Sports,2023-06-12,132.0,135.2,119.1,151.3,Train
SKU-008,Carbon Fiber Road Cycling Helmet,Outdoor & Sports,2023-06-19,143.0,138.1,122.0,154.3,Train
SKU-008,Carbon Fiber Road Cycling Helmet,Outdoor & Sports,2023-06-26,149.0,139.6,123.5,155.7,Train
SKU-008,Carbon Fiber Road Cycling Helmet,Outdoor & Sports,2023-07-03,136.0,139.6,123.5,155.7,Train
SKU-008,Carbon Fiber Road Cycling Helmet,Outdoor & Sports,2023-07-10,144.0,138.1,122.0,154.2,Train
SKU-008,Carbon Fiber Road Cycling Helmet,Outdoor & Sports,2023-07-17,142.0,135.1,119.0,151.2,Train
SKU-008,Carbon Fiber Road Cycling Helmet,Outdoor & Sports,2023-07-24,129.0,130.8,114.7,146.9,Train
SKU-008,Carbon Fiber Road Cycling Helmet,Outdoor & Sports,2023-07-31,131.0,125.4,109.3,141.5,Train
SKU-008,Carbon Fiber Road Cycling Helmet,Outdoor & Sports,2023-08-07,95.0,119.0,102.9,135.1,Train
SKU-008,Carbon Fiber Road Cycling Helmet,Outdoor & Sports,2023-08-14,124.0,112.0,95.9,128.1,Train
SKU-008,Carbon Fiber Road Cycling Helmet,Outdoor & Sports,2023-08-21,114.0,104.7,88.6,120.8,Train
SKU-008,Carbon Fiber Road Cycling Helmet,Outdoor & Sports,2023-08-28,112.0,97.2,81.1,113.4,Train
SKU-008,Carbon Fiber Road Cycling Helmet,Outdoor & Sports,2023-09-04,69.0,90.0,73.9,106.1,Train
SKU-008,Carbon Fiber Road Cycling Helmet,Outdoor & Sports,2023-09-11,61.0,83.3,67.2,99.4,Train
SKU-008,Carbon Fiber Road Cycling Helmet,Outdoor & Sports,2023-09-18,58.0,77.2,61.1,93.3,Train
SKU-008,Carbon Fiber Road Cycling Helmet,Outdoor & Sports,2023-09-25,86.0,72.1,55.9,88.2,Train
SKU-008,Carbon Fiber Road Cycling Helmet,Outdoor & Sports,2023-10-02,77.0,67.9,51.8,84.0,Train
SKU-008,Carbon Fiber Road Cycling Helmet,Outdoor & Sports,2023-10-09,42.0,64.8,48.7,80.9,Train
SKU-008,Carbon Fiber Road Cycling Helmet,Outdoor & Sports,2023-10-16,76.0,62.8,46.7,78.9,Train
SKU-008,Carbon Fiber Road Cycling Helmet,Outdoor & Sports,2023-10-23,63.0,61.8,45.7,77.9,Train
SKU-008,Carbon Fiber Road Cycling Helmet,Outdoor & Sports,2023-10-30,68.0,61.7,45.6,77.8,Train
SKU-008,Carbon Fiber Road Cycling Helmet,Outdoor & Sports,2023-11-06,64.0,62.4,46.3,78.5,Train
SKU-008,Carbon Fiber Road Cycling Helmet,Outdoor & Sports,2023-11-13,50.0,63.7,47.6,79.8,Train
SKU-008,Carbon Fiber Road Cycling Helmet,Outdoor & Sports,2023-11-20,66.0,65.4,49.3,81.6,Train
SKU-008,Carbon Fiber Road Cycling Helmet,Outdoor & Sports,2023-11-27,82.0,67.4,51.2,83.5,Train
SKU-008,Carbon Fiber Road Cycling Helmet,Outdoor & Sports,2023-12-04,69.0,69.3,53.1,85.4,Train
SKU-008,Carbon Fiber Road Cycling Helmet,Outdoor & Sports,2023-12-11,60.0,71.0,54.9,87.1,Train
SKU-008,Carbon Fiber Road Cycling Helmet,Outdoor & Sports,2023-12-18,71.0,72.4,56.3,88.5,Train
SKU-008,Carbon Fiber Road Cycling Helmet,Outdoor & Sports,2023-12-25,76.0,73.3,57.2,89.4,Train
SKU-008,Carbon Fiber Road Cycling Helmet,Outdoor & Sports,2024-01-01,55.0,73.7,57.6,89.9,Train
SKU-008,Carbon Fiber Road Cycling Helmet,Outdoor & Sports,2024-01-08,54.0,73.7,57.6,89.8,Train
SKU-008,Carbon Fiber Road Cycling Helmet,Outdoor & Sports,2024-01-15,63.0,73.1,57.0,89.2,Train
SKU-008,Carbon Fiber Road Cycling Helmet,Outdoor & Sports,2024-01-22,84.0,72.2,56.1,88.3,Train
SKU-008,Carbon Fiber Road Cycling Helmet,Outdoor & Sports,2024-01-29,78.0,71.0,54.9,87.1,Train
SKU-008,Carbon Fiber Road Cycling Helmet,Outdoor & Sports,2024-02-05,61.0,69.8,53.6,85.9,Train
SKU-008,Carbon Fiber Road Cycling Helmet,Outdoor & Sports,2024-02-12,66.0,68.6,52.5,84.7,Train
SKU-008,Carbon Fiber Road Cycling Helmet,Outdoor & Sports,2024-02-19,57.0,67.8,51.6,83.9,Train
SKU-008,Carbon Fiber Road Cycling Helmet,Outdoor & Sports,2024-02-26,66.0,67.4,51.3,83.5,Train
SKU-008,Carbon Fiber Road Cycling Helmet,Outdoor & Sports,2024-03-04,89.0,67.7,51.6,83.9,Train
SKU-008,Carbon Fiber Road Cycling Helmet,Outdoor & Sports,2024-03-11,70.0,68.9,52.8,85.0,Train
SKU-008,Carbon Fiber Road Cycling Helmet,Outdoor & Sports,2024-03-18,77.0,71.0,54.9,87.2,Train
SKU-008,Carbon Fiber Road Cycling Helmet,Outdoor & Sports,2024-03-25,86.0,74.2,58.1,90.3,Train
SKU-008,Carbon Fiber Road Cycling Helmet,Outdoor & Sports,2024-04-01,88.0,78.3,62.2,94.4,Train
SKU-008,Carbon Fiber Road Cycling Helmet,Outdoor & Sports,2024-04-08,74.0,83.4,67.3,99.5,Train
SKU-008,Carbon Fiber Road Cycling Helmet,Outdoor & Sports,2024-04-15,67.0,89.3,73.2,105.4,Train
SKU-008,Carbon Fiber Road Cycling Helmet,Outdoor & Sports,2024-04-22,72.0,95.9,79.8,112.0,Train
SKU-008,Carbon Fiber Road Cycling Helmet,Outdoor & Sports,2024-04-29,93.0,103.0,86.9,119.1,Train
SKU-008,Carbon Fiber Road Cycling Helmet,Outdoor & Sports,2024-05-06,116.0,110.3,94.1,126.4,Train
SKU-008,Carbon Fiber Road Cycling Helmet,Outdoor & Sports,2024-05-13,132.0,117.5,101.4,133.6,Train
SKU-008,Carbon Fiber Road Cycling Helmet,Outdoor & Sports,2024-05-20,142.0,124.4,108.2,140.5,Train
SKU-008,Carbon Fiber Road Cycling Helmet,Outdoor & Sports,2024-05-27,134.0,130.6,114.5,146.7,Train
SKU-008,Carbon Fiber Road Cycling Helmet,Outdoor & Sports,2024-06-03,136.0,136.0,119.9,152.1,Train
SKU-008,Carbon Fiber Road Cycling Helmet,Outdoor & Sports,2024-06-10,132.0,140.2,124.1,156.3,Train
SKU-008,Carbon Fiber Road Cycling Helmet,Outdoor & Sports,2024-06-17,137.0,143.1,127.0,159.2,Train
SKU-008,Carbon Fiber Road Cycling Helmet,Outdoor & Sports,2024-06-24,137.0,144.6,128.5,160.7,Train
SKU-008,Carbon Fiber Road Cycling Helmet,Outdoor & Sports,2024-07-01,159.0,144.6,128.5,160.7,Train
SKU-008,Carbon Fiber Road Cycling Helmet,Outdoor & Sports,2024-07-08,151.0,143.1,127.0,159.2,Train
SKU-008,Carbon Fiber Road Cycling Helmet,Outdoor & Sports,2024-07-15,130.0,140.1,124.0,156.2,Train
SKU-008,Carbon Fiber Road Cycling Helmet,Outdoor & Sports,2024-07-22,136.0,135.8,119.7,151.9,Train
SKU-008,Carbon Fiber Road Cycling Helmet,Outdoor & Sports,2024-07-29,111.0,130.4,114.2,146.5,Train
SKU-008,Carbon Fiber Road Cycling Helmet,Outdoor & Sports,2024-08-05,148.0,124.0,107.9,140.1,Train
SKU-008,Carbon Fiber Road Cycling Helmet,Outdoor & Sports,2024-08-12,118.0,117.0,100.9,133.1,Train
SKU-008,Carbon Fiber Road Cycling Helmet,Outdoor & Sports,2024-08-19,108.0,109.7,93.5,125.8,Train
SKU-008,Carbon Fiber Road Cycling Helmet,Outdoor & Sports,2024-08-26,127.0,102.2,86.1,118.3,Train
SKU-008,Carbon Fiber Road Cycling Helmet,Outdoor & Sports,2024-09-02,70.0,95.0,78.9,111.1,Train
SKU-008,Carbon Fiber Road Cycling Helmet,Outdoor & Sports,2024-09-09,77.0,88.3,72.1,104.4,Train
SKU-008,Carbon Fiber Road Cycling Helmet,Outdoor & Sports,2024-09-16,72.0,82.2,66.1,98.3,Train
SKU-008,Carbon Fiber Road Cycling Helmet,Outdoor & Sports,2024-09-23,82.0,77.0,60.9,93.2,Train
SKU-008,Carbon Fiber Road Cycling Helmet,Outdoor & Sports,2024-09-30,74.0,72.9,56.8,89.0,Train
SKU-008,Carbon Fiber Road Cycling Helmet,Outdoor & Sports,2024-10-07,68.0,69.8,53.7,85.9,Test
SKU-008,Carbon Fiber Road Cycling Helmet,Outdoor & Sports,2024-10-14,71.0,67.8,51.6,83.9,Test
SKU-008,Carbon Fiber Road Cycling Helmet,Outdoor & Sports,2024-10-21,91.0,66.8,50.6,82.9,Test
SKU-008,Carbon Fiber Road Cycling Helmet,Outdoor & Sports,2024-10-28,76.0,66.7,50.6,82.8,Test
SKU-008,Carbon Fiber Road Cycling Helmet,Outdoor & Sports,2024-11-04,86.0,67.4,51.3,83.5,Test
SKU-008,Carbon Fiber Road Cycling Helmet,Outdoor & Sports,2024-11-11,64.0,68.7,52.6,84.8,Test
SKU-008,Carbon Fiber Road Cycling Helmet,Outdoor & Sports,2024-11-18,70.0,70.4,54.3,86.5,Test
SKU-008,Carbon Fiber Road Cycling Helmet,Outdoor & Sports,2024-11-25,80.0,72.3,56.2,88.5,Test
SKU-008,Carbon Fiber Road Cycling Helmet,Outdoor & Sports,2024-12-02,73.0,74.2,58.1,90.4,Test
SKU-008,Carbon Fiber Road Cycling Helmet,Outdoor & Sports,2024-12-09,85.0,76.0,59.8,92.1,Test
SKU-008,Carbon Fiber Road Cycling Helmet,Outdoor & Sports,2024-12-16,65.0,77.3,61.2,93.5,Test
SKU-008,Carbon Fiber Road Cycling Helmet,Outdoor & Sports,2024-12-23,66.0,78.3,62.2,94.4,Test
SKU-008,Carbon Fiber Road Cycling Helmet,Outdoor & Sports,2024-12-30,,78.7,62.6,94.8,Forecast
SKU-008,Carbon Fiber Road Cycling Helmet,Outdoor & Sports,2025-01-06,,78.6,62.5,94.8,Forecast
SKU-008,Carbon Fiber Road Cycling Helmet,Outdoor & Sports,2025-01-13,,78.1,62.0,94.2,Forecast
SKU-008,Carbon Fiber Road Cycling Helmet,Outdoor & Sports,2025-01-20,,77.2,61.1,93.3,Forecast
SKU-008,Carbon Fiber Road Cycling Helmet,Outdoor & Sports,2025-01-27,,76.0,59.9,92.1,Forecast
SKU-008,Carbon Fiber Road Cycling Helmet,Outdoor & Sports,2025-02-03,,74.7,58.6,90.8,Forecast
SKU-008,Carbon Fiber Road Cycling Helmet,Outdoor & Sports,2025-02-10,,73.6,57.5,89.7,Forecast
SKU-008,Carbon Fiber Road Cycling Helmet,Outdoor & Sports,2025-02-17,,72.7,56.6,88.8,Forecast
SKU-008,Carbon Fiber Road Cycling Helmet,Outdoor & Sports,2025-02-24,,72.4,56.3,88.5,Forecast
SKU-008,Carbon Fiber Road Cycling Helmet,Outdoor & Sports,2025-03-03,,72.7,56.6,88.8,Forecast
SKU-008,Carbon Fiber Road Cycling Helmet,Outdoor & Sports,2025-03-10,,73.9,57.8,90.0,Forecast
SKU-008,Carbon Fiber Road Cycling Helmet,Outdoor & Sports,2025-03-17,,76.0,59.9,92.1,Forecast
SKU-008,Carbon Fiber Road Cycling Helmet,Outdoor & Sports,2025-03-24,,79.1,63.0,95.3,Forecast
SKU-012,4K Ultra-HD Streaming Conference Webcam,Consumer Electronics,2023-01-02,100.0,112.6,95.2,130.0,Train
SKU-012,4K Ultra-HD Streaming Conference Webcam,Consumer Electronics,2023-01-09,95.0,113.5,96.1,130.9,Train
SKU-012,4K Ultra-HD Streaming Conference Webcam,Consumer Electronics,2023-01-16,97.0,114.5,97.0,131.9,Train
SKU-012,4K Ultra-HD Streaming Conference Webcam,Consumer Electronics,2023-01-23,111.0,115.4,98.0,132.8,Train
SKU-012,4K Ultra-HD Streaming Conference Webcam,Consumer Electronics,2023-01-30,148.0,116.3,98.9,133.8,Train
SKU-012,4K Ultra-HD Streaming Conference Webcam,Consumer Electronics,2023-02-06,85.0,117.2,99.8,134.7,Train
SKU-012,4K Ultra-HD Streaming Conference Webcam,Consumer Electronics,2023-02-13,114.0,118.0,100.6,135.4,Train
SKU-012,4K Ultra-HD Streaming Conference Webcam,Consumer Electronics,2023-02-20,116.0,118.7,101.3,136.1,Train
SKU-012,4K Ultra-HD Streaming Conference Webcam,Consumer Electronics,2023-02-27,124.0,119.2,101.8,136.7,Train
SKU-012,4K Ultra-HD Streaming Conference Webcam,Consumer Electronics,2023-03-06,129.0,119.6,102.2,137.0,Train
SKU-012,4K Ultra-HD Streaming Conference Webcam,Consumer Electronics,2023-03-13,133.0,119.8,102.4,137.2,Train
SKU-012,4K Ultra-HD Streaming Conference Webcam,Consumer Electronics,2023-03-20,89.0,119.8,102.4,137.2,Train
SKU-012,4K Ultra-HD Streaming Conference Webcam,Consumer Electronics,2023-03-27,109.0,119.6,102.2,137.0,Train
SKU-012,4K Ultra-HD Streaming Conference Webcam,Consumer Electronics,2023-04-03,106.0,119.2,101.8,136.7,Train
SKU-012,4K Ultra-HD Streaming Conference Webcam,Consumer Electronics,2023-04-10,136.0,118.7,101.2,136.1,Train
SKU-012,4K Ultra-HD Streaming Conference Webcam,Consumer Electronics,2023-04-17,112.0,118.0,100.5,135.4,Train
SKU-012,4K Ultra-HD Streaming Conference Webcam,Consumer Electronics,2023-04-24,138.0,117.2,99.7,134.6,Train
SKU-012,4K Ultra-HD Streaming Conference Webcam,Consumer Electronics,2023-05-01,117.0,116.3,98.8,133.7,Train
SKU-012,4K Ultra-HD Streaming Conference Webcam,Consumer Electronics,2023-05-08,110.0,115.3,97.9,132.7,Train
SKU-012,4K Ultra-HD Streaming Conference Webcam,Consumer Electronics,2023-05-15,127.0,114.4,96.9,131.8,Train
SKU-012,4K Ultra-HD Streaming Conference Webcam,Consumer Electronics,2023-05-22,118.0,113.4,96.0,130.9,Train
SKU-012,4K Ultra-HD Streaming Conference Webcam,Consumer Electronics,2023-05-29,109.0,112.6,95.1,130.0,Train
SKU-012,4K Ultra-HD Streaming Conference Webcam,Consumer Electronics,2023-06-05,96.0,111.8,94.3,129.2,Train
SKU-012,4K Ultra-HD Streaming Conference Webcam,Consumer Electronics,2023-06-12,125.0,111.1,93.7,128.6,Train
SKU-012,4K Ultra-HD Streaming Conference Webcam,Consumer Electronics,2023-06-19,124.0,110.6,93.2,128.0,Train
SKU-012,4K Ultra-HD Streaming Conference Webcam,Consumer Electronics,2023-06-26,106.0,110.2,92.8,127.7,Train
SKU-012,4K Ultra-HD Streaming Conference Webcam,Consumer Electronics,2023-07-03,123.0,110.0,92.6,127.5,Train
SKU-012,4K Ultra-HD Streaming Conference Webcam,Consumer Electronics,2023-07-10,102.0,110.0,92.6,127.4,Train
SKU-012,4K Ultra-HD Streaming Conference Webcam,Consumer Electronics,2023-07-17,107.0,110.1,92.7,127.5,Train
SKU-012,4K Ultra-HD Streaming Conference Webcam,Consumer Electronics,2023-07-24,101.0,110.3,92.9,127.8,Train
SKU-012,4K Ultra-HD Streaming Conference Webcam,Consumer Electronics,2023-07-31,132.0,110.7,93.2,128.1,Train
SKU-012,4K Ultra-HD Streaming Conference Webcam,Consumer Electronics,2023-08-07,120.0,111.1,93.7,128.5,Train
SKU-012,4K Ultra-HD Streaming Conference Webcam,Consumer Electronics,2023-08-14,110.0,111.6,94.2,129.0,Train
SKU-012,4K Ultra-HD Streaming Conference Webcam,Consumer Electronics,2023-08-21,118.0,112.1,94.7,129.6,Train
SKU-012,4K Ultra-HD Streaming Conference Webcam,Consumer Electronics,2023-08-28,109.0,112.7,95.2,130.1,Train
SKU-012,4K Ultra-HD Streaming Conference Webcam,Consumer Electronics,2023-09-04,125.0,113.2,95.7,130.6,Train
SKU-012,4K Ultra-HD Streaming Conference Webcam,Consumer Electronics,2023-09-11,95.0,113.7,96.2,131.1,Train
SKU-012,4K Ultra-HD Streaming Conference Webcam,Consumer Electronics,2023-09-18,120.0,114.1,96.7,131.5,Train
SKU-012,4K Ultra-HD Streaming Conference Webcam,Consumer Electronics,2023-09-25,115.0,114.5,97.1,131.9,Train
SKU-012,4K Ultra-HD Streaming Conference Webcam,Consumer Electronics,2023-10-02,118.0,114.8,97.4,132.3,Train
SKU-012,4K Ultra-HD Streaming Conference Webcam,Consumer Electronics,2023-10-09,99.0,115.1,97.7,132.6,Train
SKU-012,4K Ultra-HD Streaming Conference Webcam,Consumer Electronics,2023-10-16,125.0,115.4,98.0,132.8,Train
SKU-012,4K Ultra-HD Streaming Conference Webcam,Consumer Electronics,2023-10-23,122.0,115.6,98.2,133.0,Train
SKU-012,4K Ultra-HD Streaming Conference Webcam,Consumer Electronics,2023-10-30,96.0,115.8,98.4,133.3,Train
SKU-012,4K Ultra-HD Streaming Conference Webcam,Consumer Electronics,2023-11-06,120.0,116.1,98.6,133.5,Train
SKU-012,4K Ultra-HD Streaming Conference Webcam,Consumer Electronics,2023-11-13,114.0,116.3,98.9,133.8,Train
SKU-012,4K Ultra-HD Streaming Conference Webcam,Consumer Electronics,2023-11-20,120.0,116.7,99.2,134.1,Train
SKU-012,4K Ultra-HD Streaming Conference Webcam,Consumer Electronics,2023-11-27,122.0,117.1,99.6,134.5,Train
SKU-012,4K Ultra-HD Streaming Conference Webcam,Consumer Electronics,2023-12-04,118.0,117.5,100.1,135.0,Train
SKU-012,4K Ultra-HD Streaming Conference Webcam,Consumer Electronics,2023-12-11,120.0,118.1,100.7,135.5,Train
SKU-012,4K Ultra-HD Streaming Conference Webcam,Consumer Electronics,2023-12-18,126.0,118.8,101.3,136.2,Train
SKU-012,4K Ultra-HD Streaming Conference Webcam,Consumer Electronics,2023-12-25,144.0,119.5,102.1,137.0,Train
SKU-012,4K Ultra-HD Streaming Conference Webcam,Consumer Electronics,2024-01-01,134.0,120.4,102.9,137.8,Train
SKU-012,4K Ultra-HD Streaming Conference Webcam,Consumer Electronics,2024-01-08,128.0,121.3,103.8,138.7,Train
SKU-012,4K Ultra-HD Streaming Conference Webcam,Consumer Electronics,2024-01-15,107.0,122.2,104.8,139.7,Train
SKU-012,4K Ultra-HD Streaming Conference Webcam,Consumer Electronics,2024-01-22,127.0,123.2,105.7,140.6,Train
SKU-012,4K Ultra-HD Streaming Conference Webcam,Consumer Electronics,2024-01-29,150.0,124.1,106.7,141.5,Train
SKU-012,4K Ultra-HD Streaming Conference Webcam,Consumer Electronics,2024-02-05,131.0,125.0,107.6,142.4,Train
SKU-012,4K Ultra-HD Streaming Conference Webcam,Consumer Electronics,2024-02-12,136.0,125.8,108.4,143.2,Train
SKU-012,4K Ultra-HD Streaming Conference Webcam,Consumer Electronics,2024-02-19,129.0,126.5,109.0,143.9,Train
SKU-012,4K Ultra-HD Streaming Conference Webcam,Consumer Electronics,2024-02-26,140.0,127.0,109.6,144.4,Train
SKU-012,4K Ultra-HD Streaming Conference Webcam,Consumer Electronics,2024-03-04,115.0,127.4,109.9,144.8,Train
SKU-012,4K Ultra-HD Streaming Conference Webcam,Consumer Electronics,2024-03-11,121.0,127.6,110.1,145.0,Train
SKU-012,4K Ultra-HD Streaming Conference Webcam,Consumer Electronics,2024-03-18,136.0,127.6,110.1,145.0,Train
SKU-012,4K Ultra-HD Streaming Conference Webcam,Consumer Electronics,2024-03-25,117.0,127.4,109.9,144.8,Train
SKU-012,4K Ultra-HD Streaming Conference Webcam,Consumer Electronics,2024-04-01,108.0,127.0,109.6,144.4,Train
SKU-012,4K Ultra-HD Streaming Conference Webcam,Consumer Electronics,2024-04-08,133.0,126.4,109.0,143.9,Train
SKU-012,4K Ultra-HD Streaming Conference Webcam,Consumer Electronics,2024-04-15,144.0,125.7,108.3,143.2,Train
SKU-012,4K Ultra-HD Streaming Conference Webcam,Consumer Electronics,2024-04-22,116.0,124.9,107.5,142.4,Train
SKU-012,4K Ultra-HD Streaming Conference Webcam,Consumer Electronics,2024-04-29,148.0,124.0,106.6,141.5,Train
SKU-012,4K Ultra-HD Streaming Conference Webcam,Consumer Electronics,2024-05-06,123.0,123.1,105.7,140.5,Train
SKU-012,4K Ultra-HD Streaming Conference Webcam,Consumer Electronics,2024-05-13,100.0,122.1,104.7,139.6,Train
SKU-012,4K Ultra-HD Streaming Conference Webcam,Consumer Electronics,2024-05-20,122.0,121.2,103.8,138.6,Train
SKU-012,4K Ultra-HD Streaming Conference Webcam,Consumer Electronics,2024-05-27,113.0,120.3,102.9,137.8,Train
SKU-012,4K Ultra-HD Streaming Conference Webcam,Consumer Electronics,2024-06-03,104.0,119.5,102.1,137.0,Train
SKU-012,4K Ultra-HD Streaming Conference Webcam,Consumer Electronics,2024-06-10,124.0,118.9,101.5,136.3,Train
SKU-012,4K Ultra-HD Streaming Conference Webcam,Consumer Electronics,2024-06-17,132.0,118.4,100.9,135.8,Train
SKU-012,4K Ultra-HD Streaming Conference Webcam,Consumer Electronics,2024-06-24,121.0,118.0,100.6,135.4,Train
SKU-012,4K Ultra-HD Streaming Conference Webcam,Consumer Electronics,2024-07-01,113.0,117.8,100.4,135.2,Train
SKU-012,4K Ultra-HD Streaming Conference Webcam,Consumer Electronics,2024-07-08,117.0,117.8,100.3,135.2,Train
SKU-012,4K Ultra-HD Streaming Conference Webcam,Consumer Electronics,2024-07-15,109.0,117.9,100.4,135.3,Train
SKU-012,4K Ultra-HD Streaming Conference Webcam,Consumer Electronics,2024-07-22,92.0,118.1,100.7,135.5,Train
SKU-012,4K Ultra-HD Streaming Conference Webcam,Consumer Electronics,2024-07-29,91.0,118.4,101.0,135.9,Train
SKU-012,4K Ultra-HD Streaming Conference Webcam,Consumer Electronics,2024-08-05,146.0,118.9,101.4,136.3,Train
SKU-012,4K Ultra-HD Streaming Conference Webcam,Consumer Electronics,2024-08-12,114.0,119.4,101.9,136.8,Train
SKU-012,4K Ultra-HD Streaming Conference Webcam,Consumer Electronics,2024-08-19,111.0,119.9,102.5,137.3,Train
SKU-012,4K Ultra-HD Streaming Conference Webcam,Consumer Electronics,2024-08-26,143.0,120.4,103.0,137.9,Train
SKU-012,4K Ultra-HD Streaming Conference Webcam,Consumer Electronics,2024-09-02,121.0,120.9,103.5,138.4,Train
SKU-012,4K Ultra-HD Streaming Conference Webcam,Consumer Electronics,2024-09-09,125.0,121.4,104.0,138.9,Train
SKU-012,4K Ultra-HD Streaming Conference Webcam,Consumer Electronics,2024-09-16,103.0,121.9,104.5,139.3,Train
SKU-012,4K Ultra-HD Streaming Conference Webcam,Consumer Electronics,2024-09-23,139.0,122.3,104.8,139.7,Train
SKU-012,4K Ultra-HD Streaming Conference Webcam,Consumer Electronics,2024-09-30,140.0,122.6,105.2,140.0,Train
SKU-012,4K Ultra-HD Streaming Conference Webcam,Consumer Electronics,2024-10-07,118.0,122.9,105.5,140.3,Test
SKU-012,4K Ultra-HD Streaming Conference Webcam,Consumer Electronics,2024-10-14,121.0,123.2,105.7,140.6,Test
SKU-012,4K Ultra-HD Streaming Conference Webcam,Consumer Electronics,2024-10-21,106.0,123.4,106.0,140.8,Test
SKU-012,4K Ultra-HD Streaming Conference Webcam,Consumer Electronics,2024-10-28,130.0,123.6,106.2,141.0,Test
SKU-012,4K Ultra-HD Streaming Conference Webcam,Consumer Electronics,2024-11-04,105.0,123.8,106.4,141.3,Test
SKU-012,4K Ultra-HD Streaming Conference Webcam,Consumer Electronics,2024-11-11,138.0,124.1,106.7,141.5,Test
SKU-012,4K Ultra-HD Streaming Conference Webcam,Consumer Electronics,2024-11-18,120.0,124.4,107.0,141.9,Test
SKU-012,4K Ultra-HD Streaming Conference Webcam,Consumer Electronics,2024-11-25,120.0,124.8,107.4,142.3,Test
SKU-012,4K Ultra-HD Streaming Conference Webcam,Consumer Electronics,2024-12-02,150.0,125.3,107.9,142.7,Test
SKU-012,4K Ultra-HD Streaming Conference Webcam,Consumer Electronics,2024-12-09,126.0,125.9,108.4,143.3,Test
SKU-012,4K Ultra-HD Streaming Conference Webcam,Consumer Electronics,2024-12-16,116.0,126.5,109.1,144.0,Test
SKU-012,4K Ultra-HD Streaming Conference Webcam,Consumer Electronics,2024-12-23,104.0,127.3,109.9,144.7,Test
SKU-012,4K Ultra-HD Streaming Conference Webcam,Consumer Electronics,2024-12-30,,128.1,110.7,145.6,Forecast
SKU-012,4K Ultra-HD Streaming Conference Webcam,Consumer Electronics,2025-01-06,,129.0,111.6,146.5,Forecast
SKU-012,4K Ultra-HD Streaming Conference Webcam,Consumer Electronics,2025-01-13,,130.0,112.6,147.4,Forecast
SKU-012,4K Ultra-HD Streaming Conference Webcam,Consumer Electronics,2025-01-20,,130.9,113.5,148.4,Forecast
SKU-012,4K Ultra-HD Streaming Conference Webcam,Consumer Electronics,2025-01-27,,131.9,114.4,149.3,Forecast
SKU-012,4K Ultra-HD Streaming Conference Webcam,Consumer Electronics,2025-02-03,,132.8,115.3,150.2,Forecast
SKU-012,4K Ultra-HD Streaming Conference Webcam,Consumer Electronics,2025-02-10,,133.6,116.1,151.0,Forecast
SKU-012,4K Ultra-HD Streaming Conference Webcam,Consumer Electronics,2025-02-17,,134.2,116.8,151.7,Forecast
SKU-012,4K Ultra-HD Streaming Conference Webcam,Consumer Electronics,2025-02-24,,134.8,117.3,152.2,Forecast
SKU-012,4K Ultra-HD Streaming Conference Webcam,Consumer Electronics,2025-03-03,,135.1,117.7,152.6,Forecast
SKU-012,4K Ultra-HD Streaming Conference Webcam,Consumer Electronics,2025-03-10,,135.3,117.9,152.8,Forecast
SKU-012,4K Ultra-HD Streaming Conference Webcam,Consumer Electronics,2025-03-17,,135.3,117.9,152.8,Forecast
SKU-012,4K Ultra-HD Streaming Conference Webcam,Consumer Electronics,2025-03-24,,135.1,117.7,152.6,Forecast
SKU-016,Commercial Grade 14-Piece Cookware Set,Home & Kitchen,2023-01-02,49.0,60.1,45.8,74.3,Train
SKU-016,Commercial Grade 14-Piece Cookware Set,Home & Kitchen,2023-01-09,56.0,58.1,43.9,72.4,Train
SKU-016,Commercial Grade 14-Piece Cookware Set,Home & Kitchen,2023-01-16,39.0,56.0,41.8,70.2,Train
SKU-016,Commercial Grade 14-Piece Cookware Set,Home & Kitchen,2023-01-23,37.0,53.6,39.4,67.9,Train
SKU-016,Commercial Grade 14-Piece Cookware Set,Home & Kitchen,2023-01-30,54.0,51.3,37.1,65.5,Train
SKU-016,Commercial Grade 14-Piece Cookware Set,Home & Kitchen,2023-02-06,44.0,49.0,34.8,63.2,Train
SKU-016,Commercial Grade 14-Piece Cookware Set,Home & Kitchen,2023-02-13,52.0,46.8,32.6,61.0,Train
SKU-016,Commercial Grade 14-Piece Cookware Set,Home & Kitchen,2023-02-20,36.0,44.9,30.7,59.2,Train
SKU-016,Commercial Grade 14-Piece Cookware Set,Home & Kitchen,2023-02-27,46.0,43.4,29.2,57.6,Train
SKU-016,Commercial Grade 14-Piece Cookware Set,Home & Kitchen,2023-03-06,56.0,42.2,28.0,56.4,Train
SKU-016,Commercial Grade 14-Piece Cookware Set,Home & Kitchen,2023-03-13,46.0,41.5,27.2,55.7,Train
SKU-016,Commercial Grade 14-Piece Cookware Set,Home & Kitchen,2023-03-20,45.0,41.1,26.9,55.3,Train
SKU-016,Commercial Grade 14-Piece Cookware Set,Home & Kitchen,2023-03-27,44.0,41.1,26.9,55.3,Train
SKU-016,Commercial Grade 14-Piece Cookware Set,Home & Kitchen,2023-04-03,66.0,41.5,27.3,55.7,Train
SKU-016,Commercial Grade 14-Piece Cookware Set,Home & Kitchen,2023-04-10,48.0,42.2,28.0,56.4,Train
SKU-016,Commercial Grade 14-Piece Cookware Set,Home & Kitchen,2023-04-17,39.0,43.0,28.8,57.2,Train
SKU-016,Commercial Grade 14-Piece Cookware Set,Home & Kitchen,2023-04-24,39.0,44.0,29.8,58.2,Train
SKU-016,Commercial Grade 14-Piece Cookware Set,Home & Kitchen,2023-05-01,46.0,45.0,30.8,59.2,Train
SKU-016,Commercial Grade 14-Piece Cookware Set,Home & Kitchen,2023-05-08,39.0,46.0,31.8,60.2,Train
SKU-016,Commercial Grade 14-Piece Cookware Set,Home & Kitchen,2023-05-15,46.0,46.8,32.6,61.0,Train
SKU-016,Commercial Grade 14-Piece Cookware Set,Home & Kitchen,2023-05-22,39.0,47.4,33.2,61.6,Train
SKU-016,Commercial Grade 14-Piece Cookware Set,Home & Kitchen,2023-05-29,58.0,47.7,33.5,61.9,Train
SKU-016,Commercial Grade 14-Piece Cookware Set,Home & Kitchen,2023-06-05,35.0,47.8,33.6,62.0,Train
SKU-016,Commercial Grade 14-Piece Cookware Set,Home & Kitchen,2023-06-12,55.0,47.5,33.3,61.7,Train
SKU-016,Commercial Grade 14-Piece Cookware Set,Home & Kitchen,2023-06-19,36.0,47.0,32.8,61.2,Train
SKU-016,Commercial Grade 14-Piece Cookware Set,Home & Kitchen,2023-06-26,50.0,46.2,32.0,60.4,Train
SKU-016,Commercial Grade 14-Piece Cookware Set,Home & Kitchen,2023-07-03,46.0,45.2,31.0,59.4,Train
SKU-016,Commercial Grade 14-Piece Cookware Set,Home & Kitchen,2023-07-10,45.0,44.1,29.9,58.3,Train
SKU-016,Commercial Grade 14-Piece Cookware Set,Home & Kitchen,2023-07-17,42.0,43.0,28.8,57.2,Train
SKU-016,Commercial Grade 14-Piece Cookware Set,Home & Kitchen,2023-07-24,58.0,41.9,27.7,56.1,Train
SKU-016,Commercial Grade 14-Piece Cookware Set,Home & Kitchen,2023-07-31,41.0,41.0,26.8,55.2,Train
SKU-016,Commercial Grade 14-Piece Cookware Set,Home & Kitchen,2023-08-07,48.0,40.3,26.1,54.5,Train
SKU-016,Commercial Grade 14-Piece Cookware Set,Home & Kitchen,2023-08-14,57.0,40.0,25.7,54.2,Train
SKU-016,Commercial Grade 14-Piece Cookware Set,Home & Kitchen,2023-08-21,36.0,40.0,25.8,54.2,Train
SKU-016,Commercial Grade 14-Piece Cookware Set,Home & Kitchen,2023-08-28,49.0,40.4,26.2,54.6,Train
SKU-016,Commercial Grade 14-Piece Cookware Set,Home & Kitchen,2023-09-04,52.0,41.3,27.1,55.5,Train
SKU-016,Commercial Grade 14-Piece Cookware Set,Home & Kitchen,2023-09-11,33.0,42.6,28.4,56.8,Train
SKU-016,Commercial Grade 14-Piece Cookware Set,Home & Kitchen,2023-09-18,44.0,44.4,30.2,58.6,Train
SKU-016,Commercial Grade 14-Piece Cookware Set,Home & Kitchen,2023-09-25,49.0,46.5,32.3,60.7,Train
SKU-016,Commercial Grade 14-Piece Cookware Set,Home & Kitchen,2023-10-02,42.0,48.9,34.7,63.1,Train
SKU-016,Commercial Grade 14-Piece Cookware Set,Home & Kitchen,2023-10-09,31.0,51.5,37.3,65.7,Train
SKU-016,Commercial Grade 14-Piece Cookware Set,Home & Kitchen,2023-10-16,49.0,54.2,40.0,68.4,Train
SKU-016,Commercial Grade 14-Piece Cookware Set,Home & Kitchen,2023-10-23,41.0,56.9,42.7,71.1,Train
SKU-016,Commercial Grade 14-Piece Cookware Set,Home & Kitchen,2023-10-30,41.0,59.4,45.2,73.6,Train
SKU-016,Commercial Grade 14-Piece Cookware Set,Home & Kitchen,2023-11-06,79.0,61.7,47.5,75.9,Train
SKU-016,Commercial Grade 14-Piece Cookware Set,Home & Kitchen,2023-11-13,82.0,63.7,49.5,77.9,Train
SKU-016,Commercial Grade 14-Piece Cookware Set,Home & Kitchen,2023-11-20,89.0,65.2,51.0,79.4,Train
SKU-016,Commercial Grade 14-Piece Cookware Set,Home & Kitchen,2023-11-27,88.0,66.2,52.0,80.4,Train
SKU-016,Commercial Grade 14-Piece Cookware Set,Home & Kitchen,2023-12-04,79.0,66.7,52.5,80.9,Train
SKU-016,Commercial Grade 14-Piece Cookware Set,Home & Kitchen,2023-12-11,72.0,66.7,52.4,80.9,Train
SKU-016,Commercial Grade 14-Piece Cookware Set,Home & Kitchen,2023-12-18,78.0,66.1,51.8,80.3,Train
SKU-016,Commercial Grade 14-Piece Cookware Set,Home & Kitchen,2023-12-25,63.0,64.9,50.7,79.2,Train
SKU-016,Commercial Grade 14-Piece Cookware Set,Home & Kitchen,2024-01-01,41.0,63.4,49.2,77.6,Train
SKU-016,Commercial Grade 14-Piece Cookware Set,Home & Kitchen,2024-01-08,54.0,61.5,47.3,75.7,Train
SKU-016,Commercial Grade 14-Piece Cookware Set,Home & Kitchen,2024-01-15,56.0,59.3,45.1,73.5,Train
SKU-016,Commercial Grade 14-Piece Cookware Set,Home & Kitchen,2024-01-22,40.0,57.0,42.8,71.2,Train
SKU-016,Commercial Grade 14-Piece Cookware Set,Home & Kitchen,2024-01-29,42.0,54.6,40.4,68.8,Train
SKU-016,Commercial Grade 14-Piece Cookware Set,Home & Kitchen,2024-02-05,59.0,52.3,38.1,66.5,Train
SKU-016,Commercial Grade 14-Piece Cookware Set,Home & Kitchen,2024-02-12,53.0,50.2,36.0,64.4,Train
SKU-016,Commercial Grade 14-Piece Cookware Set,Home & Kitchen,2024-02-19,44.0,48.3,34.1,62.5,Train
SKU-016,Commercial Grade 14-Piece Cookware Set,Home & Kitchen,2024-02-26,51.0,46.7,32.5,60.9,Train
SKU-016,Commercial Grade 14-Piece Cookware Set,Home & Kitchen,2024-03-04,42.0,45.6,31.4,59.8,Train
SKU-016,Commercial Grade 14-Piece Cookware Set,Home & Kitchen,2024-03-11,47.0,44.8,30.6,59.0,Train
SKU-016,Commercial Grade 14-Piece Cookware Set,Home & Kitchen,2024-03-18,51.0,44.4,30.2,58.6,Train
SKU-016,Commercial Grade 14-Piece Cookware Set,Home & Kitchen,2024-03-25,44.0,44.5,30.3,58.7,Train
SKU-016,Commercial Grade 14-Piece Cookware Set,Home & Kitchen,2024-04-01,54.0,44.8,30.6,59.1,Train
SKU-016,Commercial Grade 14-Piece Cookware Set,Home & Kitchen,2024-04-08,38.0,45.5,31.3,59.7,Train
SKU-016,Commercial Grade 14-Piece Cookware Set,Home & Kitchen,2024-04-15,51.0,46.4,32.2,60.6,Train
SKU-016,Commercial Grade 14-Piece Cookware Set,Home & Kitchen,2024-04-22,44.0,47.4,33.1,61.6,Train
SKU-016,Commercial Grade 14-Piece Cookware Set,Home & Kitchen,2024-04-29,54.0,48.4,34.2,62.6,Train
SKU-016,Commercial Grade 14-Piece Cookware Set,Home & Kitchen,2024-05-06,47.0,49.3,35.1,63.5,Train
SKU-016,Commercial Grade 14-Piece Cookware Set,Home & Kitchen,2024-05-13,62.0,50.1,35.9,64.3,Train
SKU-016,Commercial Grade 14-Piece Cookware Set,Home & Kitchen,2024-05-20,49.0,50.7,36.5,64.9,Train
SKU-016,Commercial Grade 14-Piece Cookware Set,Home & Kitchen,2024-05-27,32.0,51.1,36.9,65.3,Train
SKU-016,Commercial Grade 14-Piece Cookware Set,Home & Kitchen,2024-06-03,32.0,51.1,36.9,65.3,Train
SKU-016,Commercial Grade 14-Piece Cookware Set,Home & Kitchen,2024-06-10,36.0,50.9,36.7,65.1,Train
SKU-016,Commercial Grade 14-Piece Cookware Set,Home & Kitchen,2024-06-17,59.0,50.3,36.1,64.6,Train
SKU-016,Commercial Grade 14-Piece Cookware Set,Home & Kitchen,2024-06-24,60.0,49.6,35.4,63.8,Train
SKU-016,Commercial Grade 14-Piece Cookware Set,Home & Kitchen,2024-07-01,48.0,48.6,34.4,62.8,Train
SKU-016,Commercial Grade 14-Piece Cookware Set,Home & Kitchen,2024-07-08,26.0,47.5,33.3,61.7,Train
SKU-016,Commercial Grade 14-Piece Cookware Set,Home & Kitchen,2024-07-15,46.0,46.4,32.1,60.6,Train
SKU-016,Commercial Grade 14-Piece Cookware Set,Home & Kitchen,2024-07-22,49.0,45.3,31.1,59.5,Train
SKU-016,Commercial Grade 14-Piece Cookware Set,Home & Kitchen,2024-07-29,51.0,44.3,30.1,58.6,Train
SKU-016,Commercial Grade 14-Piece Cookware Set,Home & Kitchen,2024-08-05,64.0,43.7,29.5,57.9,Train
SKU-016,Commercial Grade 14-Piece Cookware Set,Home & Kitchen,2024-08-12,45.0,43.3,29.1,57.5,Train
SKU-016,Commercial Grade 14-Piece Cookware Set,Home & Kitchen,2024-08-19,40.0,43.3,29.1,57.5,Train
SKU-016,Commercial Grade 14-Piece Cookware Set,Home & Kitchen,2024-08-26,32.0,43.7,29.5,58.0,Train
SKU-016,Commercial Grade 14-Piece Cookware Set,Home & Kitchen,2024-09-02,56.0,44.6,30.4,58.8,Train
SKU-016,Commercial Grade 14-Piece Cookware Set,Home & Kitchen,2024-09-09,55.0,46.0,31.8,60.2,Train
SKU-016,Commercial Grade 14-Piece Cookware Set,Home & Kitchen,2024-09-16,42.0,47.7,33.5,61.9,Train
SKU-016,Commercial Grade 14-Piece Cookware Set,Home & Kitchen,2024-09-23,45.0,49.8,35.6,64.0,Train
SKU-016,Commercial Grade 14-Piece Cookware Set,Home & Kitchen,2024-09-30,40.0,52.2,38.0,66.4,Train
SKU-016,Commercial Grade 14-Piece Cookware Set,Home & Kitchen,2024-10-07,44.0,54.8,40.6,69.1,Test
SKU-016,Commercial Grade 14-Piece Cookware Set,Home & Kitchen,2024-10-14,44.0,57.5,43.3,71.8,Test
SKU-016,Commercial Grade 14-Piece Cookware Set,Home & Kitchen,2024-10-21,51.0,60.2,46.0,74.4,Test
SKU-016,Commercial Grade 14-Piece Cookware Set,Home & Kitchen,2024-10-28,32.0,62.8,48.6,77.0,Test
SKU-016,Commercial Grade 14-Piece Cookware Set,Home & Kitchen,2024-11-04,77.0,65.1,50.9,79.3,Test
SKU-016,Commercial Grade 14-Piece Cookware Set,Home & Kitchen,2024-11-11,72.0,67.0,52.8,81.2,Test
SKU-016,Commercial Grade 14-Piece Cookware Set,Home & Kitchen,2024-11-18,83.0,68.5,54.3,82.7,Test
SKU-016,Commercial Grade 14-Piece Cookware Set,Home & Kitchen,2024-11-25,81.0,69.6,55.4,83.8,Test
SKU-016,Commercial Grade 14-Piece Cookware Set,Home & Kitchen,2024-12-02,91.0,70.1,55.8,84.3,Test
SKU-016,Commercial Grade 14-Piece Cookware Set,Home & Kitchen,2024-12-09,76.0,70.0,55.8,84.2,Test
SKU-016,Commercial Grade 14-Piece Cookware Set,Home & Kitchen,2024-12-16,71.0,69.4,55.2,83.6,Test
SKU-016,Commercial Grade 14-Piece Cookware Set,Home & Kitchen,2024-12-23,65.0,68.3,54.1,82.5,Test
SKU-016,Commercial Grade 14-Piece Cookware Set,Home & Kitchen,2024-12-30,,66.7,52.5,81.0,Forecast
SKU-016,Commercial Grade 14-Piece Cookware Set,Home & Kitchen,2025-01-06,,64.8,50.6,79.0,Forecast
SKU-016,Commercial Grade 14-Piece Cookware Set,Home & Kitchen,2025-01-13,,62.7,48.5,76.9,Forecast
SKU-016,Commercial Grade 14-Piece Cookware Set,Home & Kitchen,2025-01-20,,60.3,46.1,74.5,Forecast
SKU-016,Commercial Grade 14-Piece Cookware Set,Home & Kitchen,2025-01-27,,58.0,43.8,72.2,Forecast
SKU-016,Commercial Grade 14-Piece Cookware Set,Home & Kitchen,2025-02-03,,55.7,41.4,69.9,Forecast
SKU-016,Commercial Grade 14-Piece Cookware Set,Home & Kitchen,2025-02-10,,53.5,39.3,67.7,Forecast
SKU-016,Commercial Grade 14-Piece Cookware Set,Home & Kitchen,2025-02-17,,51.6,37.4,65.8,Forecast
SKU-016,Commercial Grade 14-Piece Cookware Set,Home & Kitchen,2025-02-24,,50.1,35.9,64.3,Forecast
SKU-016,Commercial Grade 14-Piece Cookware Set,Home & Kitchen,2025-03-03,,48.9,34.7,63.1,Forecast
SKU-016,Commercial Grade 14-Piece Cookware Set,Home & Kitchen,2025-03-10,,48.1,33.9,62.3,Forecast
SKU-016,Commercial Grade 14-Piece Cookware Set,Home & Kitchen,2025-03-17,,47.8,33.6,62.0,Forecast
SKU-016,Commercial Grade 14-Piece Cookware Set,Home & Kitchen,2025-03-24,,47.8,33.6,62.0,Forecast
SKU-018,Merino Wool Thermal Base Layer Top,Apparel & Footwear,2023-01-02,256.0,241.3,209.7,272.9,Train
SKU-018,Merino Wool Thermal Base Layer Top,Apparel & Footwear,2023-01-09,230.0,239.4,207.8,271.0,Train
SKU-018,Merino Wool Thermal Base Layer Top,Apparel & Footwear,2023-01-16,231.0,235.8,204.2,267.5,Train
SKU-018,Merino Wool Thermal Base Layer Top,Apparel & Footwear,2023-01-23,228.0,230.8,199.2,262.5,Train
SKU-018,Merino Wool Thermal Base Layer Top,Apparel & Footwear,2023-01-30,212.0,224.6,193.0,256.2,Train
SKU-018,Merino Wool Thermal Base Layer Top,Apparel & Footwear,2023-02-06,224.0,217.3,185.7,248.9,Train
SKU-018,Merino Wool Thermal Base Layer Top,Apparel & Footwear,2023-02-13,228.0,209.2,177.6,240.8,Train
SKU-018,Merino Wool Thermal Base Layer Top,Apparel & Footwear,2023-02-20,240.0,200.5,168.9,232.1,Train
SKU-018,Merino Wool Thermal Base Layer Top,Apparel & Footwear,2023-02-27,250.0,191.6,160.0,223.2,Train
SKU-018,Merino Wool Thermal Base Layer Top,Apparel & Footwear,2023-03-06,108.0,182.6,151.0,214.2,Train
SKU-018,Merino Wool Thermal Base Layer Top,Apparel & Footwear,2023-03-13,154.0,173.8,142.2,205.4,Train
SKU-018,Merino Wool Thermal Base Layer Top,Apparel & Footwear,2023-03-20,140.0,165.3,133.7,196.9,Train
SKU-018,Merino Wool Thermal Base Layer Top,Apparel & Footwear,2023-03-27,158.0,157.3,125.7,188.9,Train
SKU-018,Merino Wool Thermal Base Layer Top,Apparel & Footwear,2023-04-03,127.0,149.8,118.2,181.5,Train
SKU-018,Merino Wool Thermal Base Layer Top,Apparel & Footwear,2023-04-10,139.0,143.0,111.4,174.7,Train
SKU-018,Merino Wool Thermal Base Layer Top,Apparel & Footwear,2023-04-17,120.0,136.9,105.3,168.5,Train
SKU-018,Merino Wool Thermal Base Layer Top,Apparel & Footwear,2023-04-24,115.0,131.4,99.8,163.0,Train
SKU-018,Merino Wool Thermal Base Layer Top,Apparel & Footwear,2023-05-01,136.0,126.5,94.9,158.1,Train
SKU-018,Merino Wool Thermal Base Layer Top,Apparel & Footwear,2023-05-08,169.0,122.2,90.6,153.8,Train
SKU-018,Merino Wool Thermal Base Layer Top,Apparel & Footwear,2023-05-15,147.0,118.3,86.7,149.9,Train
SKU-018,Merino Wool Thermal Base Layer Top,Apparel & Footwear,2023-05-22,113.0,114.8,83.2,146.4,Train
SKU-018,Merino Wool Thermal Base Layer Top,Apparel & Footwear,2023-05-29,138.0,111.6,80.0,143.2,Train
SKU-018,Merino Wool Thermal Base Layer Top,Apparel & Footwear,2023-06-05,84.0,108.7,77.1,140.3,Train
SKU-018,Merino Wool Thermal Base Layer Top,Apparel & Footwear,2023-06-12,118.0,106.0,74.4,137.6,Train
SKU-018,Merino Wool Thermal Base Layer Top,Apparel & Footwear,2023-06-19,96.0,103.5,71.9,135.1,Train
SKU-018,Merino Wool Thermal Base Layer Top,Apparel & Footwear,2023-06-26,99.0,101.2,69.6,132.8,Train
SKU-018,Merino Wool Thermal Base Layer Top,Apparel & Footwear,2023-07-03,84.0,99.2,67.6,130.8,Train
SKU-018,Merino Wool Thermal Base Layer Top,Apparel & Footwear,2023-07-10,83.0,97.6,66.0,129.2,Train
SKU-018,Merino Wool Thermal Base Layer Top,Apparel & Footwear,2023-07-17,89.0,96.4,64.8,128.0,Train
SKU-018,Merino Wool Thermal Base Layer Top,Apparel & Footwear,2023-07-24,92.0,95.8,64.2,127.4,Train
SKU-018,Merino Wool Thermal Base Layer Top,Apparel & Footwear,2023-07-31,83.0,95.9,64.3,127.5,Train
SKU-018,Merino Wool Thermal Base Layer Top,Apparel & Footwear,2023-08-07,93.0,96.9,65.3,128.5,Train
SKU-018,Merino Wool Thermal Base Layer Top,Apparel & Footwear,2023-08-14,83.0,98.8,67.2,130.5,Train
SKU-018,Merino Wool Thermal Base Layer Top,Apparel & Footwear,2023-08-21,101.0,101.9,70.3,133.5,Train
SKU-018,Merino Wool Thermal Base Layer Top,Apparel & Footwear,2023-08-28,96.0,106.1,74.4,137.7,Train
SKU-018,Merino Wool Thermal Base Layer Top,Apparel & Footwear,2023-09-04,137.0,111.5,79.8,143.1,Train
SKU-018,Merino Wool Thermal Base Layer Top,Apparel & Footwear,2023-09-11,162.0,118.1,86.4,149.7,Train
SKU-018,Merino Wool Thermal Base Layer Top,Apparel & Footwear,2023-09-18,150.0,125.8,94.2,157.4,Train
SKU-018,Merino Wool Thermal Base Layer Top,Apparel & Footwear,2023-09-25,122.0,134.7,103.0,166.3,Train
SKU-018,Merino Wool Thermal Base Layer Top,Apparel & Footwear,2023-10-02,143.0,144.4,112.8,176.0,Train
SKU-018,Merino Wool Thermal Base Layer Top,Apparel & Footwear,2023-10-09,135.0,154.9,123.3,186.5,Train
SKU-018,Merino Wool Thermal Base Layer Top,Apparel & Footwear,2023-10-16,136.0,165.9,134.3,197.5,Train
SKU-018,Merino Wool Thermal Base Layer Top,Apparel & Footwear,2023-10-23,138.0,177.1,145.5,208.7,Train
SKU-018,Merino Wool Thermal Base Layer Top,Apparel & Footwear,2023-10-30,148.0,188.3,156.7,219.9,Train
SKU-018,Merino Wool Thermal Base Layer Top,Apparel & Footwear,2023-11-06,240.0,199.2,167.5,230.8,Train
SKU-018,Merino Wool Thermal Base Layer Top,Apparel & Footwear,2023-11-13,235.0,209.3,177.7,241.0,Train
SKU-018,Merino Wool Thermal Base Layer Top,Apparel & Footwear,2023-11-20,226.0,218.6,187.0,250.2,Train
SKU-018,Merino Wool Thermal Base Layer Top,Apparel & Footwear,2023-11-27,249.0,226.7,195.1,258.3,Train
SKU-018,Merino Wool Thermal Base Layer Top,Apparel & Footwear,2023-12-04,261.0,233.4,201.8,265.0,Train
SKU-018,Merino Wool Thermal Base Layer Top,Apparel & Footwear,2023-12-11,225.0,238.4,206.8,270.1,Train
SKU-018,Merino Wool Thermal Base Layer Top,Apparel & Footwear,2023-12-18,261.0,241.8,210.2,273.4,Train
SKU-018,Merino Wool Thermal Base Layer Top,Apparel & Footwear,2023-12-25,237.0,243.4,211.8,275.0,Train
SKU-018,Merino Wool Thermal Base Layer Top,Apparel & Footwear,2024-01-01,231.0,243.2,211.6,274.9,Train
SKU-018,Merino Wool Thermal Base Layer Top,Apparel & Footwear,2024-01-08,226.0,241.3,209.7,273.0,Train
SKU-018,Merino Wool Thermal Base Layer Top,Apparel & Footwear,2024-01-15,202.0,237.8,206.2,269.4,Train
SKU-018,Merino Wool Thermal Base Layer Top,Apparel & Footwear,2024-01-22,242.0,232.8,201.2,264.4,Train
SKU-018,Merino Wool Thermal Base Layer Top,Apparel & Footwear,2024-01-29,236.0,226.6,194.9,258.2,Train
SKU-018,Merino Wool Thermal Base Layer Top,Apparel & Footwear,2024-02-05,242.0,219.2,187.6,250.9,Train
SKU-018,Merino Wool Thermal Base Layer Top,Apparel & Footwear,2024-02-12,238.0,211.1,179.5,242.8,Train
SKU-018,Merino Wool Thermal Base Layer Top,Apparel & Footwear,2024-02-19,211.0,202.5,170.9,234.1,Train
SKU-018,Merino Wool Thermal Base Layer Top,Apparel & Footwear,2024-02-26,269.0,193.6,162.0,225.2,Train
SKU-018,Merino Wool Thermal Base Layer Top,Apparel & Footwear,2024-03-04,138.0,184.6,153.0,216.2,Train
SKU-018,Merino Wool Thermal Base Layer Top,Apparel & Footwear,2024-03-11,154.0,175.8,144.1,207.4,Train
SKU-018,Merino Wool Thermal Base Layer Top,Apparel & Footwear,2024-03-18,131.0,167.3,135.6,198.9,Train
SKU-018,Merino Wool Thermal Base Layer Top,Apparel & Footwear,2024-03-25,138.0,159.2,127.6,190.9,Train
SKU-018,Merino Wool Thermal Base Layer Top,Apparel & Footwear,2024-04-01,152.0,151.8,120.2,183.4,Train
SKU-018,Merino Wool Thermal Base Layer Top,Apparel & Footwear,2024-04-08,136.0,145.0,113.4,176.6,Train
SKU-018,Merino Wool Thermal Base Layer Top,Apparel & Footwear,2024-04-15,131.0,138.9,107.3,170.5,Train
SKU-018,Merino Wool Thermal Base Layer Top,Apparel & Footwear,2024-04-22,173.0,133.4,101.8,165.0,Train
SKU-018,Merino Wool Thermal Base Layer Top,Apparel & Footwear,2024-04-29,136.0,128.5,96.9,160.1,Train
SKU-018,Merino Wool Thermal Base Layer Top,Apparel & Footwear,2024-05-06,129.0,124.2,92.5,155.8,Train
SKU-018,Merino Wool Thermal Base Layer Top,Apparel & Footwear,2024-05-13,139.0,120.3,88.7,151.9,Train
SKU-018,Merino Wool Thermal Base Layer Top,Apparel & Footwear,2024-05-20,146.0,116.8,85.2,148.4,Train
SKU-018,Merino Wool Thermal Base Layer Top,Apparel & Footwear,2024-05-27,123.0,113.6,82.0,145.2,Train
SKU-018,Merino Wool Thermal Base Layer Top,Apparel & Footwear,2024-06-03,85.0,110.7,79.1,142.3,Train
SKU-018,Merino Wool Thermal Base Layer Top,Apparel & Footwear,2024-06-10,85.0,108.0,76.3,139.6,Train
SKU-018,Merino Wool Thermal Base Layer Top,Apparel & Footwear,2024-06-17,107.0,105.5,73.8,137.1,Train
SKU-018,Merino Wool Thermal Base Layer Top,Apparel & Footwear,2024-06-24,92.0,103.2,71.6,134.8,Train
SKU-018,Merino Wool Thermal Base Layer Top,Apparel & Footwear,2024-07-01,119.0,101.2,69.6,132.8,Train
SKU-018,Merino Wool Thermal Base Layer Top,Apparel & Footwear,2024-07-08,101.0,99.6,67.9,131.2,Train
SKU-018,Merino Wool Thermal Base Layer Top,Apparel & Footwear,2024-07-15,92.0,98.4,66.8,130.0,Train
SKU-018,Merino Wool Thermal Base Layer Top,Apparel & Footwear,2024-07-22,74.0,97.8,66.2,129.4,Train
SKU-018,Merino Wool Thermal Base Layer Top,Apparel & Footwear,2024-07-29,106.0,97.9,66.3,129.5,Train
SKU-018,Merino Wool Thermal Base Layer Top,Apparel & Footwear,2024-08-05,105.0,98.9,67.3,130.5,Train
SKU-018,Merino Wool Thermal Base Layer Top,Apparel & Footwear,2024-08-12,77.0,100.8,69.2,132.4,Train
SKU-018,Merino Wool Thermal Base Layer Top,Apparel & Footwear,2024-08-19,92.0,103.8,72.2,135.5,Train
SKU-018,Merino Wool Thermal Base Layer Top,Apparel & Footwear,2024-08-26,102.0,108.0,76.4,139.6,Train
SKU-018,Merino Wool Thermal Base Layer Top,Apparel & Footwear,2024-09-02,180.0,113.4,81.8,145.0,Train
SKU-018,Merino Wool Thermal Base Layer Top,Apparel & Footwear,2024-09-09,147.0,120.0,88.4,151.6,Train
SKU-018,Merino Wool Thermal Base Layer Top,Apparel & Footwear,2024-09-16,133.0,127.8,96.2,159.4,Train
SKU-018,Merino Wool Thermal Base Layer Top,Apparel & Footwear,2024-09-23,166.0,136.6,105.0,168.2,Train
SKU-018,Merino Wool Thermal Base Layer Top,Apparel & Footwear,2024-09-30,150.0,146.4,114.8,178.0,Train
SKU-018,Merino Wool Thermal Base Layer Top,Apparel & Footwear,2024-10-07,141.0,156.9,125.3,188.5,Test
SKU-018,Merino Wool Thermal Base Layer Top,Apparel & Footwear,2024-10-14,139.0,167.9,136.3,199.5,Test
SKU-018,Merino Wool Thermal Base Layer Top,Apparel & Footwear,2024-10-21,162.0,179.1,147.5,210.7,Test
SKU-018,Merino Wool Thermal Base Layer Top,Apparel & Footwear,2024-10-28,152.0,190.3,158.7,221.9,Test
SKU-018,Merino Wool Thermal Base Layer Top,Apparel & Footwear,2024-11-04,242.0,201.1,169.5,232.7,Test
SKU-018,Merino Wool Thermal Base Layer Top,Apparel & Footwear,2024-11-11,209.0,211.3,179.7,242.9,Test
SKU-018,Merino Wool Thermal Base Layer Top,Apparel & Footwear,2024-11-18,239.0,220.6,189.0,252.2,Test
SKU-018,Merino Wool Thermal Base Layer Top,Apparel & Footwear,2024-11-25,193.0,228.7,197.1,260.3,Test
SKU-018,Merino Wool Thermal Base Layer Top,Apparel & Footwear,2024-12-02,222.0,235.3,203.7,266.9,Test
SKU-018,Merino Wool Thermal Base Layer Top,Apparel & Footwear,2024-12-09,252.0,240.4,208.8,272.0,Test
SKU-018,Merino Wool Thermal Base Layer Top,Apparel & Footwear,2024-12-16,245.0,243.8,212.2,275.4,Test
SKU-018,Merino Wool Thermal Base Layer Top,Apparel & Footwear,2024-12-23,229.0,245.4,213.8,277.0,Test
SKU-018,Merino Wool Thermal Base Layer Top,Apparel & Footwear,2024-12-30,,245.2,213.6,276.8,Forecast
SKU-018,Merino Wool Thermal Base Layer Top,Apparel & Footwear,2025-01-06,,243.3,211.7,274.9,Forecast
SKU-018,Merino Wool Thermal Base Layer Top,Apparel & Footwear,2025-01-13,,239.8,208.2,271.4,Forecast
SKU-018,Merino Wool Thermal Base Layer Top,Apparel & Footwear,2025-01-20,,234.8,203.2,266.4,Forecast
SKU-018,Merino Wool Thermal Base Layer Top,Apparel & Footwear,2025-01-27,,228.5,196.9,260.1,Forecast
SKU-018,Merino Wool Thermal Base Layer Top,Apparel & Footwear,2025-02-03,,221.2,189.6,252.8,Forecast
SKU-018,Merino Wool Thermal Base Layer Top,Apparel & Footwear,2025-02-10,,213.1,181.5,244.7,Forecast
SKU-018,Merino Wool Thermal Base Layer Top,Apparel & Footwear,2025-02-17,,204.5,172.9,236.1,Forecast
SKU-018,Merino Wool Thermal Base Layer Top,Apparel & Footwear,2025-02-24,,195.5,163.9,227.2,Forecast
SKU-018,Merino Wool Thermal Base Layer Top,Apparel & Footwear,2025-03-03,,186.6,154.9,218.2,Forecast
SKU-018,Merino Wool Thermal Base Layer Top,Apparel & Footwear,2025-03-10,,177.7,146.1,209.3,Forecast
SKU-018,Merino Wool Thermal Base Layer Top,Apparel & Footwear,2025-03-17,,169.2,137.6,200.8,Forecast
SKU-018,Merino Wool Thermal Base Layer Top,Apparel & Footwear,2025-03-24,,161.2,129.6,192.8,Forecast
SKU-014,Heavy-Duty Dual Monitor Desk Mount,Office & Productivity,2023-01-02,98.0,103.6,85.5,121.8,Train
SKU-014,Heavy-Duty Dual Monitor Desk Mount,Office & Productivity,2023-01-09,123.0,104.1,86.0,122.3,Train
SKU-014,Heavy-Duty Dual Monitor Desk Mount,Office & Productivity,2023-01-16,96.0,104.6,86.5,122.8,Train
SKU-014,Heavy-Duty Dual Monitor Desk Mount,Office & Productivity,2023-01-23,88.0,105.1,87.0,123.2,Train
SKU-014,Heavy-Duty Dual Monitor Desk Mount,Office & Productivity,2023-01-30,100.0,105.5,87.4,123.7,Train
SKU-014,Heavy-Duty Dual Monitor Desk Mount,Office & Productivity,2023-02-06,125.0,105.9,87.8,124.0,Train
SKU-014,Heavy-Duty Dual Monitor Desk Mount,Office & Productivity,2023-02-13,101.0,106.1,88.0,124.3,Train
SKU-014,Heavy-Duty Dual Monitor Desk Mount,Office & Productivity,2023-02-20,98.0,106.2,88.1,124.4,Train
SKU-014,Heavy-Duty Dual Monitor Desk Mount,Office & Productivity,2023-02-27,120.0,106.2,88.1,124.3,Train
SKU-014,Heavy-Duty Dual Monitor Desk Mount,Office & Productivity,2023-03-06,104.0,106.0,87.9,124.2,Train
SKU-014,Heavy-Duty Dual Monitor Desk Mount,Office & Productivity,2023-03-13,94.0,105.7,87.6,123.8,Train
SKU-014,Heavy-Duty Dual Monitor Desk Mount,Office & Productivity,2023-03-20,110.0,105.3,87.1,123.4,Train
SKU-014,Heavy-Duty Dual Monitor Desk Mount,Office & Productivity,2023-03-27,112.0,104.7,86.6,122.8,Train
SKU-014,Heavy-Duty Dual Monitor Desk Mount,Office & Productivity,2023-04-03,118.0,104.1,85.9,122.2,Train
SKU-014,Heavy-Duty Dual Monitor Desk Mount,Office & Productivity,2023-04-10,112.0,103.4,85.2,121.5,Train
SKU-014,Heavy-Duty Dual Monitor Desk Mount,Office & Productivity,2023-04-17,81.0,102.7,84.5,120.8,Train
SKU-014,Heavy-Duty Dual Monitor Desk Mount,Office & Productivity,2023-04-24,73.0,102.0,83.8,120.1,Train
SKU-014,Heavy-Duty Dual Monitor Desk Mount,Office & Productivity,2023-05-01,112.0,101.3,83.2,119.5,Train
SKU-014,Heavy-Duty Dual Monitor Desk Mount,Office & Productivity,2023-05-08,106.0,100.8,82.7,119.0,Train
SKU-014,Heavy-Duty Dual Monitor Desk Mount,Office & Productivity,2023-05-15,124.0,100.4,82.3,118.6,Train
SKU-014,Heavy-Duty Dual Monitor Desk Mount,Office & Productivity,2023-05-22,92.0,100.2,82.1,118.3,Train
SKU-014,Heavy-Duty Dual Monitor Desk Mount,Office & Productivity,2023-05-29,128.0,100.1,82.0,118.3,Train
SKU-014,Heavy-Duty Dual Monitor Desk Mount,Office & Productivity,2023-06-05,86.0,100.3,82.1,118.4,Train
SKU-014,Heavy-Duty Dual Monitor Desk Mount,Office & Productivity,2023-06-12,87.0,100.6,82.4,118.7,Train
SKU-014,Heavy-Duty Dual Monitor Desk Mount,Office & Productivity,2023-06-19,110.0,101.1,82.9,119.2,Train
SKU-014,Heavy-Duty Dual Monitor Desk Mount,Office & Productivity,2023-06-26,96.0,101.7,83.6,119.8,Train
SKU-014,Heavy-Duty Dual Monitor Desk Mount,Office & Productivity,2023-07-03,111.0,102.5,84.3,120.6,Train
SKU-014,Heavy-Duty Dual Monitor Desk Mount,Office & Productivity,2023-07-10,70.0,103.3,85.2,121.5,Train
SKU-014,Heavy-Duty Dual Monitor Desk Mount,Office & Productivity,2023-07-17,70.0,104.3,86.2,122.4,Train
SKU-014,Heavy-Duty Dual Monitor Desk Mount,Office & Productivity,2023-07-24,128.0,105.2,87.1,123.4,Train
SKU-014,Heavy-Duty Dual Monitor Desk Mount,Office & Productivity,2023-07-31,96.0,106.2,88.1,124.3,Train
SKU-014,Heavy-Duty Dual Monitor Desk Mount,Office & Productivity,2023-08-07,141.0,107.1,89.0,125.2,Train
SKU-014,Heavy-Duty Dual Monitor Desk Mount,Office & Productivity,2023-08-14,132.0,107.9,89.8,126.0,Train
SKU-014,Heavy-Duty Dual Monitor Desk Mount,Office & Productivity,2023-08-21,109.0,108.6,90.5,126.7,Train
SKU-014,Heavy-Duty Dual Monitor Desk Mount,Office & Productivity,2023-08-28,91.0,109.1,91.0,127.3,Train
SKU-014,Heavy-Duty Dual Monitor Desk Mount,Office & Productivity,2023-09-04,95.0,109.5,91.4,127.7,Train
SKU-014,Heavy-Duty Dual Monitor Desk Mount,Office & Productivity,2023-09-11,104.0,109.8,91.7,127.9,Train
SKU-014,Heavy-Duty Dual Monitor Desk Mount,Office & Productivity,2023-09-18,124.0,109.9,91.8,128.0,Train
SKU-014,Heavy-Duty Dual Monitor Desk Mount,Office & Productivity,2023-09-25,107.0,109.8,91.7,128.0,Train
SKU-014,Heavy-Duty Dual Monitor Desk Mount,Office & Productivity,2023-10-02,114.0,109.7,91.5,127.8,Train
SKU-014,Heavy-Duty Dual Monitor Desk Mount,Office & Productivity,2023-10-09,110.0,109.4,91.3,127.6,Train
SKU-014,Heavy-Duty Dual Monitor Desk Mount,Office & Productivity,2023-10-16,98.0,109.1,91.0,127.2,Train
SKU-014,Heavy-Duty Dual Monitor Desk Mount,Office & Productivity,2023-10-23,109.0,108.8,90.6,126.9,Train
SKU-014,Heavy-Duty Dual Monitor Desk Mount,Office & Productivity,2023-10-30,108.0,108.4,90.3,126.5,Train
SKU-014,Heavy-Duty Dual Monitor Desk Mount,Office & Productivity,2023-11-06,100.0,108.1,90.0,126.2,Train
SKU-014,Heavy-Duty Dual Monitor Desk Mount,Office & Productivity,2023-11-13,113.0,107.8,89.7,126.0,Train
SKU-014,Heavy-Duty Dual Monitor Desk Mount,Office & Productivity,2023-11-20,126.0,107.7,89.6,125.8,Train
SKU-014,Heavy-Duty Dual Monitor Desk Mount,Office & Productivity,2023-11-27,114.0,107.6,89.5,125.8,Train
SKU-014,Heavy-Duty Dual Monitor Desk Mount,Office & Productivity,2023-12-04,102.0,107.7,89.6,125.8,Train
SKU-014,Heavy-Duty Dual Monitor Desk Mount,Office & Productivity,2023-12-11,101.0,107.9,89.7,126.0,Train
SKU-014,Heavy-Duty Dual Monitor Desk Mount,Office & Productivity,2023-12-18,99.0,108.1,90.0,126.3,Train
SKU-014,Heavy-Duty Dual Monitor Desk Mount,Office & Productivity,2023-12-25,110.0,108.5,90.4,126.6,Train
SKU-014,Heavy-Duty Dual Monitor Desk Mount,Office & Productivity,2024-01-01,107.0,109.0,90.8,127.1,Train
SKU-014,Heavy-Duty Dual Monitor Desk Mount,Office & Productivity,2024-01-08,109.0,109.4,91.3,127.6,Train
SKU-014,Heavy-Duty Dual Monitor Desk Mount,Office & Productivity,2024-01-15,116.0,109.9,91.8,128.1,Train
SKU-014,Heavy-Duty Dual Monitor Desk Mount,Office & Productivity,2024-01-22,134.0,110.4,92.3,128.6,Train
SKU-014,Heavy-Duty Dual Monitor Desk Mount,Office & Productivity,2024-01-29,133.0,110.9,92.7,129.0,Train
SKU-014,Heavy-Duty Dual Monitor Desk Mount,Office & Productivity,2024-02-05,110.0,111.2,93.1,129.3,Train
SKU-014,Heavy-Duty Dual Monitor Desk Mount,Office & Productivity,2024-02-12,104.0,111.4,93.3,129.6,Train
SKU-014,Heavy-Duty Dual Monitor Desk Mount,Office & Productivity,2024-02-19,111.0,111.6,93.4,129.7,Train
SKU-014,Heavy-Duty Dual Monitor Desk Mount,Office & Productivity,2024-02-26,82.0,111.5,93.4,129.7,Train
SKU-014,Heavy-Duty Dual Monitor Desk Mount,Office & Productivity,2024-03-04,129.0,111.3,93.2,129.5,Train
SKU-014,Heavy-Duty Dual Monitor Desk Mount,Office & Productivity,2024-03-11,93.0,111.0,92.9,129.2,Train
SKU-014,Heavy-Duty Dual Monitor Desk Mount,Office & Productivity,2024-03-18,107.0,110.6,92.4,128.7,Train
SKU-014,Heavy-Duty Dual Monitor Desk Mount,Office & Productivity,2024-03-25,108.0,110.0,91.9,128.1,Train
SKU-014,Heavy-Duty Dual Monitor Desk Mount,Office & Productivity,2024-04-01,98.0,109.4,91.2,127.5,Train
SKU-014,Heavy-Duty Dual Monitor Desk Mount,Office & Productivity,2024-04-08,96.0,108.7,90.5,126.8,Train
SKU-014,Heavy-Duty Dual Monitor Desk Mount,Office & Productivity,2024-04-15,126.0,108.0,89.8,126.1,Train
SKU-014,Heavy-Duty Dual Monitor Desk Mount,Office & Productivity,2024-04-22,120.0,107.3,89.1,125.4,Train
SKU-014,Heavy-Duty Dual Monitor Desk Mount,Office & Productivity,2024-04-29,118.0,106.7,88.5,124.8,Train
SKU-014,Heavy-Duty Dual Monitor Desk Mount,Office & Productivity,2024-05-06,110.0,106.1,88.0,124.3,Train
SKU-014,Heavy-Duty Dual Monitor Desk Mount,Office & Productivity,2024-05-13,89.0,105.7,87.6,123.9,Train
SKU-014,Heavy-Duty Dual Monitor Desk Mount,Office & Productivity,2024-05-20,96.0,105.5,87.4,123.6,Train
SKU-014,Heavy-Duty Dual Monitor Desk Mount,Office & Productivity,2024-05-27,125.0,105.5,87.3,123.6,Train
SKU-014,Heavy-Duty Dual Monitor Desk Mount,Office & Productivity,2024-06-03,118.0,105.6,87.4,123.7,Train
SKU-014,Heavy-Duty Dual Monitor Desk Mount,Office & Productivity,2024-06-10,104.0,105.9,87.8,124.0,Train
SKU-014,Heavy-Duty Dual Monitor Desk Mount,Office & Productivity,2024-06-17,97.0,106.4,88.2,124.5,Train
SKU-014,Heavy-Duty Dual Monitor Desk Mount,Office & Productivity,2024-06-24,114.0,107.0,88.9,125.1,Train
SKU-014,Heavy-Duty Dual Monitor Desk Mount,Office & Productivity,2024-07-01,95.0,107.8,89.7,125.9,Train
SKU-014,Heavy-Duty Dual Monitor Desk Mount,Office & Productivity,2024-07-08,109.0,108.7,90.5,126.8,Train
SKU-014,Heavy-Duty Dual Monitor Desk Mount,Office & Productivity,2024-07-15,124.0,109.6,91.5,127.7,Train
SKU-014,Heavy-Duty Dual Monitor Desk Mount,Office & Productivity,2024-07-22,93.0,110.6,92.4,128.7,Train
SKU-014,Heavy-Duty Dual Monitor Desk Mount,Office & Productivity,2024-07-29,112.0,111.5,93.4,129.6,Train
SKU-014,Heavy-Duty Dual Monitor Desk Mount,Office & Productivity,2024-08-05,116.0,112.4,94.3,130.5,Train
SKU-014,Heavy-Duty Dual Monitor Desk Mount,Office & Productivity,2024-08-12,104.0,113.2,95.1,131.3,Train
SKU-014,Heavy-Duty Dual Monitor Desk Mount,Office & Productivity,2024-08-19,98.0,113.9,95.8,132.0,Train
SKU-014,Heavy-Duty Dual Monitor Desk Mount,Office & Productivity,2024-08-26,132.0,114.4,96.3,132.6,Train
SKU-014,Heavy-Duty Dual Monitor Desk Mount,Office & Productivity,2024-09-02,126.0,114.8,96.7,133.0,Train
SKU-014,Heavy-Duty Dual Monitor Desk Mount,Office & Productivity,2024-09-09,125.0,115.1,97.0,133.2,Train
SKU-014,Heavy-Duty Dual Monitor Desk Mount,Office & Productivity,2024-09-16,143.0,115.2,97.1,133.3,Train
SKU-014,Heavy-Duty Dual Monitor Desk Mount,Office & Productivity,2024-09-23,97.0,115.2,97.0,133.3,Train
SKU-014,Heavy-Duty Dual Monitor Desk Mount,Office & Productivity,2024-09-30,128.0,115.0,96.9,133.1,Train
SKU-014,Heavy-Duty Dual Monitor Desk Mount,Office & Productivity,2024-10-07,108.0,114.7,96.6,132.9,Test
SKU-014,Heavy-Duty Dual Monitor Desk Mount,Office & Productivity,2024-10-14,90.0,114.4,96.3,132.5,Test
SKU-014,Heavy-Duty Dual Monitor Desk Mount,Office & Productivity,2024-10-21,98.0,114.1,95.9,132.2,Test
SKU-014,Heavy-Duty Dual Monitor Desk Mount,Office & Productivity,2024-10-28,132.0,113.7,95.6,131.8,Test
SKU-014,Heavy-Duty Dual Monitor Desk Mount,Office & Productivity,2024-11-04,118.0,113.4,95.3,131.5,Test
SKU-014,Heavy-Duty Dual Monitor Desk Mount,Office & Productivity,2024-11-11,101.0,113.2,95.0,131.3,Test
SKU-014,Heavy-Duty Dual Monitor Desk Mount,Office & Productivity,2024-11-18,108.0,113.0,94.9,131.1,Test
SKU-014,Heavy-Duty Dual Monitor Desk Mount,Office & Productivity,2024-11-25,107.0,112.9,94.8,131.1,Test
SKU-014,Heavy-Duty Dual Monitor Desk Mount,Office & Productivity,2024-12-02,130.0,113.0,94.9,131.1,Test
SKU-014,Heavy-Duty Dual Monitor Desk Mount,Office & Productivity,2024-12-09,112.0,113.2,95.0,131.3,Test
SKU-014,Heavy-Duty Dual Monitor Desk Mount,Office & Productivity,2024-12-16,116.0,113.4,95.3,131.6,Test
SKU-014,Heavy-Duty Dual Monitor Desk Mount,Office & Productivity,2024-12-23,104.0,113.8,95.7,132.0,Test
SKU-014,Heavy-Duty Dual Monitor Desk Mount,Office & Productivity,2024-12-30,,114.3,96.1,132.4,Forecast
SKU-014,Heavy-Duty Dual Monitor Desk Mount,Office & Productivity,2025-01-06,,114.8,96.6,132.9,Forecast
SKU-014,Heavy-Duty Dual Monitor Desk Mount,Office & Productivity,2025-01-13,,115.3,97.1,133.4,Forecast
SKU-014,Heavy-Duty Dual Monitor Desk Mount,Office & Productivity,2025-01-20,,115.7,97.6,133.9,Forecast
SKU-014,Heavy-Duty Dual Monitor Desk Mount,Office & Productivity,2025-01-27,,116.2,98.0,134.3,Forecast
SKU-014,Heavy-Duty Dual Monitor Desk Mount,Office & Productivity,2025-02-03,,116.5,98.4,134.6,Forecast
SKU-014,Heavy-Duty Dual Monitor Desk Mount,Office & Productivity,2025-02-10,,116.8,98.6,134.9,Forecast
SKU-014,Heavy-Duty Dual Monitor Desk Mount,Office & Productivity,2025-02-17,,116.9,98.7,135.0,Forecast
SKU-014,Heavy-Duty Dual Monitor Desk Mount,Office & Productivity,2025-02-24,,116.8,98.7,135.0,Forecast
SKU-014,Heavy-Duty Dual Monitor Desk Mount,Office & Productivity,2025-03-03,,116.7,98.5,134.8,Forecast
SKU-014,Heavy-Duty Dual Monitor Desk Mount,Office & Productivity,2025-03-10,,116.3,98.2,134.5,Forecast
SKU-014,Heavy-Duty Dual Monitor Desk Mount,Office & Productivity,2025-03-17,,115.9,97.8,134.0,Forecast
SKU-014,Heavy-Duty Dual Monitor Desk Mount,Office & Productivity,2025-03-24,,115.3,97.2,133.5,Forecast
